#
# There is insufficient memory for the Java Runtime Environment to continue.
# Native memory allocation (mmap) failed to map 4194304 bytes. Error detail: G1 virtual space
# Possible reasons:
#   The system is out of physical RAM or swap space
#   This process is running with CompressedOops enabled, and the Java Heap may be blocking the growth of the native heap
# Possible solutions:
#   Reduce memory load on the system
#   Increase physical memory or swap space
#   Check if swap backing store is full
#   Decrease Java heap size (-Xmx/-Xms)
#   Decrease number of Java threads
#   Decrease Java thread stack sizes (-Xss)
#   Set larger code cache with -XX:ReservedCodeCacheSize=
#   JVM is running with Zero Based Compressed Oops mode in which the Java heap is
#     placed in the first 32GB address space. The Java Heap base address is the
#     maximum limit for the native heap growth. Please use -XX:HeapBaseMinAddress
#     to set the Java Heap base and to place the Java Heap above 32GB virtual address.
# This output file may be truncated or incomplete.
#
#  Out of Memory Error (os_windows.cpp:3898), pid=29076, tid=32788
#
# JRE version: OpenJDK Runtime Environment (21.0.7) (build 21.0.7+-13880790-b1038.58)
# Java VM: OpenJDK 64-Bit Server VM (21.0.7+-13880790-b1038.58, mixed mode, tiered, compressed oops, compressed class ptrs, g1 gc, windows-amd64)
# No core dump will be written. Minidumps are not enabled by default on client versions of Windows
#

---------------  S U M M A R Y ------------

Command Line: --add-opens=java.base/java.lang=ALL-UNNAMED --add-opens=java.base/java.lang.invoke=ALL-UNNAMED --add-opens=java.base/java.util=ALL-UNNAMED --add-opens=java.prefs/java.util.prefs=ALL-UNNAMED --add-exports=jdk.compiler/com.sun.tools.javac.api=ALL-UNNAMED --add-exports=jdk.compiler/com.sun.tools.javac.util=ALL-UNNAMED --add-opens=java.base/java.util=ALL-UNNAMED --add-opens=java.prefs/java.util.prefs=ALL-UNNAMED --add-opens=java.base/java.nio.charset=ALL-UNNAMED --add-opens=java.base/java.net=ALL-UNNAMED --add-opens=java.base/java.util.concurrent.atomic=ALL-UNNAMED --add-opens=java.xml/javax.xml.namespace=ALL-UNNAMED -XX:MaxMetaspaceSize=4G -XX:ReservedCodeCacheSize=512m -XX:+HeapDumpOnOutOfMemoryError -Xmx8G -Dfile.encoding=UTF-8 -Duser.country=KR -Duser.language=ko -Duser.variant -javaagent:C:\Users\lumi\.gradle\wrapper\dists\gradle-8.12-all\ejduaidbjup3bmmkhw3rie4zb\gradle-8.12\lib\agents\gradle-instrumentation-agent-8.12.jar org.gradle.launcher.daemon.bootstrap.GradleDaemon 8.12

Host: AMD Ryzen 5 7600 6-Core Processor              , 12 cores, 31G,  Windows 11 , 64 bit Build 26100 (10.0.26100.8875)
Time: Tue Aug  4 02:41:34 2026  Windows 11 , 64 bit Build 26100 (10.0.26100.8875) elapsed time: 76.306775 seconds (0d 0h 1m 16s)

---------------  T H R E A D  ---------------

Current thread (0x00000191f9bbb6a0):  JavaThread "Unconstrained build operations Thread 74"        [_thread_in_vm, id=32788, stack(0x0000001022f00000,0x0000001023000000) (1024K)]

Stack: [0x0000001022f00000,0x0000001023000000]
Native frames: (J=compiled Java code, j=interpreted, Vv=VM code, C=native code)
V  [jvm.dll+0x6d25c9]
V  [jvm.dll+0x860923]
V  [jvm.dll+0x862e7e]
V  [jvm.dll+0x863563]
V  [jvm.dll+0x27f156]
V  [jvm.dll+0x6ceee5]
V  [jvm.dll+0x6c29aa]
V  [jvm.dll+0x355ebb]
V  [jvm.dll+0x35db16]
V  [jvm.dll+0x3af81b]
V  [jvm.dll+0x3afed4]
V  [jvm.dll+0x3afa26]
V  [jvm.dll+0x328994]
V  [jvm.dll+0x326b5f]
V  [jvm.dll+0x664200]
V  [jvm.dll+0x23ef92]
V  [jvm.dll+0x824f07]
V  [jvm.dll+0x72ef69]
C  0x000001918fe56e29

The last pc belongs to _new_array_nozero_Java (printed below).
Java frames: (J=compiled Java code, j=interpreted, Vv=VM code)
v  ~RuntimeStub::_new_array_nozero_Java 0x000001918fe56e29
J 2602 c2 java.util.Arrays.copyOf([BI)[B java.base@21.0.7 (33 bytes) @ 0x000001919040a94c [0x000001919040a6c0+0x000000000000028c]
J 21037 c2 com.android.tools.build.jetifier.processor.archive.Archive$Builder.extractFile(Ljava/util/zip/ZipInputStream;Ljava/nio/file/Path;Ljava/nio/file/attribute/FileTime;)Lcom/android/tools/build/jetifier/processor/archive/ArchiveFile; (39 bytes) @ 0x0000019190dcaaf8 [0x0000019190dca4e0+0x0000000000000618]
J 26263 c1 com.android.tools.build.jetifier.processor.archive.Archive$Builder.extractArchive(Ljava/io/InputStream;Ljava/nio/file/Path;ZLjava/nio/file/attribute/FileTime;)Lcom/android/tools/build/jetifier/processor/archive/Archive; (187 bytes) @ 0x0000019182a2f0cc [0x0000019182a2e6a0+0x0000000000000a2c]
j  com.android.tools.build.jetifier.processor.archive.Archive$Builder.extract(Ljava/io/File;Z)Lcom/android/tools/build/jetifier/processor/archive/Archive;+94
j  com.android.tools.build.jetifier.processor.archive.Archive$Builder.extract$default(Lcom/android/tools/build/jetifier/processor/archive/Archive$Builder;Ljava/io/File;ZILjava/lang/Object;)Lcom/android/tools/build/jetifier/processor/archive/Archive;+11
j  com.android.tools.build.jetifier.processor.Processor.loadLibraries(Ljava/lang/Iterable;)Ljava/util/Set;+98
j  com.android.tools.build.jetifier.processor.Processor.transform2(Ljava/util/Set;ZZ)Lcom/android/tools/build/jetifier/processor/TransformationResult;+372
j  com.android.build.gradle.internal.dependency.JetifyTransform.transform(Lorg/gradle/api/artifacts/transform/TransformOutputs;)V+369
J 26081 c1 org.gradle.api.internal.artifacts.transform.DefaultTransform.transform(Lorg/gradle/api/provider/Provider;Ljava/io/File;Lorg/gradle/api/internal/artifacts/transform/TransformDependencies;Lorg/gradle/work/InputChanges;)Lorg/gradle/api/internal/artifacts/transform/TransformExecutionResult; (53 bytes) @ 0x000001918299b62c [0x000001918299b1a0+0x000000000000048c]
J 26076 c1 org.gradle.api.internal.artifacts.transform.AbstractTransformExecution$2.call(Lorg/gradle/internal/operations/BuildOperationContext;)Lorg/gradle/api/internal/artifacts/transform/TransformExecutionResult; (153 bytes) @ 0x00000191829975ec [0x0000019182996880+0x0000000000000d6c]
J 26074 c1 org.gradle.api.internal.artifacts.transform.AbstractTransformExecution$2.call(Lorg/gradle/internal/operations/BuildOperationContext;)Ljava/lang/Object; (6 bytes) @ 0x00000191829963bc [0x0000019182996340+0x000000000000007c]
J 14018 c2 org.gradle.internal.operations.DefaultBuildOperationRunner$CallableBuildOperationWorker.execute(Lorg/gradle/internal/operations/BuildOperation;Lorg/gradle/internal/operations/BuildOperationContext;)V (10 bytes) @ 0x0000019190ad949c [0x0000019190ad9420+0x000000000000007c]
J 24649 c2 org.gradle.internal.operations.DefaultBuildOperationRunner.execute(Lorg/gradle/internal/operations/BuildOperationDescriptor$Builder;Lorg/gradle/internal/operations/BuildOperationState;Lorg/gradle/internal/operations/DefaultBuildOperationRunner$BuildOperationExecution;)Ljava/lang/Object; (147 bytes) @ 0x00000191910e4fa0 [0x00000191910e4740+0x0000000000000860]
J 14194 c2 org.gradle.internal.operations.DefaultBuildOperationRunner.call(Lorg/gradle/internal/operations/CallableBuildOperation;)Ljava/lang/Object; (24 bytes) @ 0x0000019190b20758 [0x0000019190b20580+0x00000000000001d8]
J 26071 c1 org.gradle.api.internal.artifacts.transform.AbstractTransformExecution.executeWithinTransformerListener(Lorg/gradle/internal/execution/UnitOfWork$ExecutionRequest;)Lorg/gradle/internal/execution/UnitOfWork$WorkOutput; (32 bytes) @ 0x0000019182993a6c [0x0000019182993880+0x00000000000001ec]
J 22357 c1 org.gradle.api.internal.artifacts.transform.AbstractTransformExecution.execute(Lorg/gradle/internal/execution/UnitOfWork$ExecutionRequest;)Lorg/gradle/internal/execution/UnitOfWork$WorkOutput; (62 bytes) @ 0x000001918078e3e4 [0x000001918078e280+0x0000000000000164]
J 24678 c1 org.gradle.internal.execution.steps.ExecuteStep.executeInternal(Lorg/gradle/internal/execution/UnitOfWork;Lorg/gradle/internal/execution/steps/InputChangesContext;)Lorg/gradle/internal/execution/steps/Result; (78 bytes) @ 0x0000019181fededc [0x0000019181feda60+0x000000000000047c]
J 24677 c1 org.gradle.internal.execution.steps.ExecuteStep$1.call(Lorg/gradle/internal/operations/BuildOperationContext;)Ljava/lang/Object; (6 bytes) @ 0x00000191804d96ec [0x00000191804d95e0+0x000000000000010c]
J 14018 c2 org.gradle.internal.operations.DefaultBuildOperationRunner$CallableBuildOperationWorker.execute(Lorg/gradle/internal/operations/BuildOperation;Lorg/gradle/internal/operations/BuildOperationContext;)V (10 bytes) @ 0x0000019190ad949c [0x0000019190ad9420+0x000000000000007c]
J 24649 c2 org.gradle.internal.operations.DefaultBuildOperationRunner.execute(Lorg/gradle/internal/operations/BuildOperationDescriptor$Builder;Lorg/gradle/internal/operations/BuildOperationState;Lorg/gradle/internal/operations/DefaultBuildOperationRunner$BuildOperationExecution;)Ljava/lang/Object; (147 bytes) @ 0x00000191910e4fa0 [0x00000191910e4740+0x0000000000000860]
J 14194 c2 org.gradle.internal.operations.DefaultBuildOperationRunner.call(Lorg/gradle/internal/operations/CallableBuildOperation;)Ljava/lang/Object; (24 bytes) @ 0x0000019190b20758 [0x0000019190b20580+0x00000000000001d8]
J 24257 c1 org.gradle.internal.execution.steps.ExecuteStep.execute(Lorg/gradle/internal/execution/UnitOfWork;Lorg/gradle/internal/execution/steps/ChangingOutputsContext;)Lorg/gradle/internal/execution/steps/Result; (37 bytes) @ 0x00000191825e8fd4 [0x00000191825e8c80+0x0000000000000354]
J 24675 c1 org.gradle.internal.execution.steps.ExecuteStep.execute(Lorg/gradle/internal/execution/UnitOfWork;Lorg/gradle/internal/execution/steps/Context;)Lorg/gradle/internal/execution/steps/Result; (10 bytes) @ 0x0000019181f028ac [0x0000019181f02740+0x000000000000016c]
J 24674 c1 org.gradle.internal.execution.steps.CancelExecutionStep.execute(Lorg/gradle/internal/execution/UnitOfWork;Lorg/gradle/internal/execution/steps/Context;)Lorg/gradle/internal/execution/steps/Result; (168 bytes) @ 0x0000019181f4fdfc [0x0000019181f4f800+0x00000000000005fc]
J 24672 c1 org.gradle.internal.execution.steps.TimeoutStep.execute(Lorg/gradle/internal/execution/UnitOfWork;Lorg/gradle/internal/execution/steps/Context;)Lorg/gradle/internal/execution/steps/Result; (96 bytes) @ 0x000001918067cef4 [0x000001918067c4e0+0x0000000000000a14]
J 25829 c1 org.gradle.internal.execution.steps.PreCreateOutputParentsStep.execute(Lorg/gradle/internal/execution/UnitOfWork;Lorg/gradle/internal/execution/steps/ChangingOutputsContext;)Lorg/gradle/internal/execution/steps/Result; (30 bytes) @ 0x00000191828f635c [0x00000191828f5fe0+0x000000000000037c]
J 24670 c1 org.gradle.internal.execution.steps.PreCreateOutputParentsStep.execute(Lorg/gradle/internal/execution/UnitOfWork;Lorg/gradle/internal/execution/steps/Context;)Lorg/gradle/internal/execution/steps/Result; (10 bytes) @ 0x0000019181e29f2c [0x0000019181e29dc0+0x000000000000016c]
J 24305 c1 org.gradle.internal.execution.steps.BroadcastChangingOutputsStep.execute(Lorg/gradle/internal/execution/UnitOfWork;Lorg/gradle/internal/execution/steps/InputChangesContext;)Lorg/gradle/internal/execution/steps/Result; (90 bytes) @ 0x00000191825fe42c [0x00000191825fd1e0+0x000000000000124c]
J 24370 c1 org.gradle.internal.execution.steps.BroadcastChangingOutputsStep.execute(Lorg/gradle/internal/execution/UnitOfWork;Lorg/gradle/internal/execution/steps/Context;)Lorg/gradle/internal/execution/steps/Result; (10 bytes) @ 0x0000019182626e3c [0x0000019182626cc0+0x000000000000017c]
J 22389 c1 org.gradle.internal.execution.steps.NoInputChangesStep.execute(Lorg/gradle/internal/execution/UnitOfWork;Lorg/gradle/internal/execution/steps/ValidationFinishedContext;)Lorg/gradle/internal/execution/steps/Result; (29 bytes) @ 0x0000019182062644 [0x0000019182061a20+0x0000000000000c24]
J 25644 c1 org.gradle.internal.execution.steps.NoInputChangesStep.execute(Lorg/gradle/internal/execution/UnitOfWork;Lorg/gradle/internal/execution/steps/Context;)Lorg/gradle/internal/execution/steps/Result; (10 bytes) @ 0x00000191828647bc [0x0000019182864640+0x000000000000017c]
J 25875 c1 org.gradle.internal.execution.steps.CaptureOutputsAfterExecutionStep.execute(Lorg/gradle/internal/execution/UnitOfWork;Lorg/gradle/internal/execution/steps/WorkspaceContext;)Lorg/gradle/internal/execution/steps/AfterExecutionResult; (56 bytes) @ 0x000001918291e37c [0x000001918291e240+0x000000000000013c]
J 24690 c1 org.gradle.internal.execution.steps.CaptureOutputsAfterExecutionStep.execute(Lorg/gradle/internal/execution/UnitOfWork;Lorg/gradle/internal/execution/steps/Context;)Lorg/gradle/internal/execution/steps/Result; (10 bytes) @ 0x0000019181f6eaac [0x0000019181f6e940+0x000000000000016c]
J 24369 c1 org.gradle.internal.execution.steps.BuildCacheStep$$Lambda+0x0000000801365020.apply(Ljava/lang/Object;)Ljava/lang/Object; (20 bytes) @ 0x000001918262677c [0x00000191826264e0+0x000000000000029c]
J 24319 c1 org.gradle.internal.execution.steps.BuildCacheStep.execute(Lorg/gradle/internal/execution/UnitOfWork;Lorg/gradle/internal/execution/steps/WorkspaceContext;)Lorg/gradle/internal/execution/steps/AfterExecutionResult; (32 bytes) @ 0x00000191826092bc [0x00000191826086c0+0x0000000000000bfc]
J 24382 c1 org.gradle.internal.execution.steps.BuildCacheStep.execute(Lorg/gradle/internal/execution/UnitOfWork;Lorg/gradle/internal/execution/steps/Context;)Lorg/gradle/internal/execution/steps/Result; (10 bytes) @ 0x000001918263113c [0x0000019182630fc0+0x000000000000017c]
J 26143 c1 org.gradle.internal.execution.steps.NeverUpToDateStep.execute(Lorg/gradle/internal/execution/UnitOfWork;Lorg/gradle/internal/execution/steps/NonIncrementalCachingContext;)Lorg/gradle/internal/execution/steps/UpToDateResult; (27 bytes) @ 0x00000191829d1c74 [0x00000191829d1b60+0x0000000000000114]
J 24685 c1 org.gradle.internal.execution.steps.NeverUpToDateStep.execute(Lorg/gradle/internal/execution/UnitOfWork;Lorg/gradle/internal/execution/steps/Context;)Lorg/gradle/internal/execution/steps/Result; (10 bytes) @ 0x000001918067bfbc [0x000001918067be40+0x000000000000017c]
J 24264 c1 org.gradle.internal.execution.steps.legacy.MarkSnapshottingInputsFinishedStep.execute(Lorg/gradle/internal/execution/UnitOfWork;Lorg/gradle/internal/execution/steps/Context;)Lorg/gradle/internal/execution/steps/Result; (10 bytes) @ 0x00000191825ecafc [0x00000191825ec700+0x00000000000003fc]
J 25431 c1 org.gradle.internal.execution.steps.ResolveNonIncrementalCachingStateStep.executeDelegate(Lorg/gradle/internal/execution/UnitOfWork;Lorg/gradle/internal/execution/steps/ValidationFinishedContext;Lorg/gradle/internal/execution/caching/CachingState;)Lorg/gradle/internal/execution/steps/UpToDateResult; (23 bytes) @ 0x00000191827e46b4 [0x00000191827e3c80+0x0000000000000a34]
J 21909 c1 org.gradle.internal.execution.steps.AbstractResolveCachingStateStep.execute(Lorg/gradle/internal/execution/UnitOfWork;Lorg/gradle/internal/execution/steps/ValidationFinishedContext;)Lorg/gradle/internal/execution/steps/CachingResult; (67 bytes) @ 0x000001918085f29c [0x000001918085d6c0+0x0000000000001bdc]
J 24299 c1 org.gradle.internal.execution.steps.AbstractResolveCachingStateStep.execute(Lorg/gradle/internal/execution/UnitOfWork;Lorg/gradle/internal/execution/steps/Context;)Lorg/gradle/internal/execution/steps/Result; (10 bytes) @ 0x00000191825fb524 [0x00000191825fb340+0x00000000000001e4]
J 24671 c1 org.gradle.internal.execution.steps.ValidateStep.execute(Lorg/gradle/internal/execution/UnitOfWork;Lorg/gradle/internal/execution/steps/BeforeExecutionContext;)Lorg/gradle/internal/execution/steps/Result; (261 bytes) @ 0x00000191821d9734 [0x00000191821d5a60+0x0000000000003cd4]
J 21895 c1 org.gradle.internal.execution.steps.ValidateStep.execute(Lorg/gradle/internal/execution/UnitOfWork;Lorg/gradle/internal/execution/steps/Context;)Lorg/gradle/internal/execution/steps/Result; (10 bytes) @ 0x00000191811651bc [0x0000019181165040+0x000000000000017c]
J 21890 c1 org.gradle.internal.execution.steps.AbstractCaptureStateBeforeExecutionStep.execute(Lorg/gradle/internal/execution/UnitOfWork;Lorg/gradle/internal/execution/steps/PreviousExecutionContext;)Lorg/gradle/internal/execution/steps/CachingResult; (41 bytes) @ 0x0000019180cee29c [0x0000019180ceda60+0x000000000000083c]
J 21889 c1 org.gradle.internal.execution.steps.AbstractCaptureStateBeforeExecutionStep.execute(Lorg/gradle/internal/execution/UnitOfWork;Lorg/gradle/internal/execution/steps/Context;)Lorg/gradle/internal/execution/steps/Result; (10 bytes) @ 0x0000019181f4a224 [0x0000019181f4a040+0x00000000000001e4]
J 21870 c1 org.gradle.internal.execution.steps.legacy.MarkSnapshottingInputsStartedStep.execute(Lorg/gradle/internal/execution/UnitOfWork;Lorg/gradle/internal/execution/steps/Context;)Lorg/gradle/internal/execution/steps/Result; (37 bytes) @ 0x0000019180f5b5e4 [0x0000019180f5b400+0x00000000000001e4]
J 22373 c1 org.gradle.internal.execution.steps.AssignImmutableWorkspaceStep.lambda$executeInTemporaryWorkspace$3(Lorg/gradle/internal/execution/steps/IdentityContext;Lorg/gradle/internal/execution/UnitOfWork;Lorg/gradle/internal/execution/workspace/ImmutableWorkspaceProvider$ImmutableWorkspace;Ljava/io/File;)Lorg/gradle/internal/execution/steps/WorkspaceResult; (158 bytes) @ 0x0000019180ffd9fc [0x0000019180ffc460+0x000000000000159c]
J 26049 c1 org.gradle.internal.execution.steps.AssignImmutableWorkspaceStep$$Lambda+0x00000008013cb4c0.executeInTemporaryWorkspace(Ljava/io/File;)Ljava/lang/Object; (21 bytes) @ 0x000001918298adec [0x000001918298ad40+0x00000000000000ac]
J 22355 c1 org.gradle.internal.execution.workspace.impl.CacheBasedImmutableWorkspaceProvider$1.withTemporaryWorkspace(Lorg/gradle/internal/execution/workspace/ImmutableWorkspaceProvider$ImmutableWorkspace$TemporaryWorkspaceAction;)Ljava/lang/Object; (53 bytes) @ 0x000001918078f4d4 [0x000001918078ef20+0x00000000000005b4]
J 24668 c1 org.gradle.internal.execution.steps.AssignImmutableWorkspaceStep.executeInTemporaryWorkspace(Lorg/gradle/internal/execution/UnitOfWork;Lorg/gradle/internal/execution/steps/IdentityContext;Lorg/gradle/internal/execution/workspace/ImmutableWorkspaceProvider$ImmutableWorkspace;)Lorg/gradle/internal/execution/steps/WorkspaceResult; (19 bytes) @ 0x0000019181f031c4 [0x0000019181f02cc0+0x0000000000000504]
J 22353 c1 org.gradle.internal.execution.steps.AssignImmutableWorkspaceStep$$Lambda+0x0000000800656d80.get()Ljava/lang/Object; (20 bytes) @ 0x000001918053a924 [0x000001918053a840+0x00000000000000e4]
J 10038 c1 org.gradle.internal.execution.steps.AssignImmutableWorkspaceStep.execute(Lorg/gradle/internal/execution/UnitOfWork;Lorg/gradle/internal/execution/steps/IdentityContext;)Lorg/gradle/internal/execution/steps/WorkspaceResult; (55 bytes) @ 0x00000191811789a4 [0x0000019181177fa0+0x0000000000000a04]
J 10037 c1 org.gradle.internal.execution.steps.AssignImmutableWorkspaceStep.execute(Lorg/gradle/internal/execution/UnitOfWork;Lorg/gradle/internal/execution/steps/Context;)Lorg/gradle/internal/execution/steps/Result; (10 bytes) @ 0x0000019181177b2c [0x00000191811779c0+0x000000000000016c]
J 9948 c1 org.gradle.internal.execution.steps.ChoosePipelineStep.execute(Lorg/gradle/internal/execution/UnitOfWork;Lorg/gradle/internal/execution/steps/IdentityContext;)Lorg/gradle/internal/execution/steps/Result; (71 bytes) @ 0x000001918114851c [0x0000019181147e20+0x00000000000006fc]
J 10028 c1 org.gradle.internal.execution.steps.ChoosePipelineStep.execute(Lorg/gradle/internal/execution/UnitOfWork;Lorg/gradle/internal/execution/steps/Context;)Lorg/gradle/internal/execution/steps/Result; (10 bytes) @ 0x00000191811746ac [0x0000019181174540+0x000000000000016c]
J 10138 c1 org.gradle.internal.execution.steps.ExecuteWorkBuildOperationFiringStep.lambda$execute$0(Lorg/gradle/internal/execution/UnitOfWork;Lorg/gradle/internal/execution/steps/IdentityContext;Lorg/gradle/internal/operations/BuildOperationContext;)Lorg/gradle/internal/execution/steps/CachingResult; (78 bytes) @ 0x000001918060bf9c [0x000001918060be80+0x000000000000011c]
J 10137 c1 org.gradle.internal.execution.steps.ExecuteWorkBuildOperationFiringStep$$Lambda+0x00000008008e7c20.apply(Ljava/lang/Object;)Ljava/lang/Object; (20 bytes) @ 0x000001918029db6c [0x000001918029d9c0+0x00000000000001ac]
J 22179 c2 org.gradle.internal.execution.steps.BuildOperationStep$1.call(Lorg/gradle/internal/operations/BuildOperationContext;)Ljava/lang/Object; (11 bytes) @ 0x00000191909cf874 [0x00000191909cf820+0x0000000000000054]
J 14018 c2 org.gradle.internal.operations.DefaultBuildOperationRunner$CallableBuildOperationWorker.execute(Lorg/gradle/internal/operations/BuildOperation;Lorg/gradle/internal/operations/BuildOperationContext;)V (10 bytes) @ 0x0000019190ad949c [0x0000019190ad9420+0x000000000000007c]
J 24649 c2 org.gradle.internal.operations.DefaultBuildOperationRunner.execute(Lorg/gradle/internal/operations/BuildOperationDescriptor$Builder;Lorg/gradle/internal/operations/BuildOperationState;Lorg/gradle/internal/operations/DefaultBuildOperationRunner$BuildOperationExecution;)Ljava/lang/Object; (147 bytes) @ 0x00000191910e4fa0 [0x00000191910e4740+0x0000000000000860]
J 37676 c2 org.gradle.internal.execution.steps.ExecuteWorkBuildOperationFiringStep.execute(Lorg/gradle/internal/execution/UnitOfWork;Lorg/gradle/internal/execution/steps/Context;)Lorg/gradle/internal/execution/steps/Result; (10 bytes) @ 0x0000019191df5448 [0x0000019191df4f40+0x0000000000000508]
J 9821 c1 org.gradle.internal.execution.steps.IdentityCacheStep.executeInCache(Lorg/gradle/internal/execution/UnitOfWork;Lorg/gradle/internal/execution/steps/IdentityContext;)Lorg/gradle/internal/execution/ExecutionEngine$IdentityCacheResult; (45 bytes) @ 0x00000191810fbcc4 [0x00000191810fbb60+0x0000000000000164]
J 9820 c1 org.gradle.internal.execution.steps.IdentityCacheStep$$Lambda+0x00000008008e79d8.get()Ljava/lang/Object; (16 bytes) @ 0x00000191810fb59c [0x00000191810fb4c0+0x00000000000000dc]
J 21107 c2 org.gradle.cache.Cache$$Lambda+0x00000008001df300.apply(Ljava/lang/Object;)Ljava/lang/Object; (9 bytes) @ 0x0000019190d268f4 [0x0000019190d268a0+0x0000000000000054]
J 17814 c2 java.util.concurrent.ConcurrentHashMap.computeIfAbsent(Ljava/lang/Object;Ljava/util/function/Function;)Ljava/lang/Object; java.base@21.0.7 (576 bytes) @ 0x0000019190e6b948 [0x0000019190e6b040+0x0000000000000908]
J 9767 c1 org.gradle.cache.internal.DefaultCrossBuildInMemoryCacheFactory$CrossBuildCacheRetainingDataFromPreviousBuild.get(Ljava/lang/Object;Ljava/util/function/Function;)Ljava/lang/Object; (18 bytes) @ 0x00000191810e3f7c [0x00000191810e3e00+0x000000000000017c]
J 27946 c2 org.gradle.cache.Cache.get(Ljava/lang/Object;Ljava/util/function/Supplier;)Ljava/lang/Object; (14 bytes) @ 0x0000019191102fc4 [0x0000019191102f20+0x00000000000000a4]
J 9765 c1 org.gradle.internal.execution.steps.IdentityCacheStep.lambda$executeDeferred$1(Lorg/gradle/cache/Cache;Lorg/gradle/internal/execution/UnitOfWork$Identity;Lorg/gradle/internal/execution/UnitOfWork;Lorg/gradle/internal/execution/steps/IdentityContext;)Lorg/gradle/internal/Try; (41 bytes) @ 0x00000191810e218c [0x00000191810e1c00+0x000000000000058c]
J 9764 c1 org.gradle.internal.execution.steps.IdentityCacheStep$$Lambda+0x00000008008e7028.get()Ljava/lang/Object; (24 bytes) @ 0x00000191810e176c [0x00000191810e16c0+0x00000000000000ac]
J 22332 c1 org.gradle.internal.Deferrable$3.completeAndGet()Ljava/lang/Object; (46 bytes) @ 0x0000019181f66bfc [0x0000019181f66a40+0x00000000000001bc]
J 31151 c2 org.gradle.internal.Deferrable$1.completeAndGet()Ljava/lang/Object; (18 bytes) @ 0x0000019191799238 [0x00000191917991e0+0x0000000000000058]
J 31151 c2 org.gradle.internal.Deferrable$1.completeAndGet()Ljava/lang/Object; (18 bytes) @ 0x0000019191799238 [0x00000191917991e0+0x0000000000000058]
J 13416 c1 org.gradle.internal.Deferrable$$Lambda+0x00000008008f7d90.get()Ljava/lang/Object; (14 bytes) @ 0x000001918160e0a4 [0x000001918160de80+0x0000000000000224]
J 22332 c1 org.gradle.internal.Deferrable$3.completeAndGet()Ljava/lang/Object; (46 bytes) @ 0x0000019181f66bfc [0x0000019181f66a40+0x00000000000001bc]
J 13416 c1 org.gradle.internal.Deferrable$$Lambda+0x00000008008f7d90.get()Ljava/lang/Object; (14 bytes) @ 0x000001918160e0a4 [0x000001918160de80+0x0000000000000224]
J 21932 c2 org.gradle.api.internal.artifacts.transform.TransformingAsyncArtifactListener$TransformedArtifact.finalizeValue()Lorg/gradle/internal/Try; (168 bytes) @ 0x0000019190cce95c [0x0000019190cce420+0x000000000000053c]
J 10203 c1 org.gradle.api.internal.artifacts.transform.TransformingAsyncArtifactListener$TransformedArtifact.run(Lorg/gradle/internal/operations/BuildOperationContext;)V (6 bytes) @ 0x00000191804453bc [0x0000019180445340+0x000000000000007c]
J 9325 c1 org.gradle.internal.operations.DefaultBuildOperationExecutor$$Lambda+0x00000008008d0be0.execute(Lorg/gradle/internal/operations/BuildOperation;Lorg/gradle/internal/operations/BuildOperationContext;)V (11 bytes) @ 0x00000191810080d4 [0x0000019181007ec0+0x0000000000000214]
J 24649 c2 org.gradle.internal.operations.DefaultBuildOperationRunner.execute(Lorg/gradle/internal/operations/BuildOperationDescriptor$Builder;Lorg/gradle/internal/operations/BuildOperationState;Lorg/gradle/internal/operations/DefaultBuildOperationRunner$BuildOperationExecution;)Ljava/lang/Object; (147 bytes) @ 0x00000191910e4fa0 [0x00000191910e4740+0x0000000000000860]
J 13952 c2 org.gradle.internal.operations.DefaultBuildOperationRunner.execute(Lorg/gradle/internal/operations/BuildOperation;Lorg/gradle/internal/operations/BuildOperationWorker;Lorg/gradle/internal/operations/BuildOperationState;)V (23 bytes) @ 0x00000191907e9a1c [0x00000191907e9940+0x00000000000000dc]
J 15119 c1 org.gradle.internal.operations.DefaultBuildOperationQueue$WorkerRunnable.doRunBatch(Lorg/gradle/internal/operations/BuildOperation;)I (44 bytes) @ 0x000001918180e3fc [0x000001918180e1a0+0x000000000000025c]
J 15116 c1 org.gradle.internal.operations.DefaultBuildOperationQueue$WorkerRunnable$$Lambda+0x00000008008d2090.create()Ljava/lang/Object; (12 bytes) @ 0x000001918180dd34 [0x000001918180dc60+0x00000000000000d4]
J 15118 c1 org.gradle.internal.resources.AbstractResourceLockRegistry.whileDisallowingLockChanges(Lorg/gradle/internal/Factory;)Ljava/lang/Object; (44 bytes) @ 0x000001918180f57c [0x000001918180f3e0+0x000000000000019c]
J 13962 c1 org.gradle.internal.operations.DefaultBuildOperationQueue$WorkerRunnable.lambda$runBatch$1(Lorg/gradle/internal/operations/BuildOperation;)Ljava/lang/Integer; (42 bytes) @ 0x0000019181699124 [0x00000191816987c0+0x0000000000000964]
J 13961 c1 org.gradle.internal.operations.DefaultBuildOperationQueue$WorkerRunnable$$Lambda+0x00000008008d1770.create()Ljava/lang/Object; (12 bytes) @ 0x0000019181698354 [0x00000191816982c0+0x0000000000000094]
J 13967 c1 org.gradle.internal.work.DefaultWorkerLeaseService.withLocks(Ljava/util/Collection;Lorg/gradle/internal/Factory;)Ljava/lang/Object; (53 bytes) @ 0x000001918169b15c [0x000001918169ace0+0x000000000000047c]
J 9753 c1 org.gradle.internal.work.DefaultWorkerLeaseService.runAsWorkerThread(Lorg/gradle/internal/Factory;)Ljava/lang/Object; (37 bytes) @ 0x00000191810de3bc [0x00000191810ddde0+0x00000000000005dc]
J 15334 c1 org.gradle.internal.operations.DefaultBuildOperationQueue$WorkerRunnable.run()V (48 bytes) @ 0x0000019181888c7c [0x00000191818887c0+0x00000000000004bc]
J 10489 c2 org.gradle.internal.concurrent.ExecutorPolicy$CatchAndRecordFailures.onExecute(Ljava/lang/Runnable;)V (29 bytes) @ 0x0000019190440d94 [0x0000019190440d40+0x0000000000000054]
J 15733 c1 org.gradle.internal.concurrent.AbstractManagedExecutor$1.run()V (57 bytes) @ 0x00000191819456fc [0x0000019181945520+0x00000000000001dc]
j  java.util.concurrent.ThreadPoolExecutor.runWorker(Ljava/util/concurrent/ThreadPoolExecutor$Worker;)V+92 java.base@21.0.7
j  java.util.concurrent.ThreadPoolExecutor$Worker.run()V+5 java.base@21.0.7
j  java.lang.Thread.runWith(Ljava/lang/Object;Ljava/lang/Runnable;)V+5 java.base@21.0.7
j  java.lang.Thread.run()V+19 java.base@21.0.7
v  ~StubRoutines::call_stub 0x000001918fd310e7
--------------------------------------------------------------------------------
Decoding CodeBlob, name: _new_array_nozero_Java, at  [0x000001918fe56e00, 0x000001918fe56e70]  112 bytes
[MachCode]
  0x000001918fe56e00: 4881 ec28 | 0000 0048 | 896c 2420 | 4989 a798 | 0300 0048 | 8bca 418b | d04d 8bc7 | 49ba 20ef 
  0x000001918fe56e20: 9c36 ff7f | 0000 41ff | d20f 1f84 | 0000 0000 | 004d 89a7 | 9803 0000 | 4d89 a7a0 | 0300 0049 
  0x000001918fe56e40: 8b87 f003 | 0000 4d89 | a7f0 0300 | 004d 3b67 | 0875 0648 | 83c4 205d | c333 db49 | ba00 0fd3 
  0x000001918fe56e60: 8f91 0100 | 0048 83c4 | 205d 41ff | e2f4 f4f4 
[/MachCode]
--------------------------------------------------------------------------------


Compiled method (c2) 76331 2602       4       java.util.Arrays::copyOf (33 bytes)
 total in heap  [0x000001919040a510,0x000001919040abd0] = 1728
 relocation     [0x000001919040a670,0x000001919040a6a8] = 56
 main code      [0x000001919040a6c0,0x000001919040aaa0] = 992
 stub code      [0x000001919040aaa0,0x000001919040aab8] = 24
 metadata       [0x000001919040aab8,0x000001919040aac8] = 16
 scopes data    [0x000001919040aac8,0x000001919040ab18] = 80
 scopes pcs     [0x000001919040ab18,0x000001919040ab88] = 112
 dependencies   [0x000001919040ab88,0x000001919040ab90] = 8
 handler table  [0x000001919040ab90,0x000001919040abc0] = 48
 nul chk table  [0x000001919040abc0,0x000001919040abd0] = 16

[Constant Pool (empty)]

[MachCode]
[Verified Entry Point]
  # {method} {0x00000191ef1cbe88} 'copyOf' '([BI)[B' in 'java/util/Arrays'
  # parm0:    rdx:rdx   = '[B'
  # parm1:    r8        = int
  #           [sp+0x70]  (sp of caller)
  0x000001919040a6c0: 8984 2400 | 80ff ff55 | 4883 ec60 | 4181 7f20 | 2a00 0000 | 0f85 b803 | 0000 4889 | 5424 2044 
  0x000001919040a6e0: 8b4a 0c4c | 8bd2 4983 | c210 4c89 | 5424 2845 | 3bc1 0f84 | ec00 0000 | 4181 f800 | 0010 000f 
  0x000001919040a700: 8770 0200 | 004d 63d8 | 453b c841 | 8be9 410f | 4fe8 443b | cd0f 82d5 | 0200 0044 | 3bc5 0f82 
  0x000001919040a720: cc02 0000 | 4983 c317 | 4d8b cb49 | 83e1 f841 | 81f8 0000 | 1000 0f87 | e301 0000 | 498b 9fb8 
  0x000001919040a740: 0100 004c | 8bd3 4d03 | d14d 3b97 | c801 0000 | 0f83 c901 | 0000 4d89 | 97b8 0100 | 0041 0f18 
  0x000001919040a760: 8200 0100 | 0048 c703 | 0100 0000 | 410f 1882 | 4001 0000 

  0x000001919040a774: ;   {metadata({type array byte})}
  0x000001919040a774: c743 0878 | 0a04 0044 | 8943 0c41 | 0f18 8280 | 0100 0048 | 8bd3 4883 | c210 49c1 | eb03 85ed 
  0x000001919040a794: 0f84 e301 | 0000 413b | e80f 8cd8 | 0000 0049 | 83c1 f049 | c1e9 0348 | 8b4c 2428 | 4d8b c1c5 
  0x000001919040a7b4: f877 49ba | 006b d68f | 9101 0000 

  0x000001919040a7c0: ;   {other}
  0x000001919040a7c0: 41ff d20f | 1f84 0000 | 0000 0048 | 8bc3 c5f8 | 7748 83c4 

  0x000001919040a7d4: ;   {poll_return}
  0x000001919040a7d4: 605d 493b | a748 0400 | 000f 8799 | 0200 00c3 | 4963 e941 | 81f9 0000 | 1000 0f87 | 1c02 0000 
  0x000001919040a7f4: 498b 9fb8 | 0100 004c | 8d55 1749 | 83e2 f84c | 8bdb 4d03 | da4d 3b9f | c801 0000 | 0f83 fa01 
  0x000001919040a814: 0000 4d89 | 9fb8 0100 | 0041 0f18 | 8300 0100 | 0048 c703 | 0100 0000 | 410f 1883 | 4001 0000 
  0x000001919040a834: ;   {metadata({type array byte})}
  0x000001919040a834: c743 0878 | 0a04 0044 | 894b 0c41 | 0f18 8380 | 0100 0048 | 8bd3 4883 | c210 4883 | c507 48c1 
  0x000001919040a854: ed03 488b | 4c24 284c | 8bc5 c5f8 | 7749 ba00 | 6bd6 8f91 | 0100 0041 

  0x000001919040a86c: ;   {other}
  0x000001919040a86c: ffd2 0f1f | 8400 0000 | 0000 e950 | ffff ff4c | 63c5 4d8d | 5010 4d8b | ca49 83e1 | f848 8bfb 
  0x000001919040a88c: 4903 f949 | c1ea 034d | 2bda 498b | cb48 33c0 | 4883 f908 | 7f10 48ff | c978 5648 | 8904 cf48 
  0x000001919040a8ac: ffc9 7df7 | eb4b c5fd | efc0 e90d | 0000 00c5 | fe7f 07c5 | fe7f 4720 | 4883 c740 | 4883 e908 
  0x000001919040a8cc: 7ded 4883 | c104 7c0c | c5fe 7f07 | 4883 c720 | 4883 e904 | 4883 c104 | 7e17 48c7 | c0ff ffff 
  0x000001919040a8ec: ffc4 e2f0 | f5c0 c4e1 | fb92 f862 | f1fe 2f7f | 0748 8b4c | 2428 c5f8 | 7749 ba40 | 48d6 8f91 
  0x000001919040a90c: 0100 0041 

  0x000001919040a910: ;   {other}
  0x000001919040a910: ffd2 0f1f | 8400 0000 | 0000 e9ac | feff ff4c | 894c 2448 | 4c89 5c24 | 4048 ff74 | 2428 488f 
  0x000001919040a930: 4424 3844 | 8944 2430 

  0x000001919040a938: ;   {metadata({type array byte})}
  0x000001919040a938: 48ba 780a | 0400 0800 | 0000 6690 

  0x000001919040a944: ;   {runtime_call _new_array_nozero_Java}
  0x000001919040a944: c5f8 77e8 

  0x000001919040a948: ; ImmutableOopMap {[32]=Oop [56]=Derived_oop_[32] }
                      ;*newarray {reexecute=0 rethrow=0 return_oop=1}
                      ; - java.util.Arrays::copyOf@15
  0x000001919040a948: b4c4 a4ff 

  0x000001919040a94c: ;   {other}
  0x000001919040a94c: 0f1f 8400 | 3c04 0000 | 448b 4424 | 3048 ff74 | 2438 488f | 4424 284c | 8b5c 2440 | 4c8b 4c24 
  0x000001919040a96c: 4848 8bd8 | e912 feff | ff4d 63d8 | e98b fdff | ff49 83c3 | fe49 8bcb | 488b fa48 | 33c0 4883 
  0x000001919040a98c: f908 7f10 | 48ff c978 | 5648 8904 | cf48 ffc9 | 7df7 eb4b | c5fd efc0 | e90d 0000 | 00c5 fe7f 
  0x000001919040a9ac: 07c5 fe7f | 4720 4883 | c740 4883 | e908 7ded | 4883 c104 | 7c0c c5fe | 7f07 4883 | c720 4883 
  0x000001919040a9cc: e904 4883 | c104 7e17 | 48c7 c0ff | ffff ffc4 | e2f0 f5c0 | c4e1 fb92 | f862 f1fe | 2f7f 07e9 
  0x000001919040a9ec: dbfd ffff | bacc ffff | ff48 8b6c | 2420 4489 | 4424 2490 

  0x000001919040aa00: ;   {runtime_call UncommonTrapBlob}
  0x000001919040aa00: c5f8 77e8 

  0x000001919040aa04: ; ImmutableOopMap {rbp=Oop }
                      ;*newarray {reexecute=1 rethrow=0 return_oop=0}
                      ; - (reexecute) java.util.Arrays::copyOf@15
  0x000001919040aa04: f8d2 97ff 

  0x000001919040aa08: ;   {other}
  0x000001919040aa08: 0f1f 8400 | f804 0001 

  0x000001919040aa10: ;   {metadata({type array byte})}
  0x000001919040aa10: 48ba 780a | 0400 0800 | 0000 458b | c166 6690 

  0x000001919040aa20: ;   {runtime_call _new_array_nozero_Java}
  0x000001919040aa20: c5f8 77e8 

  0x000001919040aa24: ; ImmutableOopMap {[32]=Oop [40]=Derived_oop_[32] }
                      ;*invokevirtual clone {reexecute=1 rethrow=0 return_oop=1}
                      ; - (reexecute) java.util.Arrays::copyOf@7
  0x000001919040aa24: d8c3 a4ff 

  0x000001919040aa28: ;   {other}
  0x000001919040aa28: 0f1f 8400 | 1805 0002 | 488b d8e9 | 0ffe ffff | baf6 ffff | ff66 6690 

  0x000001919040aa40: ;   {runtime_call UncommonTrapBlob}
  0x000001919040aa40: c5f8 77e8 

  0x000001919040aa44: ; ImmutableOopMap {}
                      ;*arraylength {reexecute=0 rethrow=0 return_oop=0}
                      ; - java.util.Arrays::copyOf@2
  0x000001919040aa44: b8d2 97ff 

  0x000001919040aa48: ;   {other}
  0x000001919040aa48: 0f1f 8400 | 3805 0003 | 488b d0c5 | f877 4883 

  0x000001919040aa58: ;   {runtime_call _rethrow_Java}
  0x000001919040aa58: c460 5de9 | a027 a5ff | ba97 ffff | ff48 8b6c | 2420 6690 

  0x000001919040aa6c: ;   {runtime_call UncommonTrapBlob}
  0x000001919040aa6c: c5f8 77e8 

  0x000001919040aa70: ; ImmutableOopMap {rbp=Oop }
                      ;*invokevirtual clone {reexecute=1 rethrow=0 return_oop=0}
                      ; - (reexecute) java.util.Arrays::copyOf@7
  0x000001919040aa70: 8cd2 97ff 

  0x000001919040aa74: ;   {other}
  0x000001919040aa74: 0f1f 8400 | 6405 0004 

  0x000001919040aa7c: ;   {internal_word}
  0x000001919040aa7c: 49ba d6a7 | 4090 9101 | 0000 4d89 | 9760 0400 

  0x000001919040aa8c: ;   {runtime_call SafepointBlob}
  0x000001919040aa8c: 00e9 eec0 

  0x000001919040aa90: ;   {runtime_call StubRoutines (final stubs)}
  0x000001919040aa90: 97ff e829 | 0096 ffe9 | 3efc ffff | f4f4 f4f4 
[Exception Handler]
  0x000001919040aaa0: ;   {no_reloc}
  0x000001919040aaa0: e9db d2a4 | ffe8 0000 | 0000 4883 

  0x000001919040aaac: ;   {runtime_call DeoptimizationBlob}
  0x000001919040aaac: 2c24 05e9 | 6cd5 97ff | f4f4 f4f4 
[/MachCode]


Compiled method (c2) 76337 21037       4       com.android.tools.build.jetifier.processor.archive.Archive$Builder::extractFile (39 bytes)
 total in heap  [0x0000019190dca290,0x0000019190dcbe50] = 7104
 relocation     [0x0000019190dca3f0,0x0000019190dca4e0] = 240
 main code      [0x0000019190dca4e0,0x0000019190dcb2e0] = 3584
 stub code      [0x0000019190dcb2e0,0x0000019190dcb330] = 80
 oops           [0x0000019190dcb330,0x0000019190dcb378] = 72
 metadata       [0x0000019190dcb378,0x0000019190dcb4a0] = 296
 scopes data    [0x0000019190dcb4a0,0x0000019190dcbb18] = 1656
 scopes pcs     [0x0000019190dcbb18,0x0000019190dcbcf8] = 480
 dependencies   [0x0000019190dcbcf8,0x0000019190dcbd40] = 72
 handler table  [0x0000019190dcbd40,0x0000019190dcbe18] = 216
 nul chk table  [0x0000019190dcbe18,0x0000019190dcbe50] = 56

[Constant Pool (empty)]

[MachCode]
[Entry Point]
  # {method} {0x00000191fe6f7298} 'extractFile' '(Ljava/util/zip/ZipInputStream;Ljava/nio/file/Path;Ljava/nio/file/attribute/FileTime;)Lcom/android/tools/build/jetifier/processor/archive/ArchiveFile;' in 'com/android/tools/build/jetifier/processor/archive/Archive$Builder'
  # this:     rdx:rdx   = 'com/android/tools/build/jetifier/processor/archive/Archive$Builder'
  # parm0:    r8:r8     = 'java/util/zip/ZipInputStream'
  # parm1:    r9:r9     = 'java/nio/file/Path'
  # parm2:    rdi:rdi   = 'java/nio/file/attribute/FileTime'
  #           [sp+0xa0]  (sp of caller)
  0x0000019190dca4e0: 448b 5208 | 49bb 0000 | 0000 0800 | 0000 4d03 | d349 3bc2 

  0x0000019190dca4f4: ;   {runtime_call ic_miss_stub}
  0x0000019190dca4f4: 0f85 8644 | fbfe 6690 | 0f1f 4000 
[Verified Entry Point]
  0x0000019190dca500: 8984 2400 | 80ff ff55 | 4881 ec90 | 0000 0090 | 4181 7f20 | 2900 0000 | 0f85 b40d | 0000 4889 
  0x0000019190dca520: 7c24 584c | 894c 2450 | 4c89 4424 

  0x0000019190dca52c: ;   {oop(a 'java/lang/Class'{0x000000060754a540} = 'com/android/tools/build/jetifier/core/utils/Log')}
  0x0000019190dca52c: 4849 ba40 | a554 0706 | 0000 0045 | 8b52 7043 | 8b6c d40c | 83c5 fd85 | ed0f 8dfb | 0b00 0041 
  0x0000019190dca54c: 0fb6 6817 | 85ed 0f85 | 080c 0000 | 410f b668 | 3085 ed0f | 8517 0c00 | 0049 8baf | b801 0000 
  0x0000019190dca56c: 4c8b d549 | 81c2 1020 | 0000 4d3b | 97c8 0100 | 000f 83ce | 0800 004d | 8997 b801 | 0000 488b 
  0x0000019190dca58c: fd48 83c7 | 1048 c745 | 0001 0000 | 0041 0f18 | 8200 0100 

  0x0000019190dca5a0: ;   {metadata({type array byte})}
  0x0000019190dca5a0: 00c7 4508 | 780a 0400 | 410f 1882 | 4001 0000 | c745 0c00 | 2000 0041 | 0f18 8280 | 0100 00b9 
  0x0000019190dca5c0: 0004 0000 | c5fd efc0 | e90d 0000 | 00c5 fe7f | 07c5 fe7f | 4720 4883 | c740 4883 | e908 7ded 
  0x0000019190dca5e0: 4883 c104 | 7c0c c5fe | 7f07 4883 | c720 4883 | e904 4883 | c104 7e17 | 48c7 c0ff | ffff ffc4 
  0x0000019190dca600: e2f0 f5c0 | c4e1 fb92 | f862 f1fe | 2f7f 074d | 8b9f b801 | 0000 4d8b | d349 81c2 | 1020 0000 
  0x0000019190dca620: 4d3b 97c8 | 0100 000f | 834f 0800 | 004d 8997 | b801 0000 | 410f 1882 | 0001 0000 | 49c7 0301 
  0x0000019190dca640: 0000 0041 | 0f18 8240 

  0x0000019190dca648: ;   {metadata({type array byte})}
  0x0000019190dca648: 0100 0041 | c743 0878 | 0a04 0041 | 0f18 8280 | 0100 0041 | c743 0c00 | 2000 0049 | 8bfb 4883 
  0x0000019190dca668: c710 b900 | 0400 00c5 | fdef c0e9 | 0d00 0000 | c5fe 7f07 | c5fe 7f47 | 2048 83c7 | 4048 83e9 
  0x0000019190dca688: 087d ed48 | 83c1 047c | 0cc5 fe7f | 0748 83c7 | 2048 83e9 | 0448 83c1 | 047e 1748 | c7c0 ffff 
  0x0000019190dca6a8: ffff c4e2 | f0f5 c0c4 | e1fb 92f8 | 62f1 fe2f | 7f07 4889 | 6c24 204c | 895c 2460 | 488b 5424 
  0x0000019190dca6c8: 484d 8bc3 | 4533 c9bf | 0020 0000 

  0x0000019190dca6d4: ;   {optimized virtual_call}
  0x0000019190dca6d4: c5f8 77e8 

  0x0000019190dca6d8: ; ImmutableOopMap {rbp=Oop [32]=Oop [72]=Oop [80]=Oop [88]=Oop [96]=Oop }
                      ;*invokevirtual read {reexecute=0 rethrow=0 return_oop=0}
                      ; - java.io.FilterInputStream::read@5
                      ; - kotlin.io.ByteStreamsKt::copyTo@22 (line 106)
                      ; - kotlin.io.ByteStreamsKt::copyTo$default@13 (line 103)
                      ; - kotlin.io.ByteStreamsKt::readBytes@32 (line 136)
                      ; - com.android.tools.build.jetifier.processor.archive.Archive$Builder::extractFile@22 (line 217)
  0x0000019190dca6d8: e43a 7500 

  0x0000019190dca6dc: ;   {other}
  0x0000019190dca6dc: 0f1f 8400 | 4c04 0000 | 85c0 7d07 | 33c9 e917 | 0100 004c | 8b6c 2460 | 4983 c510 | 4c8b f549 
  0x0000019190dca6fc: c1ee 0348 | 8bd5 33f6 | 4533 d2eb | 200f 1f80 | 0000 0000 | 448b 7424 | 3049 8bd6 | 48c1 e203 
  0x0000019190dca71c: 4c8b 6c24 | 2848 8bf5 | 448b 5424 | 3441 bb00 | 2000 0044 | 0bd8 4585 | db0f 8c19 | 0800 003d 
  0x0000019190dca73c: 0020 0000 | 0f8f 5208 | 0000 448b | 5a0c 428d | 2c10 412b | eb85 ed0f | 8f52 0300 | 0045 85d2 
  0x0000019190dca75c: 0f8c c307 | 0000 3d00 | 2000 000f | 87b3 0700 | 0048 8bda | 448b 420c | 418d 3c02 | 443b c70f 
  0x0000019190dca77c: 82a7 0700 | 0085 c00f | 8c9f 0700 | 0048 63e8 | 85c0 7423 | 4a8d 5412 | 1049 8bcd | 4c8b c5c5 
  0x0000019190dca79c: f877 49ba | e04d d68f | 9101 0000 

  0x0000019190dca7a8: ;   {other}
  0x0000019190dca7a8: 41ff d20f | 1f84 0000 | 0000 0089 | 7c24 3444 | 8974 2430 | 4c89 6c24 | 2848 895c | 2420 4803 
  0x0000019190dca7c8: f548 8bee | 488b 5424 | 484c 8b44 | 2460 4533 | c9bf 0020 | 0000 6690 

  0x0000019190dca7e0: ;   {optimized virtual_call}
  0x0000019190dca7e0: c5f8 77e8 

  0x0000019190dca7e4: ; ImmutableOopMap {[32]=Oop [48]=NarrowOop [72]=Oop [80]=Oop [88]=Oop [96]=Oop [40]=Derived_oop_[96] }
                      ;*invokevirtual read {reexecute=0 rethrow=0 return_oop=0}
                      ; - java.io.FilterInputStream::read@5
                      ; - kotlin.io.ByteStreamsKt::copyTo@50 (line 110)
                      ; - kotlin.io.ByteStreamsKt::copyTo$default@13 (line 103)
                      ; - kotlin.io.ByteStreamsKt::readBytes@32 (line 136)
                      ; - com.android.tools.build.jetifier.processor.archive.Archive$Builder::extractFile@22 (line 217)
  0x0000019190dca7e4: d839 7500 

  0x0000019190dca7e8: ;   {other}
  0x0000019190dca7e8: 0f1f 8400 | 5805 0001 | 4d8b 9750 

  0x0000019190dca7f4: ; ImmutableOopMap {[32]=Oop [48]=NarrowOop [72]=Oop [80]=Oop [88]=Oop [96]=Oop [40]=Derived_oop_[96] }
                      ;*goto {reexecute=1 rethrow=0 return_oop=0}
                      ; - (reexecute) kotlin.io.ByteStreamsKt::copyTo@55 (line 110)
                      ; - kotlin.io.ByteStreamsKt::copyTo$default@13 (line 103)
                      ; - kotlin.io.ByteStreamsKt::readBytes@32 (line 136)
                      ; - com.android.tools.build.jetifier.processor.archive.Archive$Builder::extractFile@22 (line 217)
                      ;   {poll}
  0x0000019190dca7f4: 0400 0041 | 8502 85c0 | 0f8d 0eff | ffff 8b4c | 2434 4c8b | 5c24 2045 | 8b43 0c4c | 8b4c 2420 
  0x0000019190dca814: 4983 c110 | 413b c80f | 8408 0300 | 0081 f900 | 0010 000f | 87ab 0700 | 0048 63d9 | 443b c145 
  0x0000019190dca834: 8bd0 440f | 4fd1 453b | c20f 8241 | 0800 0041 | 3bca 0f82 | 3808 0000 | 4883 c317 | 488b fb48 
  0x0000019190dca854: 83e7 f881 | f900 0010 | 000f 8766 | 0600 0049 | 8b97 b801 | 0000 4c8b | c24c 03c7 | 4d3b 87c8 
  0x0000019190dca874: 0100 000f | 834c 0600 | 004d 8987 | b801 0000 | 410f 1880 | 0001 0000 | 48c7 0201 | 0000 0041 
  0x0000019190dca894: 0f18 8040 

  0x0000019190dca898: ;   {metadata({type array byte})}
  0x0000019190dca898: 0100 00c7 | 4208 780a | 0400 894a | 0c41 0f18 | 8080 0100 | 0048 8954 | 2438 4883 | c210 48c1 
  0x0000019190dca8b8: eb03 4585 | d20f 841d | 0700 0044 | 3bd1 0f8c | e104 0000 | 4883 c7f0 | 48c1 ef03 | 498b c94c 
  0x0000019190dca8d8: 8bc7 c5f8 | 7749 ba00 | 6bd6 8f91 | 0100 0041 

  0x0000019190dca8e8: ;   {other}
  0x0000019190dca8e8: ffd2 0f1f | 8400 0000 | 0000 498b | 87b8 0100 | 004c 8bd0 | 4983 c220 | 4d3b 97c8 | 0100 000f 
  0x0000019190dca908: 8397 0500 | 004d 8997 | b801 0000 | 410f 1882 | 0001 0000 | 48c7 0001 | 0000 004c | 8bd0 4983 
  0x0000019190dca928: ;   {metadata('com/android/tools/build/jetifier/processor/archive/ArchiveFile')}
  0x0000019190dca928: c210 c740 | 0800 403e | 0144 8960 | 0cc5 fdef | c062 d1fe | 087f 0248 | 8be8 488b | 5c24 508b 
  0x0000019190dca948: 7b08 4c8b | d54c 8b4c | 2458 4d8b | c149 c1e8 | 0344 8945 | 1c4c 8beb | 49c1 ed03 | 4d8b d94d 
  0x0000019190dca968: 33da 49c1 | eb16 4d85 | db74 1f4d | 85c9 741a | 49c1 ea09 | 48b9 0000 | c6df 9101 | 0000 4903 
  0x0000019190dca988: ca80 3902 | 0f85 7903 | 0000 4180 | 7f40 000f | 8523 0200 | 0044 896d | 104c 8bd3 | 4c8b dd4d 
  0x0000019190dca9a8: 33d3 49c1 | ea16 4d85 | d274 1a49 | c1eb 0948 | b900 00c6 | df91 0100 | 0049 03cb | 8039 020f 
  0x0000019190dca9c8: 8598 0200 

  0x0000019190dca9cc: ;   {metadata('sun/nio/fs/WindowsPath')}
  0x0000019190dca9cc: 0081 fff0 | 6208 000f | 857a 0600 | 0048 8bd3 

  0x0000019190dca9dc: ;   {optimized virtual_call}
  0x0000019190dca9dc: c5f8 77e8 

  0x0000019190dca9e0: ; ImmutableOopMap {rbp=Oop [56]=Oop }
                      ;*invokeinterface getFileName {reexecute=0 rethrow=0 return_oop=1}
                      ; - com.android.tools.build.jetifier.processor.archive.ArchiveFile::<init>@28 (line 37)
                      ; - com.android.tools.build.jetifier.processor.archive.Archive$Builder::extractFile@35 (line 218)
  0x0000019190dca9e0: dc65 53ff 

  0x0000019190dca9e4: ;   {other}
  0x0000019190dca9e4: 0f1f 8400 | 5407 0003 | 488b d844 

  0x0000019190dca9f0: ;   {metadata('sun/nio/fs/WindowsPath')}
  0x0000019190dca9f0: 8b50 0841 | 81fa f062 | 0800 0f85 | 6806 0000 | 4180 7f40 | 000f 85ec | 0100 0044 | 8b5b 1c44 
  0x0000019190dcaa10: 895d 144c | 8bd5 4d8b | c349 c1e0 | 0348 8b7c | 2438 488b | df48 c1eb | 034d 33c2 | 49c1 e816 
  0x0000019190dcaa30: 4d85 c074 | 1f45 85db | 741a 49c1 | ea09 48b9 | 0000 c6df | 9101 0000 | 4903 ca80 | 3902 0f85 
  0x0000019190dcaa50: 0803 0000 | 4180 7f40 | 000f 85cf | 0100 0089 | 5d18 4c8b | d74c 8bdd | 4d33 d349 | c1ea 164d 
  0x0000019190dcaa70: 85d2 741b | 49c1 eb09 | 49b8 0000 | c6df 9101 | 0000 4d03 | c341 8038 | 020f 8527 | 0200 0048 
  0x0000019190dcaa90: 8bc5 c5f8 | 7748 81c4 | 9000 0000 

  0x0000019190dcaa9c: ;   {poll_return}
  0x0000019190dcaa9c: 5d49 3ba7 | 4804 0000 | 0f87 1208 | 0000 c341 | 3beb 448b | c545 0f4c | c345 03c3 | 458d 48ff 
  0x0000019190dcaabc: 4181 f9f7 | ffff 7f0f | 83eb 0600 | 0044 8954 | 243c 8944 | 2438 4889 | 7424 304c | 896c 2428 
  0x0000019190dcaadc: 4889 5424 | 204c 8b54 | 2460 4c89 | 5424 408b | e866 6690 

  0x0000019190dcaaf0: ;   {static_call}
  0x0000019190dcaaf0: c5f8 77e8 

  0x0000019190dcaaf4: ; ImmutableOopMap {[32]=Oop [64]=Oop [40]=Derived_oop_[64] [72]=Oop [80]=Oop [88]=Oop [96]=Oop }
                      ;*invokestatic copyOf {reexecute=0 rethrow=0 return_oop=1}
                      ; - java.io.ByteArrayOutputStream::ensureCapacity@25
                      ; - java.io.ByteArrayOutputStream::write@15
                      ; - kotlin.io.ByteStreamsKt::copyTo@38 (line 108)
                      ; - kotlin.io.ByteStreamsKt::copyTo$default@13 (line 103)
                      ; - kotlin.io.ByteStreamsKt::readBytes@32 (line 136)
                      ; - com.android.tools.build.jetifier.processor.archive.Archive$Builder::extractFile@22 (line 217)
  0x0000019190dcaaf4: c8fb 63ff 

  0x0000019190dcaaf8: ;   {other}
  0x0000019190dcaaf8: 0f1f 8400 | 6808 0004 | 4885 c00f | 848b 0600 | 004c 8bf0 | 49c1 ee03 | 488b d04c | 8b6c 2428 
  0x0000019190dcab18: 488b 7424 | 308b c544 | 8b54 243c | e930 fcff | ff49 63f0 | 4181 f800 | 0010 000f | 876f 0500 
  0x0000019190dcab38: 0049 8b9f | b801 0000 | 4c8d 5617 | 4983 e2f8 | 488b fb49 | 03fa 493b | bfc8 0100 | 000f 834d 
  0x0000019190dcab58: 0500 0049 | 89bf b801 | 0000 0f18 | 8700 0100 | 0048 c703 | 0100 0000 | 0f18 8740 

  0x0000019190dcab74: ;   {metadata({type array byte})}
  0x0000019190dcab74: 0100 00c7 | 4308 780a | 0400 4489 | 430c 0f18 | 8780 0100 | 0048 8bd3 | 4883 c210 | 4883 c607 
  0x0000019190dcab94: 48c1 ee03 | 498b c94c | 8bc6 c5f8 | 7749 ba00 | 6bd6 8f91 | 0100 0041 

  0x0000019190dcabac: ;   {other}
  0x0000019190dcabac: ffd2 0f1f | 8400 0000 | 0000 4889 | 5c24 38e9 | 32fd ffff | 448b 5510 | 4585 d20f | 84d0 fdff 
  0x0000019190dcabcc: ff4d 8b5f | 2849 8bca | 48c1 e103 | 4d85 db0f | 8405 0500 | 004d 8b57 | 384b 894c | 1af8 4983 
  0x0000019190dcabec: c3f8 4d89 | 5f28 e9a6 | fdff ff44 | 8b5d 1445 | 85db 0f84 | 07fe ffff | 4d8b 5728 | 498b cb48 
  0x0000019190dcac0c: c1e1 034d | 85d2 0f84 | 0e05 0000 | 4d8b 5f38 | 4b89 4c13 | f849 83c2 | f84d 8957 | 28e9 ddfd 
  0x0000019190dcac2c: ffff 448b | 5d18 4585 | db0f 8424 | feff ff4d | 8b57 2849 | 8bcb 48c1 | e103 4d85 | d20f 84b7 
  0x0000019190dcac4c: 0400 004d | 8b5f 384b | 894c 13f8 | 4983 c2f8 | 4d89 5728 | e9fa fdff | ff4d 8b57 | 484d 8b5f 
  0x0000019190dcac6c: 58f0 8344 | 24c0 0080 | 3900 0f84 | 51fd ffff | 4488 214d | 85d2 7520 | 498b d7c5 | f877 49ba 
  0x0000019190dcac8c: 80f9 5b36 | ff7f 0000 

  0x0000019190dcac94: ;   {other}
  0x0000019190dcac94: 41ff d20f | 1f84 0000 | 0000 00e9 | 29fd ffff | 4b89 4c13 | f849 83c2 | f84d 8957 | 48e9 17fd 
  0x0000019190dcacb4: ffff 4d8b | 5748 4d8b | 5f58 f083 | 4424 c000 | 4180 3800 | 0f84 c1fd | ffff 4588 | 204d 85d2 
  0x0000019190dcacd4: 7523 498b | c849 8bd7 | c5f8 7749 | ba80 f95b | 36ff 7f00 | 0041 ffd2 

  0x0000019190dcacec: ;   {other}
  0x0000019190dcacec: 0f1f 8400 | 0000 0000 | e996 fdff | ff4f 8944 | 13f8 4983 | c2f8 4d89 | 5748 e984 | fdff ff4d 
  0x0000019190dcad0c: 8b57 484d | 8b5f 58f0 | 8344 24c0 | 0080 3900 | 0f84 70fc | ffff 4488 | 214d 85d2 | 7520 498b 
  0x0000019190dcad2c: d7c5 f877 | 49ba 80f9 | 5b36 ff7f | 0000 41ff 

  0x0000019190dcad3c: ;   {other}
  0x0000019190dcad3c: d20f 1f84 | 0000 0000 | 00e9 48fc | ffff 4b89 | 4c13 f849 | 83c2 f84d | 8957 48e9 | 36fc ffff 
  0x0000019190dcad5c: 4d8b 5748 | 4d8b 5f58 | f083 4424 | c000 8039 | 000f 84e1 | fcff ff44 | 8821 4d85 | d275 2049 
  0x0000019190dcad7c: 8bd7 c5f8 | 7749 ba80 | f95b 36ff | 7f00 0041 

  0x0000019190dcad8c: ;   {other}
  0x0000019190dcad8c: ffd2 0f1f | 8400 0000 | 0000 e9b9 | fcff ff4b | 894c 13f8 | 4983 c2f8 | 4d89 5748 | e9a7 fcff 
  0x0000019190dcadac: ff4d 63c2 | 4d8d 5010 | 4d8b da49 | 83e3 f848 | 8b7c 2438 | 4903 fb49 | c1ea 0349 | 2bda 488b 
  0x0000019190dcadcc: cb48 33c0 | 4883 f908 | 7f10 48ff | c978 5648 | 8904 cf48 | ffc9 7df7 | eb4b c5fd | efc0 e90d 
  0x0000019190dcadec: 0000 00c5 | fe7f 07c5 | fe7f 4720 | 4883 c740 | 4883 e908 | 7ded 4883 | c104 7c0c | c5fe 7f07 
  0x0000019190dcae0c: 4883 c720 | 4883 e904 | 4883 c104 | 7e17 48c7 | c0ff ffff | ffc4 e2f0 | f5c0 c4e1 | fb92 f862 
  0x0000019190dcae2c: f1fe 2f7f | 0749 8bc9 | c5f8 7749 | ba40 48d6 | 8f91 0100 | 0041 ffd2 

  0x0000019190dcae44: ;   {other}
  0x0000019190dcae44: 0f1f 8400 | 0000 0000 | e9a1 faff 

  0x0000019190dcae50: ;   {metadata({type array byte})}
  0x0000019190dcae50: ff48 ba78 | 0a04 0008 | 0000 0041 | b800 2000 | 0049 8be9 

  0x0000019190dcae64: ;   {runtime_call _new_array_Java}
  0x0000019190dcae64: c5f8 77e8 

  0x0000019190dcae68: ; ImmutableOopMap {rbp=Oop [72]=Oop [80]=Oop [88]=Oop }
                      ;*newarray {reexecute=0 rethrow=0 return_oop=1}
                      ; - java.io.ByteArrayOutputStream::<init>@37
                      ; - kotlin.io.ByteStreamsKt::readBytes@20 (line 135)
                      ; - com.android.tools.build.jetifier.processor.archive.Archive$Builder::extractFile@22 (line 217)
  0x0000019190dcae68: 14c3 08ff 

  0x0000019190dcae6c: ;   {other}
  0x0000019190dcae6c: 0f1f 8400 | dc0b 0005 | 488b e8e9 | 93f7 ffff 

  0x0000019190dcae7c: ;   {metadata({type array byte})}
  0x0000019190dcae7c: 48ba 780a | 0400 0800 | 0000 41b8 | 0020 0000 

  0x0000019190dcae8c: ;   {runtime_call _new_array_Java}
  0x0000019190dcae8c: c5f8 77e8 

  0x0000019190dcae90: ; ImmutableOopMap {rbp=Oop [72]=Oop [80]=Oop [88]=Oop }
                      ;*newarray {reexecute=0 rethrow=0 return_oop=1}
                      ; - kotlin.io.ByteStreamsKt::copyTo@15 (line 105)
                      ; - kotlin.io.ByteStreamsKt::copyTo$default@13 (line 103)
                      ; - kotlin.io.ByteStreamsKt::readBytes@32 (line 136)
                      ; - com.android.tools.build.jetifier.processor.archive.Archive$Builder::extractFile@22 (line 217)
  0x0000019190dcae90: ecc2 08ff 

  0x0000019190dcae94: ;   {other}
  0x0000019190dcae94: 0f1f 8400 | 040c 0006 | 4c8b d8e9 | 16f8 ffff 

  0x0000019190dcaea4: ;   {metadata('com/android/tools/build/jetifier/processor/archive/ArchiveFile')}
  0x0000019190dcaea4: 48ba 0040 | 3e01 0800 | 0000 488b | 6c24 5090 

  0x0000019190dcaeb4: ;   {runtime_call _new_instance_Java}
  0x0000019190dcaeb4: c5f8 77e8 

  0x0000019190dcaeb8: ; ImmutableOopMap {rbp=Oop [56]=Oop [80]=Oop [88]=Oop }
                      ;*new {reexecute=0 rethrow=0 return_oop=1}
                      ; - com.android.tools.build.jetifier.processor.archive.Archive$Builder::extractFile@27 (line 218)
  0x0000019190dcaeb8: c4c5 08ff 

  0x0000019190dcaebc: ;   {other}
  0x0000019190dcaebc: 0f1f 8400 | 2c0c 0007 | e976 faff | ff48 897c | 2448 4489 | 5424 3448 | 895c 2440 | 4c89 4c24 
  0x0000019190dcaedc: 3889 4c24 

  0x0000019190dcaee0: ;   {metadata({type array byte})}
  0x0000019190dcaee0: 3048 ba78 | 0a04 0008 | 0000 0044 | 8bc1 6690 

  0x0000019190dcaef0: ;   {runtime_call _new_array_nozero_Java}
  0x0000019190dcaef0: c5f8 77e8 

  0x0000019190dcaef4: ; ImmutableOopMap {[32]=Oop [56]=Derived_oop_[32] [80]=Oop [88]=Oop }
                      ;*newarray {reexecute=0 rethrow=0 return_oop=1}
                      ; - java.util.Arrays::copyOf@15
                      ; - java.io.ByteArrayOutputStream::toByteArray@8
                      ; - kotlin.io.ByteStreamsKt::readBytes@37 (line 137)
                      ; - com.android.tools.build.jetifier.processor.archive.Archive$Builder::extractFile@22 (line 217)
  0x0000019190dcaef4: 08bf 08ff 

  0x0000019190dcaef8: ;   {other}
  0x0000019190dcaef8: 0f1f 8400 | 680c 0008 | 8b4c 2430 | 4c8b 4c24 | 3848 8b5c | 2440 448b | 5424 3448 | 8b7c 2448 
  0x0000019190dcaf18: 488b d0e9 | 8df9 ffff | 488b daeb | 0348 8bda | bacc ffff | ff48 8bee | 8944 2424 | 8944 2434 
  0x0000019190dcaf38: 4489 5424 | 3848 895c | 2440 6690 

  0x0000019190dcaf44: ;   {runtime_call UncommonTrapBlob}
  0x0000019190dcaf44: c5f8 77e8 

  0x0000019190dcaf48: ; ImmutableOopMap {[64]=Oop [72]=Oop [80]=Oop [88]=Oop [96]=Oop }
                      ;*invokestatic arraycopy {reexecute=0 rethrow=0 return_oop=0}
                      ; - java.io.ByteArrayOutputStream::write@29
                      ; - kotlin.io.ByteStreamsKt::copyTo@38 (line 108)
                      ; - kotlin.io.ByteStreamsKt::copyTo$default@13 (line 103)
                      ; - kotlin.io.ByteStreamsKt::readBytes@32 (line 136)
                      ; - com.android.tools.build.jetifier.processor.archive.Archive$Builder::extractFile@22 (line 217)
  0x0000019190dcaf48: b4cd fbfe 

  0x0000019190dcaf4c: ;   {other}
  0x0000019190dcaf4c: 0f1f 8400 | bc0c 0009 | 488b ee89 | 4424 2489 | 4424 2844 | 895c 242c | 4489 5424 | 3048 8954 
  0x0000019190dcaf6c: 2438 4c8b | 5424 504c | 8954 2440 | 4c8b 5424 | 584c 8954 | 2450 ba45 | ffff ff90 

  0x0000019190dcaf88: ;   {runtime_call UncommonTrapBlob}
  0x0000019190dcaf88: c5f8 77e8 

  0x0000019190dcaf8c: ; ImmutableOopMap {[56]=Oop [64]=Oop [72]=Oop [80]=Oop [96]=Oop }
                      ;*iflt {reexecute=1 rethrow=0 return_oop=0}
                      ; - (reexecute) jdk.internal.util.Preconditions::checkFromIndexSize@5
                      ; - java.util.Objects::checkFromIndexSize@4
                      ; - java.io.ByteArrayOutputStream::write@4
                      ; - kotlin.io.ByteStreamsKt::copyTo@38 (line 108)
                      ; - kotlin.io.ByteStreamsKt::copyTo$default@13 (line 103)
                      ; - kotlin.io.ByteStreamsKt::readBytes@32 (line 136)
                      ; - com.android.tools.build.jetifier.processor.archive.Archive$Builder::extractFile@22 (line 217)
  0x0000019190dcaf8c: 70cd fbfe 

  0x0000019190dcaf90: ;   {other}
  0x0000019190dcaf90: 0f1f 8400 | 000d 000a | 488b ee89 | 4424 2489 | 4424 2844 | 8954 2430 | 4889 5424 | 384c 8b54 
  0x0000019190dcafb0: 2450 4c89 | 5424 404c | 8b54 2458 | 4c89 5424 | 50ba 45ff | ffff 6690 

  0x0000019190dcafc8: ;   {runtime_call UncommonTrapBlob}
  0x0000019190dcafc8: c5f8 77e8 

  0x0000019190dcafcc: ; ImmutableOopMap {[56]=Oop [64]=Oop [72]=Oop [80]=Oop [96]=Oop }
                      ;*if_icmple {reexecute=1 rethrow=0 return_oop=0}
                      ; - (reexecute) jdk.internal.util.Preconditions::checkFromIndexSize@12
                      ; - java.util.Objects::checkFromIndexSize@4
                      ; - java.io.ByteArrayOutputStream::write@4
                      ; - kotlin.io.ByteStreamsKt::copyTo@38 (line 108)
                      ; - kotlin.io.ByteStreamsKt::copyTo$default@13 (line 103)
                      ; - kotlin.io.ByteStreamsKt::readBytes@32 (line 136)
                      ; - com.android.tools.build.jetifier.processor.archive.Archive$Builder::extractFile@22 (line 217)
  0x0000019190dcafcc: 30cd fbfe 

  0x0000019190dcafd0: ;   {other}
  0x0000019190dcafd0: 0f1f 8400 | 400d 000b | 4863 d9e9 | 50f8 ffff | 4883 c3fe | 488b cb48 | 8bfa 4833 | c048 83f9 
  0x0000019190dcaff0: 087f 1048 | ffc9 7856 | 4889 04cf | 48ff c97d | f7eb 4bc5 | fdef c0e9 | 0d00 0000 | c5fe 7f07 
  0x0000019190dcb010: c5fe 7f47 | 2048 83c7 | 4048 83e9 | 087d ed48 | 83c1 047c | 0cc5 fe7f | 0748 83c7 | 2048 83e9 
  0x0000019190dcb030: 0448 83c1 | 047e 1748 | c7c0 ffff | ffff c4e2 | f0f5 c0c4 | e1fb 92f8 | 62f1 fe2f | 7f07 e99f 
  0x0000019190dcb050: f8ff ffba | 66ff ffff 

  0x0000019190dcb058: ;   {runtime_call UncommonTrapBlob}
  0x0000019190dcb058: c5f8 77e8 

  0x0000019190dcb05c: ; ImmutableOopMap {rbp=Oop [56]=Oop [80]=Oop }
                      ;*invokeinterface getFileName {reexecute=0 rethrow=0 return_oop=0}
                      ; - com.android.tools.build.jetifier.processor.archive.ArchiveFile::<init>@28 (line 37)
                      ; - com.android.tools.build.jetifier.processor.archive.Archive$Builder::extractFile@35 (line 218)
  0x0000019190dcb05c: a0cc fbfe 

  0x0000019190dcb060: ;   {other}
  0x0000019190dcb060: 0f1f 8400 | d00d 000c | bade ffff | ff48 8944 | 2430 6690 

  0x0000019190dcb074: ;   {runtime_call UncommonTrapBlob}
  0x0000019190dcb074: c5f8 77e8 

  0x0000019190dcb078: ; ImmutableOopMap {rbp=Oop [48]=Oop [56]=Oop }
                      ;*invokevirtual toString {reexecute=0 rethrow=0 return_oop=0}
                      ; - com.android.tools.build.jetifier.processor.archive.ArchiveFile::<init>@33 (line 37)
                      ; - com.android.tools.build.jetifier.processor.archive.Archive$Builder::extractFile@35 (line 218)
  0x0000019190dcb078: 84cc fbfe 

  0x0000019190dcb07c: ;   {other}
  0x0000019190dcb07c: 0f1f 8400 | ec0d 000d | bacc ffff | ff89 4c24 | 2489 4c24 | 284c 895c | 2430 6690 

  0x0000019190dcb098: ;   {runtime_call UncommonTrapBlob}
  0x0000019190dcb098: c5f8 77e8 

  0x0000019190dcb09c: ; ImmutableOopMap {[48]=Oop [80]=Oop [88]=Oop }
                      ;*newarray {reexecute=1 rethrow=0 return_oop=0}
                      ; - (reexecute) java.util.Arrays::copyOf@15
                      ; - java.io.ByteArrayOutputStream::toByteArray@8
                      ; - kotlin.io.ByteStreamsKt::readBytes@37 (line 137)
                      ; - com.android.tools.build.jetifier.processor.archive.Archive$Builder::extractFile@22 (line 217)
  0x0000019190dcb09c: 60cc fbfe 

  0x0000019190dcb0a0: ;   {other}
  0x0000019190dcb0a0: 0f1f 8400 | 100e 000e | 4889 7424 | 304c 894c | 2428 894c | 2420 498b 

  0x0000019190dcb0b8: ;   {metadata({type array byte})}
  0x0000019190dcb0b8: eb48 ba78 | 0a04 0008 | 0000 0090 

  0x0000019190dcb0c4: ;   {runtime_call _new_array_nozero_Java}
  0x0000019190dcb0c4: c5f8 77e8 

  0x0000019190dcb0c8: ; ImmutableOopMap {rbp=Oop [40]=Derived_oop_rbp [80]=Oop [88]=Oop }
                      ;*invokevirtual clone {reexecute=1 rethrow=0 return_oop=1}
                      ; - (reexecute) java.util.Arrays::copyOf@7
                      ; - java.io.ByteArrayOutputStream::toByteArray@8
                      ; - kotlin.io.ByteStreamsKt::readBytes@37 (line 137)
                      ; - com.android.tools.build.jetifier.processor.archive.Archive$Builder::extractFile@22 (line 217)
  0x0000019190dcb0c8: 34bd 08ff 

  0x0000019190dcb0cc: ;   {other}
  0x0000019190dcb0cc: 0f1f 8400 | 3c0e 000f | 4c8b 4c24 | 2848 8b74 | 2430 488b | d8e9 a3fa | ffff 498b | d7c5 f877 
  0x0000019190dcb0ec: 49ba a0f9 | 5b36 ff7f | 0000 41ff 

  0x0000019190dcb0f8: ;   {other}
  0x0000019190dcb0f8: d20f 1f84 | 0000 0000 | 00e9 97f8 | ffff 498b | d7c5 f877 | 49ba a0f9 | 5b36 ff7f | 0000 41ff 
  0x0000019190dcb118: ;   {other}
  0x0000019190dcb118: d20f 1f84 | 0000 0000 | 00e9 39f9 | ffff 498b | d7c5 f877 | 49ba a0f9 | 5b36 ff7f | 0000 41ff 
  0x0000019190dcb138: ;   {other}
  0x0000019190dcb138: d20f 1f84 | 0000 0000 | 00e9 c5f8 | ffff ba45 | ffff ff4c | 894c 2438 

  0x0000019190dcb150: ;   {runtime_call UncommonTrapBlob}
  0x0000019190dcb150: c5f8 77e8 

  0x0000019190dcb154: ; ImmutableOopMap {[56]=Oop [72]=Oop [80]=Oop [88]=Oop }
                      ;*iflt {reexecute=1 rethrow=0 return_oop=0}
                      ; - (reexecute) com.android.tools.build.jetifier.core.utils.Log::v@30 (line 54)
                      ; - com.android.tools.build.jetifier.processor.archive.Archive$Builder::extractFile@15 (line 215)
  0x0000019190dcb154: a8cb fbfe 

  0x0000019190dcb158: ;   {other}
  0x0000019190dcb158: 0f1f 8400 | c80e 0010 | ba45 ffff | ff4c 8944 | 2438 6690 

  0x0000019190dcb16c: ;   {runtime_call UncommonTrapBlob}
  0x0000019190dcb16c: c5f8 77e8 

  0x0000019190dcb170: ; ImmutableOopMap {[56]=Oop [72]=Oop [80]=Oop [88]=Oop }
                      ;*ifeq {reexecute=1 rethrow=0 return_oop=0}
                      ; - (reexecute) java.util.zip.ZipInputStream::ensureOpen@4
                      ; - java.util.zip.ZipInputStream::available@1
                      ; - kotlin.io.ByteStreamsKt::readBytes@14 (line 135)
                      ; - com.android.tools.build.jetifier.processor.archive.Archive$Builder::extractFile@22 (line 217)
  0x0000019190dcb170: 8ccb fbfe 

  0x0000019190dcb174: ;   {other}
  0x0000019190dcb174: 0f1f 8400 | e40e 0011 | ba45 ffff | ff66 6690 

  0x0000019190dcb184: ;   {runtime_call UncommonTrapBlob}
  0x0000019190dcb184: c5f8 77e8 

  0x0000019190dcb188: ; ImmutableOopMap {[72]=Oop [80]=Oop [88]=Oop }
                      ;*ifeq {reexecute=1 rethrow=0 return_oop=0}
                      ; - (reexecute) java.util.zip.ZipInputStream::available@8
                      ; - kotlin.io.ByteStreamsKt::readBytes@14 (line 135)
                      ; - com.android.tools.build.jetifier.processor.archive.Archive$Builder::extractFile@22 (line 217)
  0x0000019190dcb188: 74cb fbfe 

  0x0000019190dcb18c: ;   {other}
  0x0000019190dcb18c: 0f1f 8400 | fc0e 0012 | baf6 ffff | ff8b 6c24 | 3c48 8944 | 2430 6690 

  0x0000019190dcb1a4: ;   {runtime_call UncommonTrapBlob}
  0x0000019190dcb1a4: c5f8 77e8 

  0x0000019190dcb1a8: ; ImmutableOopMap {[48]=Oop [64]=Oop }
                      ;*invokestatic arraycopy {reexecute=0 rethrow=0 return_oop=0}
                      ; - java.io.ByteArrayOutputStream::write@29
                      ; - kotlin.io.ByteStreamsKt::copyTo@38 (line 108)
                      ; - kotlin.io.ByteStreamsKt::copyTo$default@13 (line 103)
                      ; - kotlin.io.ByteStreamsKt::readBytes@32 (line 136)
                      ; - com.android.tools.build.jetifier.processor.archive.Archive$Builder::extractFile@22 (line 217)
  0x0000019190dcb1a8: 54cb fbfe 

  0x0000019190dcb1ac: ;   {other}
  0x0000019190dcb1ac: 0f1f 8400 | 1c0f 0013 | 4889 7424 | 2089 4424 | 2c44 8954 | 2438 4889 | 5424 4044 | 895c 243c 
  0x0000019190dcb1cc: 4489 4424 | 74ba 3dff | ffff 6690 

  0x0000019190dcb1d8: ;   {runtime_call UncommonTrapBlob}
  0x0000019190dcb1d8: c5f8 77e8 

  0x0000019190dcb1dc: ; ImmutableOopMap {[64]=Oop [72]=Oop [80]=Oop [88]=Oop [96]=Oop }
                      ;*if_icmpge {reexecute=1 rethrow=0 return_oop=0}
                      ; - (reexecute) jdk.internal.util.ArraysSupport::newLength@10
                      ; - java.io.ByteArrayOutputStream::ensureCapacity@22
                      ; - java.io.ByteArrayOutputStream::write@15
                      ; - kotlin.io.ByteStreamsKt::copyTo@38 (line 108)
                      ; - kotlin.io.ByteStreamsKt::copyTo$default@13 (line 103)
                      ; - kotlin.io.ByteStreamsKt::readBytes@32 (line 136)
                      ; - com.android.tools.build.jetifier.processor.archive.Archive$Builder::extractFile@22 (line 217)
  0x0000019190dcb1dc: 20cb fbfe 

  0x0000019190dcb1e0: ;   {other}
  0x0000019190dcb1e0: 0f1f 8400 | 500f 0014 | 418b ea48 | 8954 2420 | baf6 ffff | ff66 6690 

  0x0000019190dcb1f8: ;   {runtime_call UncommonTrapBlob}
  0x0000019190dcb1f8: c5f8 77e8 

  0x0000019190dcb1fc: ; ImmutableOopMap {[32]=Oop }
                      ;*arraylength {reexecute=0 rethrow=0 return_oop=0}
                      ; - java.io.ByteArrayOutputStream::ensureCapacity@4
                      ; - java.io.ByteArrayOutputStream::write@15
                      ; - kotlin.io.ByteStreamsKt::copyTo@38 (line 108)
                      ; - kotlin.io.ByteStreamsKt::copyTo$default@13 (line 103)
                      ; - kotlin.io.ByteStreamsKt::readBytes@32 (line 136)
                      ; - com.android.tools.build.jetifier.processor.archive.Archive$Builder::extractFile@22 (line 217)
  0x0000019190dcb1fc: 00cb fbfe 

  0x0000019190dcb200: ;   {other}
  0x0000019190dcb200: 0f1f 8400 | 700f 0015 | baf6 ffff | ff66 6690 

  0x0000019190dcb210: ;   {runtime_call UncommonTrapBlob}
  0x0000019190dcb210: c5f8 77e8 

  0x0000019190dcb214: ; ImmutableOopMap {}
                      ;*invokevirtual compareTo {reexecute=0 rethrow=0 return_oop=0}
                      ; - com.android.tools.build.jetifier.core.utils.Log::v@27 (line 54)
                      ; - com.android.tools.build.jetifier.processor.archive.Archive$Builder::extractFile@15 (line 215)
  0x0000019190dcb214: e8ca fbfe 

  0x0000019190dcb218: ;   {other}
  0x0000019190dcb218: 0f1f 8400 | 880f 0016 | ba5c ffff | ff49 8be9 

  0x0000019190dcb228: ;   {runtime_call UncommonTrapBlob}
  0x0000019190dcb228: c5f8 77e8 

  0x0000019190dcb22c: ; ImmutableOopMap {rbp=Oop [72]=Oop [88]=Oop }
                      ;*ifnonnull {reexecute=1 rethrow=0 return_oop=0}
                      ; - (reexecute) kotlin.jvm.internal.Intrinsics::checkNotNullParameter@1 (line 130)
                      ; - kotlin.io.ByteStreamsKt::readBytes@3
                      ; - com.android.tools.build.jetifier.processor.archive.Archive$Builder::extractFile@22 (line 217)
  0x0000019190dcb22c: d0ca fbfe 

  0x0000019190dcb230: ;   {other}
  0x0000019190dcb230: 0f1f 8400 | a00f 0017 | baf6 ffff | ff8b e990 

  0x0000019190dcb240: ;   {runtime_call UncommonTrapBlob}
  0x0000019190dcb240: c5f8 77e8 

  0x0000019190dcb244: ; ImmutableOopMap {[32]=Oop }
                      ;*arraylength {reexecute=0 rethrow=0 return_oop=0}
                      ; - java.util.Arrays::copyOf@2
                      ; - java.io.ByteArrayOutputStream::toByteArray@8
                      ; - kotlin.io.ByteStreamsKt::readBytes@37 (line 137)
                      ; - com.android.tools.build.jetifier.processor.archive.Archive$Builder::extractFile@22 (line 217)
  0x0000019190dcb244: b8ca fbfe 

  0x0000019190dcb248: ;   {other}
  0x0000019190dcb248: 0f1f 8400 | b80f 0018 | ba5c ffff | ff66 6690 

  0x0000019190dcb258: ;   {runtime_call UncommonTrapBlob}
  0x0000019190dcb258: c5f8 77e8 

  0x0000019190dcb25c: ; ImmutableOopMap {rbp=Oop [56]=Oop [80]=Oop [88]=Oop }
                      ;*ifnonnull {reexecute=1 rethrow=0 return_oop=0}
                      ; - (reexecute) kotlin.jvm.internal.Intrinsics::checkParameterIsNotNull@1 (line 124)
                      ; - com.android.tools.build.jetifier.processor.archive.ArchiveFile::<init>@3
                      ; - com.android.tools.build.jetifier.processor.archive.Archive$Builder::extractFile@35 (line 218)
  0x0000019190dcb25c: a0ca fbfe 

  0x0000019190dcb260: ;   {other}
  0x0000019190dcb260: 0f1f 8400 | d00f 0019 | baf6 ffff | ff66 6690 

  0x0000019190dcb270: ;   {runtime_call UncommonTrapBlob}
  0x0000019190dcb270: c5f8 77e8 

  0x0000019190dcb274: ; ImmutableOopMap {}
                      ;*invokevirtual toString {reexecute=0 rethrow=0 return_oop=0}
                      ; - com.android.tools.build.jetifier.processor.archive.ArchiveFile::<init>@33 (line 37)
                      ; - com.android.tools.build.jetifier.processor.archive.Archive$Builder::extractFile@35 (line 218)
  0x0000019190dcb274: 88ca fbfe 

  0x0000019190dcb278: ;   {other}
  0x0000019190dcb278: 0f1f 8400 | e80f 001a | 488b d0eb | 12eb 0deb | 0beb 09eb | 0748 8bd0 | eb05 eb00 | 488b d0c5 
  0x0000019190dcb298: f877 4881 | c490 0000 

  0x0000019190dcb2a0: ;   {runtime_call _rethrow_Java}
  0x0000019190dcb2a0: 005d e959 | 1f09 ffba | 97ff ffff 

  0x0000019190dcb2ac: ;   {runtime_call UncommonTrapBlob}
  0x0000019190dcb2ac: c5f8 77e8 

  0x0000019190dcb2b0: ; ImmutableOopMap {rbp=Oop [80]=Oop [88]=Oop }
                      ;*invokevirtual clone {reexecute=1 rethrow=0 return_oop=0}
                      ; - (reexecute) java.util.Arrays::copyOf@7
                      ; - java.io.ByteArrayOutputStream::toByteArray@8
                      ; - kotlin.io.ByteStreamsKt::readBytes@37 (line 137)
                      ; - com.android.tools.build.jetifier.processor.archive.Archive$Builder::extractFile@22 (line 217)
  0x0000019190dcb2b0: 4cca fbfe 

  0x0000019190dcb2b4: ;   {other}
  0x0000019190dcb2b4: 0f1f 8400 | 2410 001b 

  0x0000019190dcb2bc: ;   {internal_word}
  0x0000019190dcb2bc: 49ba 9daa | dc90 9101 | 0000 4d89 | 9760 0400 

  0x0000019190dcb2cc: ;   {runtime_call SafepointBlob}
  0x0000019190dcb2cc: 00e9 aeb8 

  0x0000019190dcb2d0: ;   {runtime_call StubRoutines (final stubs)}
  0x0000019190dcb2d0: fbfe e8e9 | f7f9 fee9 | 42f2 ffff | f4f4 f4f4 
[Stub Code]
  0x0000019190dcb2e0: ;   {no_reloc}
  0x0000019190dcb2e0: 48bb 0000 | 0000 0000 

  0x0000019190dcb2e8: ;   {runtime_call nmethod}
  0x0000019190dcb2e8: 0000 e9fb 

  0x0000019190dcb2ec: ;   {static_stub}
  0x0000019190dcb2ec: ffff ff48 | bb00 0000 | 0000 0000 

  0x0000019190dcb2f8: ;   {runtime_call nmethod}
  0x0000019190dcb2f8: 00e9 fbff 

  0x0000019190dcb2fc: ;   {static_stub}
  0x0000019190dcb2fc: ffff 48bb | 0000 0000 | 0000 0000 

  0x0000019190dcb308: ;   {runtime_call nmethod}
  0x0000019190dcb308: e9fb ffff 

  0x0000019190dcb30c: ;   {static_stub}
  0x0000019190dcb30c: ff48 bb00 | 0000 0000 

  0x0000019190dcb314: ;   {runtime_call nmethod}
  0x0000019190dcb314: 0000 00e9 | fbff ffff 
[Exception Handler]
  0x0000019190dcb31c: ;   {runtime_call ExceptionBlob}
  0x0000019190dcb31c: e95f ca08 | ffe8 0000 | 0000 4883 

  0x0000019190dcb328: ;   {runtime_call DeoptimizationBlob}
  0x0000019190dcb328: 2c24 05e9 | f0cc fbfe 
[/MachCode]


---------------  P R O C E S S  ---------------

Threads class SMR info:
_java_thread_list=0x00000191a1374ee0, length=223, elements={
0x00000191de3a2900, 0x00000191eeb1e0d0, 0x00000191eeaf2e30, 0x00000191eeaf3c90,
0x00000191eeb75700, 0x00000191eeb54c50, 0x00000191eeb556b0, 0x00000191eeb56110,
0x00000191eeb58eb0, 0x00000191eeb77920, 0x00000191f3050610, 0x00000191f4aad020,
0x00000191f4c14fb0, 0x00000191f4bae410, 0x00000191f4b8b1b0, 0x00000191f4b73af0,
0x00000191f4c9fc00, 0x00000191f4ca0920, 0x00000191f4ca0290, 0x00000191f4ca0fb0,
0x00000191f4ca1640, 0x00000191f4ca1cd0, 0x00000191f4c9eee0, 0x00000191f4ca2360,
0x00000191f52cebc0, 0x00000191f52cdea0, 0x00000191f52cc460, 0x00000191f52ccaf0,
0x00000191f52cf250, 0x00000191f93394f0, 0x00000191f9338e60, 0x00000191f933d000,
0x00000191f933b5c0, 0x00000191f933bc50, 0x00000191f933e3b0, 0x00000191f933f760,
0x00000191f933c970, 0x00000191f933ea40, 0x00000191f933f0d0, 0x00000191f933fdf0,
0x00000191f9340480, 0x00000191f6787570, 0x00000191f6784e10, 0x00000191f6787c00,
0x00000191f6786850, 0x00000191f67854a0, 0x00000191f67861c0, 0x00000191f6785b30,
0x00000191f6786ee0, 0x00000191f6784780, 0x00000191f678a9f0, 0x00000191f678b710,
0x00000191f6788290, 0x00000191f6788fb0, 0x00000191f6789640, 0x00000191f6788920,
0x00000191f678bda0, 0x00000191f6789cd0, 0x00000191f678a360, 0x00000191f678b080,
0x00000191f99bf730, 0x00000191f99bfdc0, 0x00000191f99bd660, 0x00000191f99be380,
0x00000191f99bdcf0, 0x00000191f99bea10, 0x00000191f99bc940, 0x00000191f99c38d0,
0x00000191f99c2bb0, 0x00000191faf2bb10, 0x00000191faf2adf0, 0x00000191faf2b480,
0x00000191faf293b0, 0x00000191faf2c1a0, 0x00000191faf28d20, 0x00000191faf2a0d0,
0x00000191faf29a40, 0x00000191faf2a760, 0x00000191fab66d20, 0x00000191fab680d0,
0x00000191fab68df0, 0x00000191fab66690, 0x00000191fab69480, 0x00000191fab6a1a0,
0x00000191fab673b0, 0x00000191fab69b10, 0x00000191fab6a830, 0x00000191fab67a40,
0x00000191fab68760, 0x00000191fab6bbe0, 0x00000191fab6aec0, 0x00000191fab6b550,
0x00000191fab6d620, 0x00000191fab6c270, 0x00000191fab6c900, 0x00000191fab6dcb0,
0x00000191fab6cf90, 0x00000191faf9b410, 0x00000191faf9ad80, 0x00000191faf9d4e0,
0x00000191faf9ce50, 0x00000191faf9baa0, 0x00000191faf9c130, 0x00000191faf9c7c0,
0x00000191faf9a060, 0x00000191faf9db70, 0x00000191faf9a6f0, 0x00000191fafa02d0,
0x00000191faf9f5b0, 0x00000191faf9e890, 0x00000191faf9fc40, 0x00000191fafa0960,
0x00000191fafa0ff0, 0x00000191fafa1680, 0x00000191faf9e200, 0x00000191faf9ef20,
0x00000191f9bbb010, 0x00000191f9bbc3c0, 0x00000191f9bba980, 0x00000191f9bbca50,
0x00000191f9bb9c60, 0x00000191f9bbb6a0, 0x00000191f9bbd0e0, 0x00000191f9bbd770,
0x00000191f9bbbd30, 0x00000191f9bba2f0, 0x00000191f9bbe490, 0x00000191f9bc0bf0,
0x00000191f9bc1280, 0x00000191f9bbde00, 0x00000191f9bbf1b0, 0x00000191f9bbeb20,
0x00000191f9bbf840, 0x00000191f9bbfed0, 0x00000191f88e56c0, 0x00000191f88e63e0,
0x00000191f88e49a0, 0x00000191f88e2f60, 0x00000191f88e5030, 0x00000191f88e35f0,
0x00000191f88e5d50, 0x00000191f88e3c80, 0x00000191f88e7100, 0x00000191f88e4310,
0x00000191f88e8b40, 0x00000191f88e91d0, 0x00000191f88e7790, 0x00000191f88e9860,
0x00000191f88e7e20, 0x00000191f5c53e50, 0x00000191f5c58d10, 0x00000191f5c5ef80,
0x00000191f5c5f610, 0x00000191f5c5e8f0, 0x00000191f5c5d540, 0x00000191f5c5fca0,
0x00000191f5c5c820, 0x00000191f5c5ceb0, 0x00000191f5c5dbd0, 0x00000191f5c5e260,
0x00000191f995fc60, 0x00000191f99602f0, 0x00000191f9963770, 0x00000191f99616a0,
0x00000191f99623c0, 0x00000191f9962a50, 0x00000191f99630e0, 0x00000191f9963e00,
0x00000191f9960980, 0x00000191f9964490, 0x00000191f9961010, 0x00000191f9966bf0,
0x00000191f9965840, 0x00000191f9965ed0, 0x00000191f9967280, 0x00000191f933dd20,
0x00000191f52cf8e0, 0x00000191ff49fdf0, 0x00000191ff49ea40, 0x00000191ff49d690,
0x00000191ff49f0d0, 0x00000191ff4a0480, 0x00000191ff4a11a0, 0x00000191ff4a7410,
0x00000191ff4a5340, 0x00000191ff4a59d0, 0x00000191ff4a6060, 0x00000191ff4a8130,
0x00000191ff4a4cb0, 0x00000191ff4a6d80, 0x00000191ff4a9b70, 0x00000191ff4a87c0,
0x00000191ff4a94e0, 0x00000191ff4a8e50, 0x00000191ff4aa890, 0x00000191ff4ac2d0,
0x00000191ff4aaf20, 0x00000191ff4aa200, 0x00000191ff4abc40, 0x00000191ff475ce0,
0x00000191f5c593a0, 0x00000191ff4a66f0, 0x00000191ff477720, 0x00000191f88e6a70,
0x00000191a16b49f0, 0x00000191a16b4360, 0x00000191a16b5710, 0x00000191a16b2290,
0x00000191a16b5da0, 0x00000191a16b2920, 0x00000191a16b6430, 0x00000191a16b2fb0,
0x00000191a16b8b90, 0x00000191a16b6ac0, 0x00000191a16b7150, 0x00000191a16b7e70,
0x00000191a16b98b0, 0x00000191a018bf20, 0x00000191a01900c0, 0x00000191a0192eb0,
0x00000191a0191470, 0x00000191a0192190, 0x00000191a0193540
}

Java Threads: ( => current thread )
  0x00000191de3a2900 JavaThread "main"                              [_thread_blocked, id=33024, stack(0x000000101a200000,0x000000101a300000) (1024K)]
  0x00000191eeb1e0d0 JavaThread "Common-Cleaner"             daemon [_thread_blocked, id=27912, stack(0x000000101aa00000,0x000000101ab00000) (1024K)]
  0x00000191eeaf2e30 JavaThread "Reference Handler"          daemon [_thread_blocked, id=28612, stack(0x000000101ab00000,0x000000101ac00000) (1024K)]
  0x00000191eeaf3c90 JavaThread "Finalizer"                  daemon [_thread_blocked, id=13648, stack(0x000000101ac00000,0x000000101ad00000) (1024K)]
  0x00000191eeb75700 JavaThread "Signal Dispatcher"          daemon [_thread_blocked, id=16432, stack(0x000000101ad00000,0x000000101ae00000) (1024K)]
  0x00000191eeb54c50 JavaThread "Attach Listener"            daemon [_thread_blocked, id=11820, stack(0x000000101ae00000,0x000000101af00000) (1024K)]
  0x00000191eeb556b0 JavaThread "Service Thread"             daemon [_thread_blocked, id=32232, stack(0x000000101af00000,0x000000101b000000) (1024K)]
  0x00000191eeb56110 JavaThread "Monitor Deflation Thread"   daemon [_thread_blocked, id=2852, stack(0x000000101b000000,0x000000101b100000) (1024K)]
  0x00000191eeb58eb0 JavaThread "C2 CompilerThread0"         daemon [_thread_blocked, id=32048, stack(0x000000101b100000,0x000000101b200000) (1024K)]
  0x00000191eeb77920 JavaThread "C1 CompilerThread0"         daemon [_thread_blocked, id=8824, stack(0x000000101b200000,0x000000101b300000) (1024K)]
  0x00000191f3050610 JavaThread "Notification Thread"        daemon [_thread_blocked, id=19276, stack(0x000000101b300000,0x000000101b400000) (1024K)]
  0x00000191f4aad020 JavaThread "Daemon health stats"               [_thread_blocked, id=32640, stack(0x000000101bf00000,0x000000101c000000) (1024K)]
  0x00000191f4c14fb0 JavaThread "Incoming local TCP Connector on port 51321"        [_thread_in_native, id=30620, stack(0x000000101c000000,0x000000101c100000) (1024K)]
  0x00000191f4bae410 JavaThread "Daemon periodic checks"            [_thread_blocked, id=1564, stack(0x000000101c100000,0x000000101c200000) (1024K)]
  0x00000191f4b8b1b0 JavaThread "Daemon"                            [_thread_blocked, id=31344, stack(0x000000101c200000,0x000000101c300000) (1024K)]
  0x00000191f4b73af0 JavaThread "Handler for socket connection from /127.0.0.1:51321 to /127.0.0.1:51322"        [_thread_in_native, id=21664, stack(0x000000101c300000,0x000000101c400000) (1024K)]
  0x00000191f4c9fc00 JavaThread "Cancel handler"                    [_thread_blocked, id=4200, stack(0x000000101c400000,0x000000101c500000) (1024K)]
  0x00000191f4ca0920 JavaThread "Daemon worker"                     [_thread_blocked, id=21924, stack(0x000000101c500000,0x000000101c600000) (1024K)]
  0x00000191f4ca0290 JavaThread "Asynchronous log dispatcher for DefaultDaemonConnection: socket connection from /127.0.0.1:51321 to /127.0.0.1:51322"        [_thread_blocked, id=28812, stack(0x000000101c600000,0x000000101c700000) (1024K)]
  0x00000191f4ca0fb0 JavaThread "Stdin handler"                     [_thread_blocked, id=12380, stack(0x000000101c700000,0x000000101c800000) (1024K)]
  0x00000191f4ca1640 JavaThread "Daemon client event forwarder"        [_thread_blocked, id=25692, stack(0x000000101c800000,0x000000101c900000) (1024K)]
  0x00000191f4ca1cd0 JavaThread "Cache worker for journal cache (C:\Users\lumi\.gradle\caches\journal-1)"        [_thread_blocked, id=33300, stack(0x000000101cb00000,0x000000101cc00000) (1024K)]
  0x00000191f4c9eee0 JavaThread "File lock request listener"        [_thread_in_native, id=8904, stack(0x000000101cc00000,0x000000101cd00000) (1024K)]
  0x00000191f4ca2360 JavaThread "Cache worker for file hash cache (C:\Users\lumi\.gradle\caches\8.12\fileHashes)"        [_thread_blocked, id=31616, stack(0x000000101cd00000,0x000000101ce00000) (1024K)]
  0x00000191f52cebc0 JavaThread "Cache worker for file hash cache (C:\Users\lumi\daelim_2025_home\geofeed\geofeed\android\.gradle\8.12\fileHashes)"        [_thread_blocked, id=28988, stack(0x000000101ce00000,0x000000101cf00000) (1024K)]
  0x00000191f52cdea0 JavaThread "Cache worker for Build Output Cleanup Cache (C:\Users\lumi\daelim_2025_home\geofeed\geofeed\android\.gradle\buildOutputCleanup)"        [_thread_blocked, id=32656, stack(0x000000101cf00000,0x000000101d000000) (1024K)]
  0x00000191f52cc460 JavaThread "File watcher server"        daemon [_thread_blocked, id=28392, stack(0x000000101d000000,0x000000101d100000) (1024K)]
  0x00000191f52ccaf0 JavaThread "File watcher consumer"      daemon [_thread_blocked, id=29432, stack(0x000000101d100000,0x000000101d200000) (1024K)]
  0x00000191f52cf250 JavaThread "Cache worker for checksums cache (C:\Users\lumi\daelim_2025_home\geofeed\geofeed\android\.gradle\8.12\checksums)"        [_thread_blocked, id=32312, stack(0x000000101d200000,0x000000101d300000) (1024K)]
  0x00000191f93394f0 JavaThread "Cache worker for file content cache (C:\Users\lumi\.gradle\caches\8.12\fileContent)"        [_thread_blocked, id=24100, stack(0x000000101d300000,0x000000101d400000) (1024K)]
  0x00000191f9338e60 JavaThread "Cache worker for cache directory md-rule (C:\Users\lumi\.gradle\caches\8.12\md-rule)"        [_thread_blocked, id=11928, stack(0x000000101d400000,0x000000101d500000) (1024K)]
  0x00000191f933d000 JavaThread "Cache worker for cache directory md-supplier (C:\Users\lumi\.gradle\caches\8.12\md-supplier)"        [_thread_blocked, id=24756, stack(0x000000101d500000,0x000000101d600000) (1024K)]
  0x00000191f933b5c0 JavaThread "Cache worker for Build Output Cleanup Cache (C:\Users\lumi\FlutterSDK\flutter\packages\flutter_tools\gradle\.gradle\buildOutputCleanup)"        [_thread_blocked, id=26060, stack(0x000000101d600000,0x000000101d700000) (1024K)]
  0x00000191f933bc50 JavaThread "Unconstrained build operations"        [_thread_blocked, id=26300, stack(0x000000101d700000,0x000000101d800000) (1024K)]
  0x00000191f933e3b0 JavaThread "Unconstrained build operations Thread 2"        [_thread_blocked, id=28008, stack(0x000000101d800000,0x000000101d900000) (1024K)]
  0x00000191f933f760 JavaThread "Unconstrained build operations Thread 3"        [_thread_blocked, id=31468, stack(0x000000101d900000,0x000000101da00000) (1024K)]
  0x00000191f933c970 JavaThread "Unconstrained build operations Thread 4"        [_thread_blocked, id=11800, stack(0x000000101da00000,0x000000101db00000) (1024K)]
  0x00000191f933ea40 JavaThread "Unconstrained build operations Thread 5"        [_thread_blocked, id=15188, stack(0x000000101db00000,0x000000101dc00000) (1024K)]
  0x00000191f933f0d0 JavaThread "Unconstrained build operations Thread 6"        [_thread_blocked, id=15308, stack(0x000000101dc00000,0x000000101dd00000) (1024K)]
  0x00000191f933fdf0 JavaThread "Unconstrained build operations Thread 7"        [_thread_blocked, id=23732, stack(0x000000101dd00000,0x000000101de00000) (1024K)]
  0x00000191f9340480 JavaThread "Unconstrained build operations Thread 8"        [_thread_blocked, id=23000, stack(0x000000101de00000,0x000000101df00000) (1024K)]
  0x00000191f6787570 JavaThread "Unconstrained build operations Thread 9"        [_thread_blocked, id=7496, stack(0x000000101df00000,0x000000101e000000) (1024K)]
  0x00000191f6784e10 JavaThread "Unconstrained build operations Thread 10"        [_thread_blocked, id=4996, stack(0x000000101e000000,0x000000101e100000) (1024K)]
  0x00000191f6787c00 JavaThread "Unconstrained build operations Thread 11"        [_thread_blocked, id=7740, stack(0x000000101e100000,0x000000101e200000) (1024K)]
  0x00000191f6786850 JavaThread "Unconstrained build operations Thread 12"        [_thread_blocked, id=11336, stack(0x000000101e200000,0x000000101e300000) (1024K)]
  0x00000191f67854a0 JavaThread "Unconstrained build operations Thread 13"        [_thread_blocked, id=33652, stack(0x000000101e300000,0x000000101e400000) (1024K)]
  0x00000191f67861c0 JavaThread "Unconstrained build operations Thread 14"        [_thread_blocked, id=3124, stack(0x000000101e400000,0x000000101e500000) (1024K)]
  0x00000191f6785b30 JavaThread "Unconstrained build operations Thread 15"        [_thread_blocked, id=12972, stack(0x000000101e500000,0x000000101e600000) (1024K)]
  0x00000191f6786ee0 JavaThread "Unconstrained build operations Thread 16"        [_thread_blocked, id=16636, stack(0x000000101e600000,0x000000101e700000) (1024K)]
  0x00000191f6784780 JavaThread "Unconstrained build operations Thread 17"        [_thread_blocked, id=12064, stack(0x000000101e700000,0x000000101e800000) (1024K)]
  0x00000191f678a9f0 JavaThread "Unconstrained build operations Thread 18"        [_thread_blocked, id=14832, stack(0x000000101e800000,0x000000101e900000) (1024K)]
  0x00000191f678b710 JavaThread "Unconstrained build operations Thread 19"        [_thread_blocked, id=30736, stack(0x000000101e900000,0x000000101ea00000) (1024K)]
  0x00000191f6788290 JavaThread "Unconstrained build operations Thread 20"        [_thread_blocked, id=12756, stack(0x000000101ea00000,0x000000101eb00000) (1024K)]
  0x00000191f6788fb0 JavaThread "Unconstrained build operations Thread 21"        [_thread_blocked, id=4440, stack(0x000000101eb00000,0x000000101ec00000) (1024K)]
  0x00000191f6789640 JavaThread "Unconstrained build operations Thread 22"        [_thread_blocked, id=11980, stack(0x000000101ec00000,0x000000101ed00000) (1024K)]
  0x00000191f6788920 JavaThread "Unconstrained build operations Thread 23"        [_thread_blocked, id=33340, stack(0x000000101ed00000,0x000000101ee00000) (1024K)]
  0x00000191f678bda0 JavaThread "Unconstrained build operations Thread 24"        [_thread_blocked, id=29620, stack(0x000000101ee00000,0x000000101ef00000) (1024K)]
  0x00000191f6789cd0 JavaThread "Unconstrained build operations Thread 25"        [_thread_blocked, id=7972, stack(0x000000101ef00000,0x000000101f000000) (1024K)]
  0x00000191f678a360 JavaThread "Unconstrained build operations Thread 26"        [_thread_blocked, id=32796, stack(0x000000101f000000,0x000000101f100000) (1024K)]
  0x00000191f678b080 JavaThread "Unconstrained build operations Thread 27"        [_thread_blocked, id=9584, stack(0x000000101f100000,0x000000101f200000) (1024K)]
  0x00000191f99bf730 JavaThread "Unconstrained build operations Thread 28"        [_thread_blocked, id=33780, stack(0x000000101f200000,0x000000101f300000) (1024K)]
  0x00000191f99bfdc0 JavaThread "Unconstrained build operations Thread 29"        [_thread_blocked, id=13284, stack(0x000000101f300000,0x000000101f400000) (1024K)]
  0x00000191f99bd660 JavaThread "Unconstrained build operations Thread 30"        [_thread_blocked, id=17968, stack(0x000000101f400000,0x000000101f500000) (1024K)]
  0x00000191f99be380 JavaThread "Unconstrained build operations Thread 31"        [_thread_blocked, id=7996, stack(0x000000101f500000,0x000000101f600000) (1024K)]
  0x00000191f99bdcf0 JavaThread "Unconstrained build operations Thread 32"        [_thread_blocked, id=8676, stack(0x000000101f600000,0x000000101f700000) (1024K)]
  0x00000191f99bea10 JavaThread "Unconstrained build operations Thread 33"        [_thread_blocked, id=31220, stack(0x000000101f700000,0x000000101f800000) (1024K)]
  0x00000191f99bc940 JavaThread "Memory manager"                    [_thread_blocked, id=26792, stack(0x000000101f800000,0x000000101f900000) (1024K)]
  0x00000191f99c38d0 JavaThread "build event listener"              [_thread_blocked, id=31048, stack(0x000000101f900000,0x000000101fa00000) (1024K)]
  0x00000191f99c2bb0 JavaThread "included builds"                   [_thread_blocked, id=31752, stack(0x000000101fa00000,0x000000101fb00000) (1024K)]
  0x00000191faf2bb10 JavaThread "Execution worker"                  [_thread_blocked, id=31808, stack(0x000000101fb00000,0x000000101fc00000) (1024K)]
  0x00000191faf2adf0 JavaThread "Execution worker Thread 2"         [_thread_blocked, id=32912, stack(0x000000101fc00000,0x000000101fd00000) (1024K)]
  0x00000191faf2b480 JavaThread "Execution worker Thread 3"         [_thread_blocked, id=31556, stack(0x000000101fd00000,0x000000101fe00000) (1024K)]
  0x00000191faf293b0 JavaThread "Execution worker Thread 4"         [_thread_blocked, id=13836, stack(0x000000101fe00000,0x000000101ff00000) (1024K)]
  0x00000191faf2c1a0 JavaThread "Execution worker Thread 5"         [_thread_blocked, id=11072, stack(0x000000101ff00000,0x0000001020000000) (1024K)]
  0x00000191faf28d20 JavaThread "Execution worker Thread 6"         [_thread_blocked, id=28396, stack(0x0000001020000000,0x0000001020100000) (1024K)]
  0x00000191faf2a0d0 JavaThread "Execution worker Thread 7"         [_thread_blocked, id=33412, stack(0x0000001020100000,0x0000001020200000) (1024K)]
  0x00000191faf29a40 JavaThread "Execution worker Thread 8"         [_thread_blocked, id=25060, stack(0x0000001020200000,0x0000001020300000) (1024K)]
  0x00000191faf2a760 JavaThread "Execution worker Thread 9"         [_thread_blocked, id=14892, stack(0x0000001020300000,0x0000001020400000) (1024K)]
  0x00000191fab66d20 JavaThread "Execution worker Thread 10"        [_thread_blocked, id=33576, stack(0x0000001020400000,0x0000001020500000) (1024K)]
  0x00000191fab680d0 JavaThread "Execution worker Thread 11"        [_thread_blocked, id=26296, stack(0x0000001020500000,0x0000001020600000) (1024K)]
  0x00000191fab68df0 JavaThread "Cache worker for execution history cache (C:\Users\lumi\FlutterSDK\flutter\packages\flutter_tools\gradle\.gradle\8.12\executionHistory)"        [_thread_blocked, id=11536, stack(0x0000001020600000,0x0000001020700000) (1024K)]
  0x00000191fab66690 JavaThread "Unconstrained build operations Thread 34"        [_thread_blocked, id=31936, stack(0x0000001020700000,0x0000001020800000) (1024K)]
  0x00000191fab69480 JavaThread "Unconstrained build operations Thread 35"        [_thread_blocked, id=13120, stack(0x0000001020800000,0x0000001020900000) (1024K)]
  0x00000191fab6a1a0 JavaThread "Unconstrained build operations Thread 36"        [_thread_blocked, id=24516, stack(0x0000001020900000,0x0000001020a00000) (1024K)]
  0x00000191fab673b0 JavaThread "Unconstrained build operations Thread 37"        [_thread_blocked, id=25288, stack(0x0000001020a00000,0x0000001020b00000) (1024K)]
  0x00000191fab69b10 JavaThread "Unconstrained build operations Thread 38"        [_thread_blocked, id=23848, stack(0x0000001020b00000,0x0000001020c00000) (1024K)]
  0x00000191fab6a830 JavaThread "Unconstrained build operations Thread 39"        [_thread_blocked, id=32100, stack(0x0000001020c00000,0x0000001020d00000) (1024K)]
  0x00000191fab67a40 JavaThread "Unconstrained build operations Thread 40"        [_thread_blocked, id=33172, stack(0x0000001020d00000,0x0000001020e00000) (1024K)]
  0x00000191fab68760 JavaThread "Unconstrained build operations Thread 41"        [_thread_blocked, id=27632, stack(0x0000001020e00000,0x0000001020f00000) (1024K)]
  0x00000191fab6bbe0 JavaThread "Unconstrained build operations Thread 42"        [_thread_blocked, id=27800, stack(0x0000001020f00000,0x0000001021000000) (1024K)]
  0x00000191fab6aec0 JavaThread "Unconstrained build operations Thread 43"        [_thread_blocked, id=22540, stack(0x0000001021000000,0x0000001021100000) (1024K)]
  0x00000191fab6b550 JavaThread "Unconstrained build operations Thread 44"        [_thread_blocked, id=23972, stack(0x0000001021100000,0x0000001021200000) (1024K)]
  0x00000191fab6d620 JavaThread "Unconstrained build operations Thread 45"        [_thread_blocked, id=33408, stack(0x0000001021200000,0x0000001021300000) (1024K)]
  0x00000191fab6c270 JavaThread "Unconstrained build operations Thread 46"        [_thread_blocked, id=32836, stack(0x0000001021300000,0x0000001021400000) (1024K)]
  0x00000191fab6c900 JavaThread "Unconstrained build operations Thread 47"        [_thread_blocked, id=28160, stack(0x0000001021400000,0x0000001021500000) (1024K)]
  0x00000191fab6dcb0 JavaThread "Unconstrained build operations Thread 48"        [_thread_blocked, id=28936, stack(0x0000001021500000,0x0000001021600000) (1024K)]
  0x00000191fab6cf90 JavaThread "Unconstrained build operations Thread 49"        [_thread_blocked, id=12976, stack(0x0000001021600000,0x0000001021700000) (1024K)]
  0x00000191faf9b410 JavaThread "Unconstrained build operations Thread 50"        [_thread_blocked, id=32756, stack(0x0000001021700000,0x0000001021800000) (1024K)]
  0x00000191faf9ad80 JavaThread "Unconstrained build operations Thread 51"        [_thread_blocked, id=26780, stack(0x0000001021800000,0x0000001021900000) (1024K)]
  0x00000191faf9d4e0 JavaThread "Unconstrained build operations Thread 52"        [_thread_blocked, id=25652, stack(0x0000001021900000,0x0000001021a00000) (1024K)]
  0x00000191faf9ce50 JavaThread "Unconstrained build operations Thread 53"        [_thread_blocked, id=32324, stack(0x0000001021a00000,0x0000001021b00000) (1024K)]
  0x00000191faf9baa0 JavaThread "Unconstrained build operations Thread 54"        [_thread_blocked, id=16836, stack(0x0000001021b00000,0x0000001021c00000) (1024K)]
  0x00000191faf9c130 JavaThread "Unconstrained build operations Thread 55"        [_thread_blocked, id=15520, stack(0x0000001021c00000,0x0000001021d00000) (1024K)]
  0x00000191faf9c7c0 JavaThread "Unconstrained build operations Thread 56"        [_thread_blocked, id=8564, stack(0x0000001021d00000,0x0000001021e00000) (1024K)]
  0x00000191faf9a060 JavaThread "Unconstrained build operations Thread 57"        [_thread_blocked, id=32676, stack(0x0000001021e00000,0x0000001021f00000) (1024K)]
  0x00000191faf9db70 JavaThread "Unconstrained build operations Thread 58"        [_thread_blocked, id=14652, stack(0x0000001021f00000,0x0000001022000000) (1024K)]
  0x00000191faf9a6f0 JavaThread "Unconstrained build operations Thread 59"        [_thread_blocked, id=764, stack(0x0000001022000000,0x0000001022100000) (1024K)]
  0x00000191fafa02d0 JavaThread "Unconstrained build operations Thread 60"        [_thread_blocked, id=32120, stack(0x0000001022100000,0x0000001022200000) (1024K)]
  0x00000191faf9f5b0 JavaThread "Unconstrained build operations Thread 61"        [_thread_blocked, id=27212, stack(0x0000001022200000,0x0000001022300000) (1024K)]
  0x00000191faf9e890 JavaThread "Unconstrained build operations Thread 62"        [_thread_blocked, id=14940, stack(0x0000001022300000,0x0000001022400000) (1024K)]
  0x00000191faf9fc40 JavaThread "Unconstrained build operations Thread 63"        [_thread_blocked, id=11372, stack(0x0000001022400000,0x0000001022500000) (1024K)]
  0x00000191fafa0960 JavaThread "Unconstrained build operations Thread 64"        [_thread_blocked, id=15008, stack(0x0000001022500000,0x0000001022600000) (1024K)]
  0x00000191fafa0ff0 JavaThread "Unconstrained build operations Thread 65"        [_thread_blocked, id=33556, stack(0x0000001022600000,0x0000001022700000) (1024K)]
  0x00000191fafa1680 JavaThread "Unconstrained build operations Thread 66"        [_thread_blocked, id=13724, stack(0x0000001022700000,0x0000001022800000) (1024K)]
  0x00000191faf9e200 JavaThread "Unconstrained build operations Thread 67"        [_thread_blocked, id=32616, stack(0x0000001022800000,0x0000001022900000) (1024K)]
  0x00000191faf9ef20 JavaThread "Unconstrained build operations Thread 68"        [_thread_blocked, id=31552, stack(0x0000001022900000,0x0000001022a00000) (1024K)]
  0x00000191f9bbb010 JavaThread "Unconstrained build operations Thread 69"        [_thread_blocked, id=33280, stack(0x0000001022a00000,0x0000001022b00000) (1024K)]
  0x00000191f9bbc3c0 JavaThread "Unconstrained build operations Thread 70"        [_thread_blocked, id=31028, stack(0x0000001022b00000,0x0000001022c00000) (1024K)]
  0x00000191f9bba980 JavaThread "Unconstrained build operations Thread 71"        [_thread_blocked, id=22128, stack(0x0000001022c00000,0x0000001022d00000) (1024K)]
  0x00000191f9bbca50 JavaThread "Unconstrained build operations Thread 72"        [_thread_blocked, id=24188, stack(0x0000001022d00000,0x0000001022e00000) (1024K)]
  0x00000191f9bb9c60 JavaThread "Unconstrained build operations Thread 73"        [_thread_blocked, id=24372, stack(0x0000001022e00000,0x0000001022f00000) (1024K)]
=>0x00000191f9bbb6a0 JavaThread "Unconstrained build operations Thread 74"        [_thread_in_vm, id=32788, stack(0x0000001022f00000,0x0000001023000000) (1024K)]
  0x00000191f9bbd0e0 JavaThread "Unconstrained build operations Thread 75"        [_thread_blocked, id=28192, stack(0x0000001023000000,0x0000001023100000) (1024K)]
  0x00000191f9bbd770 JavaThread "Unconstrained build operations Thread 76"        [_thread_blocked, id=8828, stack(0x0000001023100000,0x0000001023200000) (1024K)]
  0x00000191f9bbbd30 JavaThread "Unconstrained build operations Thread 77"        [_thread_blocked, id=12656, stack(0x0000001023200000,0x0000001023300000) (1024K)]
  0x00000191f9bba2f0 JavaThread "Unconstrained build operations Thread 78"        [_thread_blocked, id=13908, stack(0x0000001023300000,0x0000001023400000) (1024K)]
  0x00000191f9bbe490 JavaThread "Unconstrained build operations Thread 79"        [_thread_blocked, id=13184, stack(0x0000001023400000,0x0000001023500000) (1024K)]
  0x00000191f9bc0bf0 JavaThread "Unconstrained build operations Thread 80"        [_thread_blocked, id=14996, stack(0x0000001023500000,0x0000001023600000) (1024K)]
  0x00000191f9bc1280 JavaThread "Unconstrained build operations Thread 81"        [_thread_blocked, id=10176, stack(0x0000001023600000,0x0000001023700000) (1024K)]
  0x00000191f9bbde00 JavaThread "Unconstrained build operations Thread 82"        [_thread_blocked, id=11836, stack(0x0000001023700000,0x0000001023800000) (1024K)]
  0x00000191f9bbf1b0 JavaThread "Unconstrained build operations Thread 83"        [_thread_blocked, id=15760, stack(0x0000001023800000,0x0000001023900000) (1024K)]
  0x00000191f9bbeb20 JavaThread "Unconstrained build operations Thread 84"        [_thread_blocked, id=32600, stack(0x0000001023900000,0x0000001023a00000) (1024K)]
  0x00000191f9bbf840 JavaThread "Unconstrained build operations Thread 85"        [_thread_blocked, id=32508, stack(0x0000001023a00000,0x0000001023b00000) (1024K)]
  0x00000191f9bbfed0 JavaThread "Unconstrained build operations Thread 86"        [_thread_blocked, id=6004, stack(0x0000001023b00000,0x0000001023c00000) (1024K)]
  0x00000191f88e56c0 JavaThread "Unconstrained build operations Thread 87"        [_thread_blocked, id=33404, stack(0x0000001023c00000,0x0000001023d00000) (1024K)]
  0x00000191f88e63e0 JavaThread "Unconstrained build operations Thread 88"        [_thread_blocked, id=31020, stack(0x0000001023d00000,0x0000001023e00000) (1024K)]
  0x00000191f88e49a0 JavaThread "Unconstrained build operations Thread 89"        [_thread_blocked, id=14520, stack(0x0000001023e00000,0x0000001023f00000) (1024K)]
  0x00000191f88e2f60 JavaThread "Unconstrained build operations Thread 90"        [_thread_blocked, id=32392, stack(0x0000001023f00000,0x0000001024000000) (1024K)]
  0x00000191f88e5030 JavaThread "Unconstrained build operations Thread 91"        [_thread_blocked, id=31772, stack(0x0000001024000000,0x0000001024100000) (1024K)]
  0x00000191f88e35f0 JavaThread "Unconstrained build operations Thread 92"        [_thread_blocked, id=6924, stack(0x0000001024100000,0x0000001024200000) (1024K)]
  0x00000191f88e5d50 JavaThread "Unconstrained build operations Thread 93"        [_thread_blocked, id=11852, stack(0x0000001024200000,0x0000001024300000) (1024K)]
  0x00000191f88e3c80 JavaThread "Unconstrained build operations Thread 94"        [_thread_blocked, id=22308, stack(0x0000001024300000,0x0000001024400000) (1024K)]
  0x00000191f88e7100 JavaThread "Unconstrained build operations Thread 95"        [_thread_blocked, id=26348, stack(0x0000001024400000,0x0000001024500000) (1024K)]
  0x00000191f88e4310 JavaThread "Unconstrained build operations Thread 96"        [_thread_blocked, id=33756, stack(0x0000001024500000,0x0000001024600000) (1024K)]
  0x00000191f88e8b40 JavaThread "Unconstrained build operations Thread 97"        [_thread_blocked, id=31964, stack(0x0000001024600000,0x0000001024700000) (1024K)]
  0x00000191f88e91d0 JavaThread "Unconstrained build operations Thread 98"        [_thread_blocked, id=192, stack(0x0000001024700000,0x0000001024800000) (1024K)]
  0x00000191f88e7790 JavaThread "Unconstrained build operations Thread 99"        [_thread_blocked, id=30560, stack(0x0000001024800000,0x0000001024900000) (1024K)]
  0x00000191f88e9860 JavaThread "Unconstrained build operations Thread 100"        [_thread_blocked, id=3216, stack(0x0000001024900000,0x0000001024a00000) (1024K)]
  0x00000191f88e7e20 JavaThread "Unconstrained build operations Thread 101"        [_thread_blocked, id=29252, stack(0x0000001024a00000,0x0000001024b00000) (1024K)]
  0x00000191f5c53e50 JavaThread "build event listener"              [_thread_blocked, id=18068, stack(0x0000001024b00000,0x0000001024c00000) (1024K)]
  0x00000191f5c58d10 JavaThread "jar transforms"                    [_thread_blocked, id=26848, stack(0x0000001024c00000,0x0000001024d00000) (1024K)]
  0x00000191f5c5ef80 JavaThread "Unconstrained build operations Thread 102"        [_thread_blocked, id=31664, stack(0x0000001024d00000,0x0000001024e00000) (1024K)]
  0x00000191f5c5f610 JavaThread "Unconstrained build operations Thread 103"        [_thread_blocked, id=32228, stack(0x0000001024e00000,0x0000001024f00000) (1024K)]
  0x00000191f5c5e8f0 JavaThread "Unconstrained build operations Thread 104"        [_thread_blocked, id=10888, stack(0x0000001024f00000,0x0000001025000000) (1024K)]
  0x00000191f5c5d540 JavaThread "Unconstrained build operations Thread 105"        [_thread_blocked, id=32052, stack(0x0000001025000000,0x0000001025100000) (1024K)]
  0x00000191f5c5fca0 JavaThread "Unconstrained build operations Thread 106"        [_thread_blocked, id=6968, stack(0x0000001025100000,0x0000001025200000) (1024K)]
  0x00000191f5c5c820 JavaThread "Unconstrained build operations Thread 107"        [_thread_blocked, id=3576, stack(0x0000001025200000,0x0000001025300000) (1024K)]
  0x00000191f5c5ceb0 JavaThread "Unconstrained build operations Thread 108"        [_thread_blocked, id=32732, stack(0x0000001025300000,0x0000001025400000) (1024K)]
  0x00000191f5c5dbd0 JavaThread "Unconstrained build operations Thread 109"        [_thread_blocked, id=28352, stack(0x0000001025400000,0x0000001025500000) (1024K)]
  0x00000191f5c5e260 JavaThread "Unconstrained build operations Thread 110"        [_thread_blocked, id=24176, stack(0x0000001025500000,0x0000001025600000) (1024K)]
  0x00000191f995fc60 JavaThread "Unconstrained build operations Thread 111"        [_thread_blocked, id=19632, stack(0x0000001025600000,0x0000001025700000) (1024K)]
  0x00000191f99602f0 JavaThread "Unconstrained build operations Thread 112"        [_thread_blocked, id=26556, stack(0x0000001025700000,0x0000001025800000) (1024K)]
  0x00000191f9963770 JavaThread "Unconstrained build operations Thread 113"        [_thread_blocked, id=31432, stack(0x0000001025800000,0x0000001025900000) (1024K)]
  0x00000191f99616a0 JavaThread "Unconstrained build operations Thread 114"        [_thread_blocked, id=10860, stack(0x0000001025900000,0x0000001025a00000) (1024K)]
  0x00000191f99623c0 JavaThread "Unconstrained build operations Thread 115"        [_thread_blocked, id=22016, stack(0x0000001025a00000,0x0000001025b00000) (1024K)]
  0x00000191f9962a50 JavaThread "Unconstrained build operations Thread 116"        [_thread_blocked, id=18044, stack(0x0000001025b00000,0x0000001025c00000) (1024K)]
  0x00000191f99630e0 JavaThread "Unconstrained build operations Thread 117"        [_thread_blocked, id=29308, stack(0x0000001025c00000,0x0000001025d00000) (1024K)]
  0x00000191f9963e00 JavaThread "Unconstrained build operations Thread 118"        [_thread_blocked, id=30784, stack(0x0000001025d00000,0x0000001025e00000) (1024K)]
  0x00000191f9960980 JavaThread "Unconstrained build operations Thread 119"        [_thread_blocked, id=33348, stack(0x0000001025e00000,0x0000001025f00000) (1024K)]
  0x00000191f9964490 JavaThread "Unconstrained build operations Thread 120"        [_thread_blocked, id=24612, stack(0x0000001025f00000,0x0000001026000000) (1024K)]
  0x00000191f9961010 JavaThread "jar transforms Thread 2"           [_thread_blocked, id=24120, stack(0x0000001026000000,0x0000001026100000) (1024K)]
  0x00000191f9966bf0 JavaThread "jar transforms Thread 3"           [_thread_blocked, id=33444, stack(0x0000001026100000,0x0000001026200000) (1024K)]
  0x00000191f9965840 JavaThread "jar transforms Thread 4"           [_thread_blocked, id=33752, stack(0x0000001026200000,0x0000001026300000) (1024K)]
  0x00000191f9965ed0 JavaThread "Problems report writer"            [_thread_blocked, id=29296, stack(0x0000001026300000,0x0000001026400000) (1024K)]
  0x00000191f9967280 JavaThread "jar transforms Thread 5"           [_thread_blocked, id=27808, stack(0x0000001026400000,0x0000001026500000) (1024K)]
  0x00000191f933dd20 JavaThread "jar transforms Thread 6"           [_thread_blocked, id=22088, stack(0x0000001026500000,0x0000001026600000) (1024K)]
  0x00000191f52cf8e0 JavaThread "jar transforms Thread 7"           [_thread_blocked, id=16752, stack(0x0000001026600000,0x0000001026700000) (1024K)]
  0x00000191ff49fdf0 JavaThread "jar transforms Thread 8"           [_thread_blocked, id=28572, stack(0x0000001026700000,0x0000001026800000) (1024K)]
  0x00000191ff49ea40 JavaThread "jar transforms Thread 9"           [_thread_blocked, id=13688, stack(0x0000001026800000,0x0000001026900000) (1024K)]
  0x00000191ff49d690 JavaThread "jar transforms Thread 10"          [_thread_blocked, id=27756, stack(0x0000001026900000,0x0000001026a00000) (1024K)]
  0x00000191ff49f0d0 JavaThread "jar transforms Thread 11"          [_thread_blocked, id=15860, stack(0x0000001026a00000,0x0000001026b00000) (1024K)]
  0x00000191ff4a0480 JavaThread "jar transforms Thread 12"          [_thread_blocked, id=7948, stack(0x0000001026b00000,0x0000001026c00000) (1024K)]
  0x00000191ff4a11a0 JavaThread "pool-3-thread-1"                   [_thread_blocked, id=26004, stack(0x0000001026c00000,0x0000001026d00000) (1024K)]
  0x00000191ff4a7410 JavaThread "build event listener"              [_thread_blocked, id=30204, stack(0x0000001026d00000,0x0000001026e00000) (1024K)]
  0x00000191ff4a5340 JavaThread "Cache worker for execution history cache (C:\Users\lumi\daelim_2025_home\geofeed\geofeed\android\.gradle\8.12\executionHistory)"        [_thread_blocked, id=31084, stack(0x0000001026e00000,0x0000001026f00000) (1024K)]
  0x00000191ff4a59d0 JavaThread "Exec process"                      [_thread_blocked, id=32812, stack(0x0000001026f00000,0x0000001027000000) (1024K)]
  0x00000191ff4a6060 JavaThread "Exec process Thread 2"             [_thread_blocked, id=33456, stack(0x0000001027000000,0x0000001027100000) (1024K)]
  0x00000191ff4a8130 JavaThread "Exec process Thread 3"             [_thread_blocked, id=32808, stack(0x0000001027100000,0x0000001027200000) (1024K)]
  0x00000191ff4a4cb0 JavaThread "WorkerExecutor Queue"              [_thread_blocked, id=29680, stack(0x000000101b500000,0x000000101b600000) (1024K)]
  0x00000191ff4a6d80 JavaThread "WorkerExecutor Queue Thread 2"        [_thread_blocked, id=12444, stack(0x0000001027200000,0x0000001027300000) (1024K)]
  0x00000191ff4a9b70 JavaThread "WorkerExecutor Queue Thread 3"        [_thread_blocked, id=33544, stack(0x0000001027300000,0x0000001027400000) (1024K)]
  0x00000191ff4a87c0 JavaThread "WorkerExecutor Queue Thread 4"        [_thread_blocked, id=33612, stack(0x0000001027400000,0x0000001027500000) (1024K)]
  0x00000191ff4a94e0 JavaThread "WorkerExecutor Queue Thread 6"        [_thread_blocked, id=21552, stack(0x0000001027600000,0x0000001027700000) (1024K)]
  0x00000191ff4a8e50 JavaThread "WorkerExecutor Queue Thread 7"        [_thread_blocked, id=32040, stack(0x0000001027700000,0x0000001027800000) (1024K)]
  0x00000191ff4aa890 JavaThread "WorkerExecutor Queue Thread 8"        [_thread_blocked, id=11136, stack(0x0000001027800000,0x0000001027900000) (1024K)]
  0x00000191ff4ac2d0 JavaThread "WorkerExecutor Queue Thread 9"        [_thread_blocked, id=26092, stack(0x0000001027a00000,0x0000001027b00000) (1024K)]
  0x00000191ff4aaf20 JavaThread "WorkerExecutor Queue Thread 10"        [_thread_blocked, id=13208, stack(0x0000001027b00000,0x0000001027c00000) (1024K)]
  0x00000191ff4aa200 JavaThread "WorkerExecutor Queue Thread 11"        [_thread_blocked, id=33152, stack(0x0000001027c00000,0x0000001027d00000) (1024K)]
  0x00000191ff4abc40 JavaThread "WorkerExecutor Queue Thread 12"        [_thread_blocked, id=11932, stack(0x0000001027d00000,0x0000001027e00000) (1024K)]
  0x00000191ff475ce0 JavaThread "WorkerExecutor Queue Thread 13"        [_thread_blocked, id=25868, stack(0x0000001028100000,0x0000001028200000) (1024K)]
  0x00000191f5c593a0 JavaThread "pool-4-thread-1"                   [_thread_blocked, id=32488, stack(0x0000001027900000,0x0000001027a00000) (1024K)]
  0x00000191ff4a66f0 JavaThread "stderr"                            [_thread_in_native, id=25124, stack(0x0000001028200000,0x0000001028300000) (1024K)]
  0x00000191ff477720 JavaThread "stdout"                            [_thread_in_native, id=5744, stack(0x0000001028300000,0x0000001028400000) (1024K)]
  0x00000191f88e6a70 JavaThread "stderr"                            [_thread_in_native, id=27576, stack(0x0000001028400000,0x0000001028500000) (1024K)]
  0x00000191a16b49f0 JavaThread "stdout"                            [_thread_in_native, id=33004, stack(0x0000001028500000,0x0000001028600000) (1024K)]
  0x00000191a16b4360 JavaThread "Cache worker for Java compile cache (C:\Users\lumi\.gradle\caches\8.12\javaCompile)"        [_thread_blocked, id=28532, stack(0x000000101b400000,0x000000101b500000) (1024K)]
  0x00000191a16b5710 JavaThread "Build operations"                  [_thread_blocked, id=12884, stack(0x0000001028700000,0x0000001028800000) (1024K)]
  0x00000191a16b2290 JavaThread "Build operations Thread 2"         [_thread_blocked, id=28204, stack(0x0000001028800000,0x0000001028900000) (1024K)]
  0x00000191a16b5da0 JavaThread "Build operations Thread 3"         [_thread_blocked, id=15264, stack(0x0000001028900000,0x0000001028a00000) (1024K)]
  0x00000191a16b2920 JavaThread "Build operations Thread 4"         [_thread_blocked, id=32572, stack(0x0000001028a00000,0x0000001028b00000) (1024K)]
  0x00000191a16b6430 JavaThread "Build operations Thread 5"         [_thread_blocked, id=14596, stack(0x0000001028b00000,0x0000001028c00000) (1024K)]
  0x00000191a16b2fb0 JavaThread "Build operations Thread 6"         [_thread_blocked, id=32460, stack(0x0000001028c00000,0x0000001028d00000) (1024K)]
  0x00000191a16b8b90 JavaThread "Build operations Thread 7"         [_thread_blocked, id=33608, stack(0x0000001028d00000,0x0000001028e00000) (1024K)]
  0x00000191a16b6ac0 JavaThread "Build operations Thread 8"         [_thread_blocked, id=15820, stack(0x0000001028e00000,0x0000001028f00000) (1024K)]
  0x00000191a16b7150 JavaThread "Build operations Thread 9"         [_thread_blocked, id=11256, stack(0x0000001028f00000,0x0000001029000000) (1024K)]
  0x00000191a16b7e70 JavaThread "Build operations Thread 10"        [_thread_blocked, id=13480, stack(0x0000001029000000,0x0000001029100000) (1024K)]
  0x00000191a16b98b0 JavaThread "Build operations Thread 11"        [_thread_blocked, id=24792, stack(0x0000001029100000,0x0000001029200000) (1024K)]
  0x00000191a018bf20 JavaThread "Build operations Thread 12"        [_thread_blocked, id=9700, stack(0x0000001029200000,0x0000001029300000) (1024K)]
  0x00000191a01900c0 JavaThread "RMI Scheduler(0)"           daemon [_thread_blocked, id=30724, stack(0x0000001027500000,0x0000001027600000) (1024K)]
  0x00000191a0192eb0 JavaThread "RMI GC Daemon"              daemon [_thread_blocked, id=23256, stack(0x0000001029300000,0x0000001029400000) (1024K)]
  0x00000191a0191470 JavaThread "RMI TCP Accept-0"           daemon [_thread_in_native, id=11600, stack(0x0000001029400000,0x0000001029500000) (1024K)]
  0x00000191a0192190 JavaThread "RMI Reaper"                        [_thread_blocked, id=1164, stack(0x0000001029500000,0x0000001029600000) (1024K)]
  0x00000191a0193540 JavaThread "RMI TCP Connection(1)-127.0.0.1" daemon [_thread_in_native, id=13216, stack(0x0000001029600000,0x0000001029700000) (1024K)]
Total: 223

Other Threads:
  0x00000191eeaac800 VMThread "VM Thread"                           [id=25484, stack(0x000000101a900000,0x000000101aa00000) (1024K)]
  0x00000191ebe55610 WatcherThread "VM Periodic Task Thread"        [id=4176, stack(0x000000101a800000,0x000000101a900000) (1024K)]
  0x00000191de44cbb0 WorkerThread "GC Thread#0"                     [id=13408, stack(0x000000101a300000,0x000000101a400000) (1024K)]
  0x00000191f318d2b0 WorkerThread "GC Thread#1"                     [id=27716, stack(0x000000101b600000,0x000000101b700000) (1024K)]
  0x00000191f367aa20 WorkerThread "GC Thread#2"                     [id=17200, stack(0x000000101b700000,0x000000101b800000) (1024K)]
  0x00000191f367adc0 WorkerThread "GC Thread#3"                     [id=28748, stack(0x000000101b800000,0x000000101b900000) (1024K)]
  0x00000191f36eed00 WorkerThread "GC Thread#4"                     [id=30972, stack(0x000000101b900000,0x000000101ba00000) (1024K)]
  0x00000191f36edae0 WorkerThread "GC Thread#5"                     [id=25120, stack(0x000000101ba00000,0x000000101bb00000) (1024K)]
  0x00000191f36ede80 WorkerThread "GC Thread#6"                     [id=4156, stack(0x000000101bb00000,0x000000101bc00000) (1024K)]
  0x00000191f36ee960 WorkerThread "GC Thread#7"                     [id=33744, stack(0x000000101bc00000,0x000000101bd00000) (1024K)]
  0x00000191f36ed740 WorkerThread "GC Thread#8"                     [id=27512, stack(0x000000101bd00000,0x000000101be00000) (1024K)]
  0x00000191f36ed3a0 WorkerThread "GC Thread#9"                     [id=33496, stack(0x000000101be00000,0x000000101bf00000) (1024K)]
  0x00000191de45e8e0 ConcurrentGCThread "G1 Main Marker"            [id=25432, stack(0x000000101a400000,0x000000101a500000) (1024K)]
  0x00000191ebc60470 WorkerThread "G1 Conc#0"                       [id=24392, stack(0x000000101a500000,0x000000101a600000) (1024K)]
  0x00000191f4a787f0 WorkerThread "G1 Conc#1"                       [id=27840, stack(0x000000101c900000,0x000000101ca00000) (1024K)]
  0x00000191f4a7be50 WorkerThread "G1 Conc#2"                       [id=10676, stack(0x000000101ca00000,0x000000101cb00000) (1024K)]
  0x00000191ebd25af0 ConcurrentGCThread "G1 Refine#0"               [id=12700, stack(0x000000101a600000,0x000000101a700000) (1024K)]
  0x00000191ebd27420 ConcurrentGCThread "G1 Service"                [id=32948, stack(0x000000101a700000,0x000000101a800000) (1024K)]
Total: 18

Threads with active compile tasks:
Total: 0

VM state: not at safepoint (normal execution)

VM Mutex/Monitor currently owned by a thread:  ([mutex/lock_event])
[0x00007fff36e51568] Heap_lock - owner thread: 0x00000191f9bbb6a0

Heap address: 0x0000000600000000, size: 8192 MB, Compressed Oops mode: Zero based, Oop shift amount: 3

CDS archive(s) not mapped
Compressed class space mapped at: 0x0000000800000000-0x0000000840000000, reserved size: 1073741824
Narrow klass base: 0x0000000800000000, Narrow klass shift: 0, Narrow klass range: 0x40000000

GC Precious Log:
 CardTable entry size: 512
 Card Set container configuration: InlinePtr #cards 4 size 8 Array Of Cards #cards 32 size 80 Howl #buckets 8 coarsen threshold 7372 Howl Bitmap #cards 1024 size 144 coarsen threshold 921 Card regions per heap region 1 cards per card region 8192
 CPUs: 12 total, 12 available
 Memory: 31861M
 Large Page Support: Disabled
 NUMA Support: Disabled
 Compressed Oops: Enabled (Zero based)
 Heap Region Size: 4M
 Heap Min Capacity: 8M
 Heap Initial Capacity: 500M
 Heap Max Capacity: 8G
 Pre-touch: Disabled
 Parallel Workers: 10
 Concurrent Workers: 3
 Concurrent Refinement Workers: 10
 Periodic GC: Disabled

Heap:
 garbage-first heap   total 2428928K, used 2156200K [0x0000000600000000, 0x0000000800000000)
  region size 4096K, 15 young (61440K), 5 survivors (20480K)
 Metaspace       used 183016K, committed 186432K, reserved 1245184K
  class space    used 23592K, committed 25088K, reserved 1048576K

Heap Regions: E=young(eden), S=young(survivor), O=old, HS=humongous(starts), HC=humongous(continues), CS=collection set, F=free, TAMS=top-at-mark-start, PB=parsable bottom
|   0|0x0000000600000000, 0x0000000600400000, 0x0000000600400000|100%|HS|  |TAMS 0x0000000600000000| PB 0x0000000600000000| Complete 
|   1|0x0000000600400000, 0x00000006007c3728, 0x0000000600800000| 94%| O|  |TAMS 0x0000000600400000| PB 0x0000000600400000| Untracked 
|   2|0x0000000600800000, 0x0000000600c00000, 0x0000000600c00000|100%| O|  |TAMS 0x0000000600800000| PB 0x0000000600800000| Untracked 
|   3|0x0000000600c00000, 0x0000000601000000, 0x0000000601000000|100%| O|  |TAMS 0x0000000600c00000| PB 0x0000000600c00000| Untracked 
|   4|0x0000000601000000, 0x0000000601400000, 0x0000000601400000|100%| O|  |TAMS 0x0000000601000000| PB 0x0000000601000000| Untracked 
|   5|0x0000000601400000, 0x0000000601800000, 0x0000000601800000|100%| O|  |TAMS 0x0000000601400000| PB 0x0000000601400000| Untracked 
|   6|0x0000000601800000, 0x0000000601c00000, 0x0000000601c00000|100%| O|  |TAMS 0x0000000601800000| PB 0x0000000601800000| Untracked 
|   7|0x0000000601c00000, 0x0000000602000000, 0x0000000602000000|100%| O|  |TAMS 0x0000000601c00000| PB 0x0000000601c00000| Untracked 
|   8|0x0000000602000000, 0x0000000602400000, 0x0000000602400000|100%|HS|  |TAMS 0x0000000602000000| PB 0x0000000602000000| Complete 
|   9|0x0000000602400000, 0x0000000602800000, 0x0000000602800000|100%| O|  |TAMS 0x0000000602400000| PB 0x0000000602400000| Untracked 
|  10|0x0000000602800000, 0x0000000602c00000, 0x0000000602c00000|100%|HS|  |TAMS 0x0000000602800000| PB 0x0000000602800000| Complete 
|  11|0x0000000602c00000, 0x0000000603000000, 0x0000000603000000|100%| O|  |TAMS 0x0000000602c00000| PB 0x0000000602c00000| Untracked 
|  12|0x0000000603000000, 0x0000000603400000, 0x0000000603400000|100%| O|  |TAMS 0x0000000603000000| PB 0x0000000603000000| Untracked 
|  13|0x0000000603400000, 0x0000000603800000, 0x0000000603800000|100%| O|  |TAMS 0x0000000603400000| PB 0x0000000603400000| Untracked 
|  14|0x0000000603800000, 0x0000000603c00000, 0x0000000603c00000|100%| O|  |TAMS 0x0000000603800000| PB 0x0000000603800000| Untracked 
|  15|0x0000000603c00000, 0x0000000604000000, 0x0000000604000000|100%| O|  |TAMS 0x0000000603c00000| PB 0x0000000603c00000| Untracked 
|  16|0x0000000604000000, 0x0000000604400000, 0x0000000604400000|100%| O|  |TAMS 0x0000000604000000| PB 0x0000000604000000| Untracked 
|  17|0x0000000604400000, 0x0000000604800000, 0x0000000604800000|100%| O|  |TAMS 0x0000000604400000| PB 0x0000000604400000| Untracked 
|  18|0x0000000604800000, 0x0000000604c00000, 0x0000000604c00000|100%| O|  |TAMS 0x0000000604800000| PB 0x0000000604800000| Untracked 
|  19|0x0000000604c00000, 0x0000000604c00000, 0x0000000605000000|  0%| F|  |TAMS 0x0000000604c00000| PB 0x0000000604c00000| Untracked 
|  20|0x0000000605000000, 0x0000000605400000, 0x0000000605400000|100%| O|  |TAMS 0x0000000605000000| PB 0x0000000605000000| Untracked 
|  21|0x0000000605400000, 0x0000000605800000, 0x0000000605800000|100%| O|  |TAMS 0x0000000605400000| PB 0x0000000605400000| Untracked 
|  22|0x0000000605800000, 0x0000000605c00000, 0x0000000605c00000|100%| O|  |TAMS 0x0000000605800000| PB 0x0000000605800000| Untracked 
|  23|0x0000000605c00000, 0x0000000606000000, 0x0000000606000000|100%| O|  |TAMS 0x0000000605c00000| PB 0x0000000605c00000| Untracked 
|  24|0x0000000606000000, 0x0000000606400000, 0x0000000606400000|100%| O|  |TAMS 0x0000000606000000| PB 0x0000000606000000| Untracked 
|  25|0x0000000606400000, 0x0000000606800000, 0x0000000606800000|100%| O|  |TAMS 0x0000000606400000| PB 0x0000000606400000| Untracked 
|  26|0x0000000606800000, 0x0000000606c00000, 0x0000000606c00000|100%| O|  |TAMS 0x0000000606800000| PB 0x0000000606800000| Untracked 
|  27|0x0000000606c00000, 0x0000000607000000, 0x0000000607000000|100%|HS|  |TAMS 0x0000000606c00000| PB 0x0000000606c00000| Complete 
|  28|0x0000000607000000, 0x0000000607400000, 0x0000000607400000|100%| O|  |TAMS 0x0000000607000000| PB 0x0000000607000000| Untracked 
|  29|0x0000000607400000, 0x0000000607800000, 0x0000000607800000|100%| O|  |TAMS 0x0000000607400000| PB 0x0000000607400000| Untracked 
|  30|0x0000000607800000, 0x0000000607c00000, 0x0000000607c00000|100%| O|  |TAMS 0x0000000607800000| PB 0x0000000607800000| Untracked 
|  31|0x0000000607c00000, 0x0000000608000000, 0x0000000608000000|100%| O|  |TAMS 0x0000000607c00000| PB 0x0000000607c00000| Untracked 
|  32|0x0000000608000000, 0x0000000608400000, 0x0000000608400000|100%| O|  |TAMS 0x0000000608000000| PB 0x0000000608000000| Untracked 
|  33|0x0000000608400000, 0x0000000608800000, 0x0000000608800000|100%| O|  |TAMS 0x0000000608400000| PB 0x0000000608400000| Untracked 
|  34|0x0000000608800000, 0x0000000608c00000, 0x0000000608c00000|100%| O|  |TAMS 0x0000000608800000| PB 0x0000000608800000| Untracked 
|  35|0x0000000608c00000, 0x0000000609000000, 0x0000000609000000|100%|HS|  |TAMS 0x0000000608c00000| PB 0x0000000608c00000| Complete 
|  36|0x0000000609000000, 0x0000000609400000, 0x0000000609400000|100%| O|  |TAMS 0x0000000609000000| PB 0x0000000609000000| Untracked 
|  37|0x0000000609400000, 0x0000000609800000, 0x0000000609800000|100%| O|  |TAMS 0x0000000609400000| PB 0x0000000609400000| Untracked 
|  38|0x0000000609800000, 0x0000000609800000, 0x0000000609c00000|  0%| F|  |TAMS 0x0000000609800000| PB 0x0000000609800000| Untracked 
|  39|0x0000000609c00000, 0x000000060a000000, 0x000000060a000000|100%| O|  |TAMS 0x0000000609c00000| PB 0x0000000609c00000| Untracked 
|  40|0x000000060a000000, 0x000000060a400000, 0x000000060a400000|100%| O|  |TAMS 0x000000060a000000| PB 0x000000060a000000| Untracked 
|  41|0x000000060a400000, 0x000000060a800000, 0x000000060a800000|100%| O|  |TAMS 0x000000060a400000| PB 0x000000060a400000| Untracked 
|  42|0x000000060a800000, 0x000000060ac00000, 0x000000060ac00000|100%| O|  |TAMS 0x000000060a800000| PB 0x000000060a800000| Untracked 
|  43|0x000000060ac00000, 0x000000060b000000, 0x000000060b000000|100%| O|  |TAMS 0x000000060ac00000| PB 0x000000060ac00000| Untracked 
|  44|0x000000060b000000, 0x000000060b400000, 0x000000060b400000|100%| O|  |TAMS 0x000000060b000000| PB 0x000000060b000000| Untracked 
|  45|0x000000060b400000, 0x000000060b400000, 0x000000060b800000|  0%| F|  |TAMS 0x000000060b400000| PB 0x000000060b400000| Untracked 
|  46|0x000000060b800000, 0x000000060bc00000, 0x000000060bc00000|100%| O|  |TAMS 0x000000060b800000| PB 0x000000060b800000| Untracked 
|  47|0x000000060bc00000, 0x000000060c000000, 0x000000060c000000|100%| O|  |TAMS 0x000000060bc00000| PB 0x000000060bc00000| Untracked 
|  48|0x000000060c000000, 0x000000060c400000, 0x000000060c400000|100%| O|  |TAMS 0x000000060c000000| PB 0x000000060c000000| Untracked 
|  49|0x000000060c400000, 0x000000060c800000, 0x000000060c800000|100%| O|Cm|TAMS 0x000000060c400000| PB 0x000000060c400000| Complete 
|  50|0x000000060c800000, 0x000000060cc00000, 0x000000060cc00000|100%| O|  |TAMS 0x000000060c800000| PB 0x000000060c800000| Untracked 
|  51|0x000000060cc00000, 0x000000060d000000, 0x000000060d000000|100%| O|  |TAMS 0x000000060cc00000| PB 0x000000060cc00000| Untracked 
|  52|0x000000060d000000, 0x000000060d400000, 0x000000060d400000|100%| O|  |TAMS 0x000000060d000000| PB 0x000000060d000000| Untracked 
|  53|0x000000060d400000, 0x000000060d800000, 0x000000060d800000|100%| O|  |TAMS 0x000000060d400000| PB 0x000000060d400000| Untracked 
|  54|0x000000060d800000, 0x000000060dc00000, 0x000000060dc00000|100%| O|  |TAMS 0x000000060d800000| PB 0x000000060d800000| Untracked 
|  55|0x000000060dc00000, 0x000000060e000000, 0x000000060e000000|100%| O|  |TAMS 0x000000060dc00000| PB 0x000000060dc00000| Untracked 
|  56|0x000000060e000000, 0x000000060e400000, 0x000000060e400000|100%| O|  |TAMS 0x000000060e000000| PB 0x000000060e000000| Untracked 
|  57|0x000000060e400000, 0x000000060e800000, 0x000000060e800000|100%| O|  |TAMS 0x000000060e400000| PB 0x000000060e400000| Untracked 
|  58|0x000000060e800000, 0x000000060e800000, 0x000000060ec00000|  0%| F|  |TAMS 0x000000060e800000| PB 0x000000060e800000| Untracked 
|  59|0x000000060ec00000, 0x000000060f000000, 0x000000060f000000|100%| O|  |TAMS 0x000000060ec00000| PB 0x000000060ec00000| Untracked 
|  60|0x000000060f000000, 0x000000060f400000, 0x000000060f400000|100%| O|  |TAMS 0x000000060f000000| PB 0x000000060f000000| Untracked 
|  61|0x000000060f400000, 0x000000060f800000, 0x000000060f800000|100%| O|  |TAMS 0x000000060f400000| PB 0x000000060f400000| Untracked 
|  62|0x000000060f800000, 0x000000060fc00000, 0x000000060fc00000|100%| O|  |TAMS 0x000000060f800000| PB 0x000000060f800000| Untracked 
|  63|0x000000060fc00000, 0x0000000610000000, 0x0000000610000000|100%| O|  |TAMS 0x000000060fc00000| PB 0x000000060fc00000| Untracked 
|  64|0x0000000610000000, 0x0000000610400000, 0x0000000610400000|100%| O|  |TAMS 0x0000000610000000| PB 0x0000000610000000| Untracked 
|  65|0x0000000610400000, 0x0000000610800000, 0x0000000610800000|100%| O|  |TAMS 0x0000000610400000| PB 0x0000000610400000| Untracked 
|  66|0x0000000610800000, 0x0000000610c00000, 0x0000000610c00000|100%| O|  |TAMS 0x0000000610800000| PB 0x0000000610800000| Untracked 
|  67|0x0000000610c00000, 0x0000000610c00000, 0x0000000611000000|  0%| F|  |TAMS 0x0000000610c00000| PB 0x0000000610c00000| Untracked 
|  68|0x0000000611000000, 0x0000000611000000, 0x0000000611400000|  0%| F|  |TAMS 0x0000000611000000| PB 0x0000000611000000| Untracked 
|  69|0x0000000611400000, 0x0000000611800000, 0x0000000611800000|100%| O|  |TAMS 0x0000000611400000| PB 0x0000000611400000| Untracked 
|  70|0x0000000611800000, 0x0000000611c00000, 0x0000000611c00000|100%| O|  |TAMS 0x0000000611800000| PB 0x0000000611800000| Untracked 
|  71|0x0000000611c00000, 0x0000000612000000, 0x0000000612000000|100%|HS|  |TAMS 0x0000000611c00000| PB 0x0000000611c00000| Complete 
|  72|0x0000000612000000, 0x0000000612400000, 0x0000000612400000|100%|HC|  |TAMS 0x0000000612000000| PB 0x0000000612000000| Complete 
|  73|0x0000000612400000, 0x0000000612800000, 0x0000000612800000|100%|HC|  |TAMS 0x0000000612400000| PB 0x0000000612400000| Complete 
|  74|0x0000000612800000, 0x0000000612c00000, 0x0000000612c00000|100%|HC|  |TAMS 0x0000000612800000| PB 0x0000000612800000| Complete 
|  75|0x0000000612c00000, 0x0000000613000000, 0x0000000613000000|100%|HC|  |TAMS 0x0000000612c00000| PB 0x0000000612c00000| Complete 
|  76|0x0000000613000000, 0x0000000613400000, 0x0000000613400000|100%|HC|  |TAMS 0x0000000613000000| PB 0x0000000613000000| Complete 
|  77|0x0000000613400000, 0x0000000613800000, 0x0000000613800000|100%|HC|  |TAMS 0x0000000613400000| PB 0x0000000613400000| Complete 
|  78|0x0000000613800000, 0x0000000613c00000, 0x0000000613c00000|100%|HC|  |TAMS 0x0000000613800000| PB 0x0000000613800000| Complete 
|  79|0x0000000613c00000, 0x0000000614000000, 0x0000000614000000|100%|HC|  |TAMS 0x0000000613c00000| PB 0x0000000613c00000| Complete 
|  80|0x0000000614000000, 0x0000000614400000, 0x0000000614400000|100%|HC|  |TAMS 0x0000000614000000| PB 0x0000000614000000| Complete 
|  81|0x0000000614400000, 0x0000000614800000, 0x0000000614800000|100%|HC|  |TAMS 0x0000000614400000| PB 0x0000000614400000| Complete 
|  82|0x0000000614800000, 0x0000000614c00000, 0x0000000614c00000|100%|HC|  |TAMS 0x0000000614800000| PB 0x0000000614800000| Complete 
|  83|0x0000000614c00000, 0x0000000615000000, 0x0000000615000000|100%|HC|  |TAMS 0x0000000614c00000| PB 0x0000000614c00000| Complete 
|  84|0x0000000615000000, 0x0000000615400000, 0x0000000615400000|100%|HC|  |TAMS 0x0000000615000000| PB 0x0000000615000000| Complete 
|  85|0x0000000615400000, 0x0000000615800000, 0x0000000615800000|100%|HC|  |TAMS 0x0000000615400000| PB 0x0000000615400000| Complete 
|  86|0x0000000615800000, 0x0000000615c00000, 0x0000000615c00000|100%|HC|  |TAMS 0x0000000615800000| PB 0x0000000615800000| Complete 
|  87|0x0000000615c00000, 0x0000000616000000, 0x0000000616000000|100%|HC|  |TAMS 0x0000000615c00000| PB 0x0000000615c00000| Complete 
|  88|0x0000000616000000, 0x0000000616000000, 0x0000000616400000|  0%| F|  |TAMS 0x0000000616000000| PB 0x0000000616000000| Untracked 
|  89|0x0000000616400000, 0x0000000616400000, 0x0000000616800000|  0%| F|  |TAMS 0x0000000616400000| PB 0x0000000616400000| Untracked 
|  90|0x0000000616800000, 0x0000000616800000, 0x0000000616c00000|  0%| F|  |TAMS 0x0000000616800000| PB 0x0000000616800000| Untracked 
|  91|0x0000000616c00000, 0x0000000616c00000, 0x0000000617000000|  0%| F|  |TAMS 0x0000000616c00000| PB 0x0000000616c00000| Untracked 
|  92|0x0000000617000000, 0x0000000617000000, 0x0000000617400000|  0%| F|  |TAMS 0x0000000617000000| PB 0x0000000617000000| Untracked 
|  93|0x0000000617400000, 0x0000000617400000, 0x0000000617800000|  0%| F|  |TAMS 0x0000000617400000| PB 0x0000000617400000| Untracked 
|  94|0x0000000617800000, 0x0000000617800000, 0x0000000617c00000|  0%| F|  |TAMS 0x0000000617800000| PB 0x0000000617800000| Untracked 
|  95|0x0000000617c00000, 0x0000000617c00000, 0x0000000618000000|  0%| F|  |TAMS 0x0000000617c00000| PB 0x0000000617c00000| Untracked 
|  96|0x0000000618000000, 0x0000000618000000, 0x0000000618400000|  0%| F|  |TAMS 0x0000000618000000| PB 0x0000000618000000| Untracked 
|  97|0x0000000618400000, 0x0000000618400000, 0x0000000618800000|  0%| F|  |TAMS 0x0000000618400000| PB 0x0000000618400000| Untracked 
|  98|0x0000000618800000, 0x0000000618800000, 0x0000000618c00000|  0%| F|  |TAMS 0x0000000618800000| PB 0x0000000618800000| Untracked 
|  99|0x0000000618c00000, 0x0000000618c00000, 0x0000000619000000|  0%| F|  |TAMS 0x0000000618c00000| PB 0x0000000618c00000| Untracked 
| 100|0x0000000619000000, 0x0000000619000000, 0x0000000619400000|  0%| F|  |TAMS 0x0000000619000000| PB 0x0000000619000000| Untracked 
| 101|0x0000000619400000, 0x0000000619400000, 0x0000000619800000|  0%| F|  |TAMS 0x0000000619400000| PB 0x0000000619400000| Untracked 
| 102|0x0000000619800000, 0x0000000619800000, 0x0000000619c00000|  0%| F|  |TAMS 0x0000000619800000| PB 0x0000000619800000| Untracked 
| 103|0x0000000619c00000, 0x0000000619c00000, 0x000000061a000000|  0%| F|  |TAMS 0x0000000619c00000| PB 0x0000000619c00000| Untracked 
| 104|0x000000061a000000, 0x000000061a000000, 0x000000061a400000|  0%| F|  |TAMS 0x000000061a000000| PB 0x000000061a000000| Untracked 
| 105|0x000000061a400000, 0x000000061a400000, 0x000000061a800000|  0%| F|  |TAMS 0x000000061a400000| PB 0x000000061a400000| Untracked 
| 106|0x000000061a800000, 0x000000061a800000, 0x000000061ac00000|  0%| F|  |TAMS 0x000000061a800000| PB 0x000000061a800000| Untracked 
| 107|0x000000061ac00000, 0x000000061ac00000, 0x000000061b000000|  0%| F|  |TAMS 0x000000061ac00000| PB 0x000000061ac00000| Untracked 
| 108|0x000000061b000000, 0x000000061b000000, 0x000000061b400000|  0%| F|  |TAMS 0x000000061b000000| PB 0x000000061b000000| Untracked 
| 109|0x000000061b400000, 0x000000061b400000, 0x000000061b800000|  0%| F|  |TAMS 0x000000061b400000| PB 0x000000061b400000| Untracked 
| 110|0x000000061b800000, 0x000000061b800000, 0x000000061bc00000|  0%| F|  |TAMS 0x000000061b800000| PB 0x000000061b800000| Untracked 
| 111|0x000000061bc00000, 0x000000061bc00000, 0x000000061c000000|  0%| F|  |TAMS 0x000000061bc00000| PB 0x000000061bc00000| Untracked 
| 112|0x000000061c000000, 0x000000061c000000, 0x000000061c400000|  0%| F|  |TAMS 0x000000061c000000| PB 0x000000061c000000| Untracked 
| 113|0x000000061c400000, 0x000000061c800000, 0x000000061c800000|100%|HS|  |TAMS 0x000000061c400000| PB 0x000000061c400000| Complete 
| 114|0x000000061c800000, 0x000000061cc00000, 0x000000061cc00000|100%|HC|  |TAMS 0x000000061c800000| PB 0x000000061c800000| Complete 
| 115|0x000000061cc00000, 0x000000061d000000, 0x000000061d000000|100%|HC|  |TAMS 0x000000061cc00000| PB 0x000000061cc00000| Complete 
| 116|0x000000061d000000, 0x000000061d400000, 0x000000061d400000|100%|HC|  |TAMS 0x000000061d000000| PB 0x000000061d000000| Complete 
| 117|0x000000061d400000, 0x000000061d800000, 0x000000061d800000|100%|HC|  |TAMS 0x000000061d400000| PB 0x000000061d400000| Complete 
| 118|0x000000061d800000, 0x000000061dc00000, 0x000000061dc00000|100%|HC|  |TAMS 0x000000061d800000| PB 0x000000061d800000| Complete 
| 119|0x000000061dc00000, 0x000000061e000000, 0x000000061e000000|100%|HC|  |TAMS 0x000000061dc00000| PB 0x000000061dc00000| Complete 
| 120|0x000000061e000000, 0x000000061e400000, 0x000000061e400000|100%|HC|  |TAMS 0x000000061e000000| PB 0x000000061e000000| Complete 
| 121|0x000000061e400000, 0x000000061e800000, 0x000000061e800000|100%|HC|  |TAMS 0x000000061e400000| PB 0x000000061e400000| Complete 
| 122|0x000000061e800000, 0x000000061ec00000, 0x000000061ec00000|100%|HC|  |TAMS 0x000000061e800000| PB 0x000000061e800000| Complete 
| 123|0x000000061ec00000, 0x000000061f000000, 0x000000061f000000|100%|HC|  |TAMS 0x000000061ec00000| PB 0x000000061ec00000| Complete 
| 124|0x000000061f000000, 0x000000061f400000, 0x000000061f400000|100%|HC|  |TAMS 0x000000061f000000| PB 0x000000061f000000| Complete 
| 125|0x000000061f400000, 0x000000061f800000, 0x000000061f800000|100%|HC|  |TAMS 0x000000061f400000| PB 0x000000061f400000| Complete 
| 126|0x000000061f800000, 0x000000061fc00000, 0x000000061fc00000|100%|HC|  |TAMS 0x000000061f800000| PB 0x000000061f800000| Complete 
| 127|0x000000061fc00000, 0x0000000620000000, 0x0000000620000000|100%|HC|  |TAMS 0x000000061fc00000| PB 0x000000061fc00000| Complete 
| 128|0x0000000620000000, 0x0000000620400000, 0x0000000620400000|100%|HC|  |TAMS 0x0000000620000000| PB 0x0000000620000000| Complete 
| 129|0x0000000620400000, 0x0000000620800000, 0x0000000620800000|100%|HC|  |TAMS 0x0000000620400000| PB 0x0000000620400000| Complete 
| 130|0x0000000620800000, 0x0000000620c00000, 0x0000000620c00000|100%|HC|  |TAMS 0x0000000620800000| PB 0x0000000620800000| Complete 
| 131|0x0000000620c00000, 0x0000000621000000, 0x0000000621000000|100%|HC|  |TAMS 0x0000000620c00000| PB 0x0000000620c00000| Complete 
| 132|0x0000000621000000, 0x0000000621400000, 0x0000000621400000|100%|HC|  |TAMS 0x0000000621000000| PB 0x0000000621000000| Complete 
| 133|0x0000000621400000, 0x0000000621800000, 0x0000000621800000|100%|HC|  |TAMS 0x0000000621400000| PB 0x0000000621400000| Complete 
| 134|0x0000000621800000, 0x0000000621c00000, 0x0000000621c00000|100%|HC|  |TAMS 0x0000000621800000| PB 0x0000000621800000| Complete 
| 135|0x0000000621c00000, 0x0000000622000000, 0x0000000622000000|100%|HC|  |TAMS 0x0000000621c00000| PB 0x0000000621c00000| Complete 
| 136|0x0000000622000000, 0x0000000622400000, 0x0000000622400000|100%|HC|  |TAMS 0x0000000622000000| PB 0x0000000622000000| Complete 
| 137|0x0000000622400000, 0x0000000622800000, 0x0000000622800000|100%|HC|  |TAMS 0x0000000622400000| PB 0x0000000622400000| Complete 
| 138|0x0000000622800000, 0x0000000622c00000, 0x0000000622c00000|100%|HC|  |TAMS 0x0000000622800000| PB 0x0000000622800000| Complete 
| 139|0x0000000622c00000, 0x0000000623000000, 0x0000000623000000|100%|HC|  |TAMS 0x0000000622c00000| PB 0x0000000622c00000| Complete 
| 140|0x0000000623000000, 0x0000000623400000, 0x0000000623400000|100%|HC|  |TAMS 0x0000000623000000| PB 0x0000000623000000| Complete 
| 141|0x0000000623400000, 0x0000000623800000, 0x0000000623800000|100%|HC|  |TAMS 0x0000000623400000| PB 0x0000000623400000| Complete 
| 142|0x0000000623800000, 0x0000000623c00000, 0x0000000623c00000|100%|HC|  |TAMS 0x0000000623800000| PB 0x0000000623800000| Complete 
| 143|0x0000000623c00000, 0x0000000624000000, 0x0000000624000000|100%|HC|  |TAMS 0x0000000623c00000| PB 0x0000000623c00000| Complete 
| 144|0x0000000624000000, 0x0000000624400000, 0x0000000624400000|100%|HC|  |TAMS 0x0000000624000000| PB 0x0000000624000000| Complete 
| 145|0x0000000624400000, 0x0000000624800000, 0x0000000624800000|100%|HC|  |TAMS 0x0000000624400000| PB 0x0000000624400000| Complete 
| 146|0x0000000624800000, 0x0000000624c00000, 0x0000000624c00000|100%|HS|  |TAMS 0x0000000624800000| PB 0x0000000624800000| Complete 
| 147|0x0000000624c00000, 0x0000000625000000, 0x0000000625000000|100%|HC|  |TAMS 0x0000000624c00000| PB 0x0000000624c00000| Complete 
| 148|0x0000000625000000, 0x0000000625400000, 0x0000000625400000|100%|HC|  |TAMS 0x0000000625000000| PB 0x0000000625000000| Complete 
| 149|0x0000000625400000, 0x0000000625800000, 0x0000000625800000|100%|HC|  |TAMS 0x0000000625400000| PB 0x0000000625400000| Complete 
| 150|0x0000000625800000, 0x0000000625c00000, 0x0000000625c00000|100%|HC|  |TAMS 0x0000000625800000| PB 0x0000000625800000| Complete 
| 151|0x0000000625c00000, 0x0000000626000000, 0x0000000626000000|100%|HC|  |TAMS 0x0000000625c00000| PB 0x0000000625c00000| Complete 
| 152|0x0000000626000000, 0x0000000626400000, 0x0000000626400000|100%|HC|  |TAMS 0x0000000626000000| PB 0x0000000626000000| Complete 
| 153|0x0000000626400000, 0x0000000626800000, 0x0000000626800000|100%|HC|  |TAMS 0x0000000626400000| PB 0x0000000626400000| Complete 
| 154|0x0000000626800000, 0x0000000626c00000, 0x0000000626c00000|100%|HC|  |TAMS 0x0000000626800000| PB 0x0000000626800000| Complete 
| 155|0x0000000626c00000, 0x0000000627000000, 0x0000000627000000|100%|HC|  |TAMS 0x0000000626c00000| PB 0x0000000626c00000| Complete 
| 156|0x0000000627000000, 0x0000000627400000, 0x0000000627400000|100%|HC|  |TAMS 0x0000000627000000| PB 0x0000000627000000| Complete 
| 157|0x0000000627400000, 0x0000000627800000, 0x0000000627800000|100%|HC|  |TAMS 0x0000000627400000| PB 0x0000000627400000| Complete 
| 158|0x0000000627800000, 0x0000000627c00000, 0x0000000627c00000|100%|HC|  |TAMS 0x0000000627800000| PB 0x0000000627800000| Complete 
| 159|0x0000000627c00000, 0x0000000628000000, 0x0000000628000000|100%|HC|  |TAMS 0x0000000627c00000| PB 0x0000000627c00000| Complete 
| 160|0x0000000628000000, 0x0000000628400000, 0x0000000628400000|100%|HC|  |TAMS 0x0000000628000000| PB 0x0000000628000000| Complete 
| 161|0x0000000628400000, 0x0000000628800000, 0x0000000628800000|100%|HC|  |TAMS 0x0000000628400000| PB 0x0000000628400000| Complete 
| 162|0x0000000628800000, 0x0000000628c00000, 0x0000000628c00000|100%|HC|  |TAMS 0x0000000628800000| PB 0x0000000628800000| Complete 
| 163|0x0000000628c00000, 0x0000000629000000, 0x0000000629000000|100%|HC|  |TAMS 0x0000000628c00000| PB 0x0000000628c00000| Complete 
| 164|0x0000000629000000, 0x0000000629400000, 0x0000000629400000|100%|HC|  |TAMS 0x0000000629000000| PB 0x0000000629000000| Complete 
| 165|0x0000000629400000, 0x0000000629800000, 0x0000000629800000|100%|HC|  |TAMS 0x0000000629400000| PB 0x0000000629400000| Complete 
| 166|0x0000000629800000, 0x0000000629c00000, 0x0000000629c00000|100%|HC|  |TAMS 0x0000000629800000| PB 0x0000000629800000| Complete 
| 167|0x0000000629c00000, 0x000000062a000000, 0x000000062a000000|100%|HC|  |TAMS 0x0000000629c00000| PB 0x0000000629c00000| Complete 
| 168|0x000000062a000000, 0x000000062a400000, 0x000000062a400000|100%|HC|  |TAMS 0x000000062a000000| PB 0x000000062a000000| Complete 
| 169|0x000000062a400000, 0x000000062a800000, 0x000000062a800000|100%|HC|  |TAMS 0x000000062a400000| PB 0x000000062a400000| Complete 
| 170|0x000000062a800000, 0x000000062ac00000, 0x000000062ac00000|100%|HC|  |TAMS 0x000000062a800000| PB 0x000000062a800000| Complete 
| 171|0x000000062ac00000, 0x000000062b000000, 0x000000062b000000|100%|HC|  |TAMS 0x000000062ac00000| PB 0x000000062ac00000| Complete 
| 172|0x000000062b000000, 0x000000062b400000, 0x000000062b400000|100%|HC|  |TAMS 0x000000062b000000| PB 0x000000062b000000| Complete 
| 173|0x000000062b400000, 0x000000062b800000, 0x000000062b800000|100%|HC|  |TAMS 0x000000062b400000| PB 0x000000062b400000| Complete 
| 174|0x000000062b800000, 0x000000062bc00000, 0x000000062bc00000|100%|HC|  |TAMS 0x000000062b800000| PB 0x000000062b800000| Complete 
| 175|0x000000062bc00000, 0x000000062c000000, 0x000000062c000000|100%|HC|  |TAMS 0x000000062bc00000| PB 0x000000062bc00000| Complete 
| 176|0x000000062c000000, 0x000000062c400000, 0x000000062c400000|100%|HC|  |TAMS 0x000000062c000000| PB 0x000000062c000000| Complete 
| 177|0x000000062c400000, 0x000000062c800000, 0x000000062c800000|100%|HC|  |TAMS 0x000000062c400000| PB 0x000000062c400000| Complete 
| 178|0x000000062c800000, 0x000000062cc00000, 0x000000062cc00000|100%|HC|  |TAMS 0x000000062c800000| PB 0x000000062c800000| Complete 
| 179|0x000000062cc00000, 0x000000062d000000, 0x000000062d000000|100%|HS|  |TAMS 0x000000062cc00000| PB 0x000000062cc00000| Complete 
| 180|0x000000062d000000, 0x000000062d400000, 0x000000062d400000|100%|HC|  |TAMS 0x000000062d000000| PB 0x000000062d000000| Complete 
| 181|0x000000062d400000, 0x000000062d800000, 0x000000062d800000|100%|HC|  |TAMS 0x000000062d400000| PB 0x000000062d400000| Complete 
| 182|0x000000062d800000, 0x000000062dc00000, 0x000000062dc00000|100%|HC|  |TAMS 0x000000062d800000| PB 0x000000062d800000| Complete 
| 183|0x000000062dc00000, 0x000000062e000000, 0x000000062e000000|100%|HC|  |TAMS 0x000000062dc00000| PB 0x000000062dc00000| Complete 
| 184|0x000000062e000000, 0x000000062e400000, 0x000000062e400000|100%|HC|  |TAMS 0x000000062e000000| PB 0x000000062e000000| Complete 
| 185|0x000000062e400000, 0x000000062e800000, 0x000000062e800000|100%|HC|  |TAMS 0x000000062e400000| PB 0x000000062e400000| Complete 
| 186|0x000000062e800000, 0x000000062ec00000, 0x000000062ec00000|100%|HC|  |TAMS 0x000000062e800000| PB 0x000000062e800000| Complete 
| 187|0x000000062ec00000, 0x000000062f000000, 0x000000062f000000|100%|HC|  |TAMS 0x000000062ec00000| PB 0x000000062ec00000| Complete 
| 188|0x000000062f000000, 0x000000062f400000, 0x000000062f400000|100%|HC|  |TAMS 0x000000062f000000| PB 0x000000062f000000| Complete 
| 189|0x000000062f400000, 0x000000062f800000, 0x000000062f800000|100%|HC|  |TAMS 0x000000062f400000| PB 0x000000062f400000| Complete 
| 190|0x000000062f800000, 0x000000062fc00000, 0x000000062fc00000|100%|HC|  |TAMS 0x000000062f800000| PB 0x000000062f800000| Complete 
| 191|0x000000062fc00000, 0x0000000630000000, 0x0000000630000000|100%|HC|  |TAMS 0x000000062fc00000| PB 0x000000062fc00000| Complete 
| 192|0x0000000630000000, 0x0000000630400000, 0x0000000630400000|100%|HC|  |TAMS 0x0000000630000000| PB 0x0000000630000000| Complete 
| 193|0x0000000630400000, 0x0000000630800000, 0x0000000630800000|100%|HC|  |TAMS 0x0000000630400000| PB 0x0000000630400000| Complete 
| 194|0x0000000630800000, 0x0000000630c00000, 0x0000000630c00000|100%|HC|  |TAMS 0x0000000630800000| PB 0x0000000630800000| Complete 
| 195|0x0000000630c00000, 0x0000000631000000, 0x0000000631000000|100%|HC|  |TAMS 0x0000000630c00000| PB 0x0000000630c00000| Complete 
| 196|0x0000000631000000, 0x0000000631400000, 0x0000000631400000|100%|HC|  |TAMS 0x0000000631000000| PB 0x0000000631000000| Complete 
| 197|0x0000000631400000, 0x0000000631800000, 0x0000000631800000|100%|HC|  |TAMS 0x0000000631400000| PB 0x0000000631400000| Complete 
| 198|0x0000000631800000, 0x0000000631c00000, 0x0000000631c00000|100%|HC|  |TAMS 0x0000000631800000| PB 0x0000000631800000| Complete 
| 199|0x0000000631c00000, 0x0000000632000000, 0x0000000632000000|100%|HC|  |TAMS 0x0000000631c00000| PB 0x0000000631c00000| Complete 
| 200|0x0000000632000000, 0x0000000632400000, 0x0000000632400000|100%|HC|  |TAMS 0x0000000632000000| PB 0x0000000632000000| Complete 
| 201|0x0000000632400000, 0x0000000632800000, 0x0000000632800000|100%|HC|  |TAMS 0x0000000632400000| PB 0x0000000632400000| Complete 
| 202|0x0000000632800000, 0x0000000632c00000, 0x0000000632c00000|100%|HC|  |TAMS 0x0000000632800000| PB 0x0000000632800000| Complete 
| 203|0x0000000632c00000, 0x0000000633000000, 0x0000000633000000|100%|HC|  |TAMS 0x0000000632c00000| PB 0x0000000632c00000| Complete 
| 204|0x0000000633000000, 0x0000000633400000, 0x0000000633400000|100%|HC|  |TAMS 0x0000000633000000| PB 0x0000000633000000| Complete 
| 205|0x0000000633400000, 0x0000000633800000, 0x0000000633800000|100%|HC|  |TAMS 0x0000000633400000| PB 0x0000000633400000| Complete 
| 206|0x0000000633800000, 0x0000000633c00000, 0x0000000633c00000|100%|HC|  |TAMS 0x0000000633800000| PB 0x0000000633800000| Complete 
| 207|0x0000000633c00000, 0x0000000634000000, 0x0000000634000000|100%|HC|  |TAMS 0x0000000633c00000| PB 0x0000000633c00000| Complete 
| 208|0x0000000634000000, 0x0000000634400000, 0x0000000634400000|100%|HC|  |TAMS 0x0000000634000000| PB 0x0000000634000000| Complete 
| 209|0x0000000634400000, 0x0000000634800000, 0x0000000634800000|100%|HC|  |TAMS 0x0000000634400000| PB 0x0000000634400000| Complete 
| 210|0x0000000634800000, 0x0000000634c00000, 0x0000000634c00000|100%|HC|  |TAMS 0x0000000634800000| PB 0x0000000634800000| Complete 
| 211|0x0000000634c00000, 0x0000000635000000, 0x0000000635000000|100%|HC|  |TAMS 0x0000000634c00000| PB 0x0000000634c00000| Complete 
| 212|0x0000000635000000, 0x0000000635400000, 0x0000000635400000|100%|HS|  |TAMS 0x0000000635000000| PB 0x0000000635000000| Complete 
| 213|0x0000000635400000, 0x0000000635800000, 0x0000000635800000|100%|HC|  |TAMS 0x0000000635400000| PB 0x0000000635400000| Complete 
| 214|0x0000000635800000, 0x0000000635c00000, 0x0000000635c00000|100%|HC|  |TAMS 0x0000000635800000| PB 0x0000000635800000| Complete 
| 215|0x0000000635c00000, 0x0000000636000000, 0x0000000636000000|100%|HC|  |TAMS 0x0000000635c00000| PB 0x0000000635c00000| Complete 
| 216|0x0000000636000000, 0x0000000636400000, 0x0000000636400000|100%|HC|  |TAMS 0x0000000636000000| PB 0x0000000636000000| Complete 
| 217|0x0000000636400000, 0x0000000636800000, 0x0000000636800000|100%|HC|  |TAMS 0x0000000636400000| PB 0x0000000636400000| Complete 
| 218|0x0000000636800000, 0x0000000636c00000, 0x0000000636c00000|100%|HC|  |TAMS 0x0000000636800000| PB 0x0000000636800000| Complete 
| 219|0x0000000636c00000, 0x0000000637000000, 0x0000000637000000|100%|HC|  |TAMS 0x0000000636c00000| PB 0x0000000636c00000| Complete 
| 220|0x0000000637000000, 0x0000000637400000, 0x0000000637400000|100%|HC|  |TAMS 0x0000000637000000| PB 0x0000000637000000| Complete 
| 221|0x0000000637400000, 0x0000000637800000, 0x0000000637800000|100%|HC|  |TAMS 0x0000000637400000| PB 0x0000000637400000| Complete 
| 222|0x0000000637800000, 0x0000000637c00000, 0x0000000637c00000|100%|HC|  |TAMS 0x0000000637800000| PB 0x0000000637800000| Complete 
| 223|0x0000000637c00000, 0x0000000638000000, 0x0000000638000000|100%|HC|  |TAMS 0x0000000637c00000| PB 0x0000000637c00000| Complete 
| 224|0x0000000638000000, 0x0000000638400000, 0x0000000638400000|100%|HC|  |TAMS 0x0000000638000000| PB 0x0000000638000000| Complete 
| 225|0x0000000638400000, 0x0000000638800000, 0x0000000638800000|100%|HC|  |TAMS 0x0000000638400000| PB 0x0000000638400000| Complete 
| 226|0x0000000638800000, 0x0000000638c00000, 0x0000000638c00000|100%|HC|  |TAMS 0x0000000638800000| PB 0x0000000638800000| Complete 
| 227|0x0000000638c00000, 0x0000000639000000, 0x0000000639000000|100%|HC|  |TAMS 0x0000000638c00000| PB 0x0000000638c00000| Complete 
| 228|0x0000000639000000, 0x0000000639400000, 0x0000000639400000|100%|HC|  |TAMS 0x0000000639000000| PB 0x0000000639000000| Complete 
| 229|0x0000000639400000, 0x0000000639800000, 0x0000000639800000|100%|HC|  |TAMS 0x0000000639400000| PB 0x0000000639400000| Complete 
| 230|0x0000000639800000, 0x0000000639c00000, 0x0000000639c00000|100%|HC|  |TAMS 0x0000000639800000| PB 0x0000000639800000| Complete 
| 231|0x0000000639c00000, 0x000000063a000000, 0x000000063a000000|100%|HC|  |TAMS 0x0000000639c00000| PB 0x0000000639c00000| Complete 
| 232|0x000000063a000000, 0x000000063a400000, 0x000000063a400000|100%|HC|  |TAMS 0x000000063a000000| PB 0x000000063a000000| Complete 
| 233|0x000000063a400000, 0x000000063a800000, 0x000000063a800000|100%|HC|  |TAMS 0x000000063a400000| PB 0x000000063a400000| Complete 
| 234|0x000000063a800000, 0x000000063ac00000, 0x000000063ac00000|100%|HC|  |TAMS 0x000000063a800000| PB 0x000000063a800000| Complete 
| 235|0x000000063ac00000, 0x000000063b000000, 0x000000063b000000|100%|HC|  |TAMS 0x000000063ac00000| PB 0x000000063ac00000| Complete 
| 236|0x000000063b000000, 0x000000063b400000, 0x000000063b400000|100%|HC|  |TAMS 0x000000063b000000| PB 0x000000063b000000| Complete 
| 237|0x000000063b400000, 0x000000063b800000, 0x000000063b800000|100%|HC|  |TAMS 0x000000063b400000| PB 0x000000063b400000| Complete 
| 238|0x000000063b800000, 0x000000063bc00000, 0x000000063bc00000|100%|HC|  |TAMS 0x000000063b800000| PB 0x000000063b800000| Complete 
| 239|0x000000063bc00000, 0x000000063c000000, 0x000000063c000000|100%|HC|  |TAMS 0x000000063bc00000| PB 0x000000063bc00000| Complete 
| 240|0x000000063c000000, 0x000000063c400000, 0x000000063c400000|100%|HC|  |TAMS 0x000000063c000000| PB 0x000000063c000000| Complete 
| 241|0x000000063c400000, 0x000000063c800000, 0x000000063c800000|100%|HC|  |TAMS 0x000000063c400000| PB 0x000000063c400000| Complete 
| 242|0x000000063c800000, 0x000000063cc00000, 0x000000063cc00000|100%|HC|  |TAMS 0x000000063c800000| PB 0x000000063c800000| Complete 
| 243|0x000000063cc00000, 0x000000063d000000, 0x000000063d000000|100%|HC|  |TAMS 0x000000063cc00000| PB 0x000000063cc00000| Complete 
| 244|0x000000063d000000, 0x000000063d400000, 0x000000063d400000|100%|HC|  |TAMS 0x000000063d000000| PB 0x000000063d000000| Complete 
| 245|0x000000063d400000, 0x000000063d800000, 0x000000063d800000|100%|HC|  |TAMS 0x000000063d400000| PB 0x000000063d400000| Complete 
| 246|0x000000063d800000, 0x000000063dc00000, 0x000000063dc00000|100%|HC|  |TAMS 0x000000063d800000| PB 0x000000063d800000| Complete 
| 247|0x000000063dc00000, 0x000000063e000000, 0x000000063e000000|100%|HC|  |TAMS 0x000000063dc00000| PB 0x000000063dc00000| Complete 
| 248|0x000000063e000000, 0x000000063e400000, 0x000000063e400000|100%|HC|  |TAMS 0x000000063e000000| PB 0x000000063e000000| Complete 
| 249|0x000000063e400000, 0x000000063e800000, 0x000000063e800000|100%|HC|  |TAMS 0x000000063e400000| PB 0x000000063e400000| Complete 
| 250|0x000000063e800000, 0x000000063ec00000, 0x000000063ec00000|100%|HC|  |TAMS 0x000000063e800000| PB 0x000000063e800000| Complete 
| 251|0x000000063ec00000, 0x000000063f000000, 0x000000063f000000|100%|HC|  |TAMS 0x000000063ec00000| PB 0x000000063ec00000| Complete 
| 252|0x000000063f000000, 0x000000063f400000, 0x000000063f400000|100%|HC|  |TAMS 0x000000063f000000| PB 0x000000063f000000| Complete 
| 253|0x000000063f400000, 0x000000063f800000, 0x000000063f800000|100%|HC|  |TAMS 0x000000063f400000| PB 0x000000063f400000| Complete 
| 254|0x000000063f800000, 0x000000063fc00000, 0x000000063fc00000|100%|HC|  |TAMS 0x000000063f800000| PB 0x000000063f800000| Complete 
| 255|0x000000063fc00000, 0x0000000640000000, 0x0000000640000000|100%|HC|  |TAMS 0x000000063fc00000| PB 0x000000063fc00000| Complete 
| 256|0x0000000640000000, 0x0000000640400000, 0x0000000640400000|100%|HC|  |TAMS 0x0000000640000000| PB 0x0000000640000000| Complete 
| 257|0x0000000640400000, 0x0000000640800000, 0x0000000640800000|100%|HC|  |TAMS 0x0000000640400000| PB 0x0000000640400000| Complete 
| 258|0x0000000640800000, 0x0000000640c00000, 0x0000000640c00000|100%|HC|  |TAMS 0x0000000640800000| PB 0x0000000640800000| Complete 
| 259|0x0000000640c00000, 0x0000000641000000, 0x0000000641000000|100%|HC|  |TAMS 0x0000000640c00000| PB 0x0000000640c00000| Complete 
| 260|0x0000000641000000, 0x0000000641400000, 0x0000000641400000|100%|HC|  |TAMS 0x0000000641000000| PB 0x0000000641000000| Complete 
| 261|0x0000000641400000, 0x0000000641800000, 0x0000000641800000|100%|HC|  |TAMS 0x0000000641400000| PB 0x0000000641400000| Complete 
| 262|0x0000000641800000, 0x0000000641c00000, 0x0000000641c00000|100%|HC|  |TAMS 0x0000000641800000| PB 0x0000000641800000| Complete 
| 263|0x0000000641c00000, 0x0000000642000000, 0x0000000642000000|100%|HC|  |TAMS 0x0000000641c00000| PB 0x0000000641c00000| Complete 
| 264|0x0000000642000000, 0x0000000642400000, 0x0000000642400000|100%|HC|  |TAMS 0x0000000642000000| PB 0x0000000642000000| Complete 
| 265|0x0000000642400000, 0x0000000642800000, 0x0000000642800000|100%|HC|  |TAMS 0x0000000642400000| PB 0x0000000642400000| Complete 
| 266|0x0000000642800000, 0x0000000642c00000, 0x0000000642c00000|100%|HC|  |TAMS 0x0000000642800000| PB 0x0000000642800000| Complete 
| 267|0x0000000642c00000, 0x0000000643000000, 0x0000000643000000|100%|HC|  |TAMS 0x0000000642c00000| PB 0x0000000642c00000| Complete 
| 268|0x0000000643000000, 0x0000000643400000, 0x0000000643400000|100%|HC|  |TAMS 0x0000000643000000| PB 0x0000000643000000| Complete 
| 269|0x0000000643400000, 0x0000000643800000, 0x0000000643800000|100%|HC|  |TAMS 0x0000000643400000| PB 0x0000000643400000| Complete 
| 270|0x0000000643800000, 0x0000000643c00000, 0x0000000643c00000|100%|HC|  |TAMS 0x0000000643800000| PB 0x0000000643800000| Complete 
| 271|0x0000000643c00000, 0x0000000644000000, 0x0000000644000000|100%|HC|  |TAMS 0x0000000643c00000| PB 0x0000000643c00000| Complete 
| 272|0x0000000644000000, 0x0000000644400000, 0x0000000644400000|100%|HC|  |TAMS 0x0000000644000000| PB 0x0000000644000000| Complete 
| 273|0x0000000644400000, 0x0000000644800000, 0x0000000644800000|100%|HC|  |TAMS 0x0000000644400000| PB 0x0000000644400000| Complete 
| 274|0x0000000644800000, 0x0000000644c00000, 0x0000000644c00000|100%|HC|  |TAMS 0x0000000644800000| PB 0x0000000644800000| Complete 
| 275|0x0000000644c00000, 0x0000000645000000, 0x0000000645000000|100%|HC|  |TAMS 0x0000000644c00000| PB 0x0000000644c00000| Complete 
| 276|0x0000000645000000, 0x0000000645400000, 0x0000000645400000|100%|HC|  |TAMS 0x0000000645000000| PB 0x0000000645000000| Complete 
| 277|0x0000000645400000, 0x0000000645800000, 0x0000000645800000|100%|HS|  |TAMS 0x0000000645400000| PB 0x0000000645400000| Complete 
| 278|0x0000000645800000, 0x0000000645c00000, 0x0000000645c00000|100%|HC|  |TAMS 0x0000000645800000| PB 0x0000000645800000| Complete 
| 279|0x0000000645c00000, 0x0000000646000000, 0x0000000646000000|100%|HC|  |TAMS 0x0000000645c00000| PB 0x0000000645c00000| Complete 
| 280|0x0000000646000000, 0x0000000646400000, 0x0000000646400000|100%|HC|  |TAMS 0x0000000646000000| PB 0x0000000646000000| Complete 
| 281|0x0000000646400000, 0x0000000646800000, 0x0000000646800000|100%|HC|  |TAMS 0x0000000646400000| PB 0x0000000646400000| Complete 
| 282|0x0000000646800000, 0x0000000646c00000, 0x0000000646c00000|100%|HC|  |TAMS 0x0000000646800000| PB 0x0000000646800000| Complete 
| 283|0x0000000646c00000, 0x0000000647000000, 0x0000000647000000|100%|HC|  |TAMS 0x0000000646c00000| PB 0x0000000646c00000| Complete 
| 284|0x0000000647000000, 0x0000000647400000, 0x0000000647400000|100%|HC|  |TAMS 0x0000000647000000| PB 0x0000000647000000| Complete 
| 285|0x0000000647400000, 0x0000000647800000, 0x0000000647800000|100%|HC|  |TAMS 0x0000000647400000| PB 0x0000000647400000| Complete 
| 286|0x0000000647800000, 0x0000000647c00000, 0x0000000647c00000|100%|HC|  |TAMS 0x0000000647800000| PB 0x0000000647800000| Complete 
| 287|0x0000000647c00000, 0x0000000648000000, 0x0000000648000000|100%|HC|  |TAMS 0x0000000647c00000| PB 0x0000000647c00000| Complete 
| 288|0x0000000648000000, 0x0000000648400000, 0x0000000648400000|100%|HC|  |TAMS 0x0000000648000000| PB 0x0000000648000000| Complete 
| 289|0x0000000648400000, 0x0000000648800000, 0x0000000648800000|100%|HC|  |TAMS 0x0000000648400000| PB 0x0000000648400000| Complete 
| 290|0x0000000648800000, 0x0000000648c00000, 0x0000000648c00000|100%|HC|  |TAMS 0x0000000648800000| PB 0x0000000648800000| Complete 
| 291|0x0000000648c00000, 0x0000000649000000, 0x0000000649000000|100%|HC|  |TAMS 0x0000000648c00000| PB 0x0000000648c00000| Complete 
| 292|0x0000000649000000, 0x0000000649400000, 0x0000000649400000|100%|HC|  |TAMS 0x0000000649000000| PB 0x0000000649000000| Complete 
| 293|0x0000000649400000, 0x0000000649800000, 0x0000000649800000|100%|HC|  |TAMS 0x0000000649400000| PB 0x0000000649400000| Complete 
| 294|0x0000000649800000, 0x0000000649c00000, 0x0000000649c00000|100%|HC|  |TAMS 0x0000000649800000| PB 0x0000000649800000| Complete 
| 295|0x0000000649c00000, 0x000000064a000000, 0x000000064a000000|100%|HC|  |TAMS 0x0000000649c00000| PB 0x0000000649c00000| Complete 
| 296|0x000000064a000000, 0x000000064a400000, 0x000000064a400000|100%|HC|  |TAMS 0x000000064a000000| PB 0x000000064a000000| Complete 
| 297|0x000000064a400000, 0x000000064a800000, 0x000000064a800000|100%|HC|  |TAMS 0x000000064a400000| PB 0x000000064a400000| Complete 
| 298|0x000000064a800000, 0x000000064ac00000, 0x000000064ac00000|100%|HC|  |TAMS 0x000000064a800000| PB 0x000000064a800000| Complete 
| 299|0x000000064ac00000, 0x000000064b000000, 0x000000064b000000|100%|HC|  |TAMS 0x000000064ac00000| PB 0x000000064ac00000| Complete 
| 300|0x000000064b000000, 0x000000064b400000, 0x000000064b400000|100%|HC|  |TAMS 0x000000064b000000| PB 0x000000064b000000| Complete 
| 301|0x000000064b400000, 0x000000064b800000, 0x000000064b800000|100%|HC|  |TAMS 0x000000064b400000| PB 0x000000064b400000| Complete 
| 302|0x000000064b800000, 0x000000064bc00000, 0x000000064bc00000|100%|HC|  |TAMS 0x000000064b800000| PB 0x000000064b800000| Complete 
| 303|0x000000064bc00000, 0x000000064c000000, 0x000000064c000000|100%|HC|  |TAMS 0x000000064bc00000| PB 0x000000064bc00000| Complete 
| 304|0x000000064c000000, 0x000000064c400000, 0x000000064c400000|100%|HC|  |TAMS 0x000000064c000000| PB 0x000000064c000000| Complete 
| 305|0x000000064c400000, 0x000000064c800000, 0x000000064c800000|100%|HC|  |TAMS 0x000000064c400000| PB 0x000000064c400000| Complete 
| 306|0x000000064c800000, 0x000000064cc00000, 0x000000064cc00000|100%|HC|  |TAMS 0x000000064c800000| PB 0x000000064c800000| Complete 
| 307|0x000000064cc00000, 0x000000064d000000, 0x000000064d000000|100%|HC|  |TAMS 0x000000064cc00000| PB 0x000000064cc00000| Complete 
| 308|0x000000064d000000, 0x000000064d400000, 0x000000064d400000|100%|HC|  |TAMS 0x000000064d000000| PB 0x000000064d000000| Complete 
| 309|0x000000064d400000, 0x000000064d800000, 0x000000064d800000|100%|HC|  |TAMS 0x000000064d400000| PB 0x000000064d400000| Complete 
| 310|0x000000064d800000, 0x000000064dc00000, 0x000000064dc00000|100%|HC|  |TAMS 0x000000064d800000| PB 0x000000064d800000| Complete 
| 311|0x000000064dc00000, 0x000000064e000000, 0x000000064e000000|100%|HC|  |TAMS 0x000000064dc00000| PB 0x000000064dc00000| Complete 
| 312|0x000000064e000000, 0x000000064e400000, 0x000000064e400000|100%|HC|  |TAMS 0x000000064e000000| PB 0x000000064e000000| Complete 
| 313|0x000000064e400000, 0x000000064e800000, 0x000000064e800000|100%|HC|  |TAMS 0x000000064e400000| PB 0x000000064e400000| Complete 
| 314|0x000000064e800000, 0x000000064ec00000, 0x000000064ec00000|100%|HC|  |TAMS 0x000000064e800000| PB 0x000000064e800000| Complete 
| 315|0x000000064ec00000, 0x000000064f000000, 0x000000064f000000|100%|HC|  |TAMS 0x000000064ec00000| PB 0x000000064ec00000| Complete 
| 316|0x000000064f000000, 0x000000064f400000, 0x000000064f400000|100%|HC|  |TAMS 0x000000064f000000| PB 0x000000064f000000| Complete 
| 317|0x000000064f400000, 0x000000064f800000, 0x000000064f800000|100%|HC|  |TAMS 0x000000064f400000| PB 0x000000064f400000| Complete 
| 318|0x000000064f800000, 0x000000064fc00000, 0x000000064fc00000|100%|HC|  |TAMS 0x000000064f800000| PB 0x000000064f800000| Complete 
| 319|0x000000064fc00000, 0x0000000650000000, 0x0000000650000000|100%|HC|  |TAMS 0x000000064fc00000| PB 0x000000064fc00000| Complete 
| 320|0x0000000650000000, 0x0000000650400000, 0x0000000650400000|100%|HC|  |TAMS 0x0000000650000000| PB 0x0000000650000000| Complete 
| 321|0x0000000650400000, 0x0000000650800000, 0x0000000650800000|100%|HC|  |TAMS 0x0000000650400000| PB 0x0000000650400000| Complete 
| 322|0x0000000650800000, 0x0000000650c00000, 0x0000000650c00000|100%|HC|  |TAMS 0x0000000650800000| PB 0x0000000650800000| Complete 
| 323|0x0000000650c00000, 0x0000000651000000, 0x0000000651000000|100%|HC|  |TAMS 0x0000000650c00000| PB 0x0000000650c00000| Complete 
| 324|0x0000000651000000, 0x0000000651400000, 0x0000000651400000|100%|HC|  |TAMS 0x0000000651000000| PB 0x0000000651000000| Complete 
| 325|0x0000000651400000, 0x0000000651800000, 0x0000000651800000|100%|HC|  |TAMS 0x0000000651400000| PB 0x0000000651400000| Complete 
| 326|0x0000000651800000, 0x0000000651c00000, 0x0000000651c00000|100%|HC|  |TAMS 0x0000000651800000| PB 0x0000000651800000| Complete 
| 327|0x0000000651c00000, 0x0000000652000000, 0x0000000652000000|100%|HC|  |TAMS 0x0000000651c00000| PB 0x0000000651c00000| Complete 
| 328|0x0000000652000000, 0x0000000652400000, 0x0000000652400000|100%|HC|  |TAMS 0x0000000652000000| PB 0x0000000652000000| Complete 
| 329|0x0000000652400000, 0x0000000652800000, 0x0000000652800000|100%|HC|  |TAMS 0x0000000652400000| PB 0x0000000652400000| Complete 
| 330|0x0000000652800000, 0x0000000652c00000, 0x0000000652c00000|100%|HC|  |TAMS 0x0000000652800000| PB 0x0000000652800000| Complete 
| 331|0x0000000652c00000, 0x0000000653000000, 0x0000000653000000|100%|HC|  |TAMS 0x0000000652c00000| PB 0x0000000652c00000| Complete 
| 332|0x0000000653000000, 0x0000000653400000, 0x0000000653400000|100%|HC|  |TAMS 0x0000000653000000| PB 0x0000000653000000| Complete 
| 333|0x0000000653400000, 0x0000000653800000, 0x0000000653800000|100%|HC|  |TAMS 0x0000000653400000| PB 0x0000000653400000| Complete 
| 334|0x0000000653800000, 0x0000000653c00000, 0x0000000653c00000|100%|HC|  |TAMS 0x0000000653800000| PB 0x0000000653800000| Complete 
| 335|0x0000000653c00000, 0x0000000654000000, 0x0000000654000000|100%|HC|  |TAMS 0x0000000653c00000| PB 0x0000000653c00000| Complete 
| 336|0x0000000654000000, 0x0000000654400000, 0x0000000654400000|100%|HC|  |TAMS 0x0000000654000000| PB 0x0000000654000000| Complete 
| 337|0x0000000654400000, 0x0000000654800000, 0x0000000654800000|100%|HC|  |TAMS 0x0000000654400000| PB 0x0000000654400000| Complete 
| 338|0x0000000654800000, 0x0000000654c00000, 0x0000000654c00000|100%|HC|  |TAMS 0x0000000654800000| PB 0x0000000654800000| Complete 
| 339|0x0000000654c00000, 0x0000000655000000, 0x0000000655000000|100%|HC|  |TAMS 0x0000000654c00000| PB 0x0000000654c00000| Complete 
| 340|0x0000000655000000, 0x0000000655400000, 0x0000000655400000|100%|HC|  |TAMS 0x0000000655000000| PB 0x0000000655000000| Complete 
| 341|0x0000000655400000, 0x0000000655800000, 0x0000000655800000|100%|HC|  |TAMS 0x0000000655400000| PB 0x0000000655400000| Complete 
| 342|0x0000000655800000, 0x0000000655800000, 0x0000000655c00000|  0%| F|  |TAMS 0x0000000655800000| PB 0x0000000655800000| Untracked 
| 343|0x0000000655c00000, 0x0000000655c00000, 0x0000000656000000|  0%| F|  |TAMS 0x0000000655c00000| PB 0x0000000655c00000| Untracked 
| 344|0x0000000656000000, 0x0000000656000000, 0x0000000656400000|  0%| F|  |TAMS 0x0000000656000000| PB 0x0000000656000000| Untracked 
| 345|0x0000000656400000, 0x0000000656400000, 0x0000000656800000|  0%| F|  |TAMS 0x0000000656400000| PB 0x0000000656400000| Untracked 
| 346|0x0000000656800000, 0x0000000656800000, 0x0000000656c00000|  0%| F|  |TAMS 0x0000000656800000| PB 0x0000000656800000| Untracked 
| 347|0x0000000656c00000, 0x0000000656c00000, 0x0000000657000000|  0%| F|  |TAMS 0x0000000656c00000| PB 0x0000000656c00000| Untracked 
| 348|0x0000000657000000, 0x0000000657000000, 0x0000000657400000|  0%| F|  |TAMS 0x0000000657000000| PB 0x0000000657000000| Untracked 
| 349|0x0000000657400000, 0x0000000657400000, 0x0000000657800000|  0%| F|  |TAMS 0x0000000657400000| PB 0x0000000657400000| Untracked 
| 350|0x0000000657800000, 0x0000000657800000, 0x0000000657c00000|  0%| F|  |TAMS 0x0000000657800000| PB 0x0000000657800000| Untracked 
| 351|0x0000000657c00000, 0x0000000657c00000, 0x0000000658000000|  0%| F|  |TAMS 0x0000000657c00000| PB 0x0000000657c00000| Untracked 
| 352|0x0000000658000000, 0x0000000658000000, 0x0000000658400000|  0%| F|  |TAMS 0x0000000658000000| PB 0x0000000658000000| Untracked 
| 353|0x0000000658400000, 0x0000000658400000, 0x0000000658800000|  0%| F|  |TAMS 0x0000000658400000| PB 0x0000000658400000| Untracked 
| 354|0x0000000658800000, 0x0000000658800000, 0x0000000658c00000|  0%| F|  |TAMS 0x0000000658800000| PB 0x0000000658800000| Untracked 
| 355|0x0000000658c00000, 0x0000000658c00000, 0x0000000659000000|  0%| F|  |TAMS 0x0000000658c00000| PB 0x0000000658c00000| Untracked 
| 356|0x0000000659000000, 0x0000000659000000, 0x0000000659400000|  0%| F|  |TAMS 0x0000000659000000| PB 0x0000000659000000| Untracked 
| 357|0x0000000659400000, 0x0000000659400000, 0x0000000659800000|  0%| F|  |TAMS 0x0000000659400000| PB 0x0000000659400000| Untracked 
| 358|0x0000000659800000, 0x0000000659a9d100, 0x0000000659c00000| 65%| S|CS|TAMS 0x0000000659800000| PB 0x0000000659800000| Complete 
| 359|0x0000000659c00000, 0x000000065a000000, 0x000000065a000000|100%| S|CS|TAMS 0x0000000659c00000| PB 0x0000000659c00000| Complete 
| 360|0x000000065a000000, 0x000000065a400000, 0x000000065a400000|100%| S|CS|TAMS 0x000000065a000000| PB 0x000000065a000000| Complete 
| 361|0x000000065a400000, 0x000000065a800000, 0x000000065a800000|100%| S|CS|TAMS 0x000000065a400000| PB 0x000000065a400000| Complete 
| 362|0x000000065a800000, 0x000000065ac00000, 0x000000065ac00000|100%| S|CS|TAMS 0x000000065a800000| PB 0x000000065a800000| Complete 
| 363|0x000000065ac00000, 0x000000065ac00000, 0x000000065b000000|  0%| F|  |TAMS 0x000000065ac00000| PB 0x000000065ac00000| Untracked 
| 364|0x000000065b000000, 0x000000065b000000, 0x000000065b400000|  0%| F|  |TAMS 0x000000065b000000| PB 0x000000065b000000| Untracked 
| 365|0x000000065b400000, 0x000000065b400000, 0x000000065b800000|  0%| F|  |TAMS 0x000000065b400000| PB 0x000000065b400000| Untracked 
| 366|0x000000065b800000, 0x000000065b800000, 0x000000065bc00000|  0%| F|  |TAMS 0x000000065b800000| PB 0x000000065b800000| Untracked 
| 367|0x000000065bc00000, 0x000000065bc00000, 0x000000065c000000|  0%| F|  |TAMS 0x000000065bc00000| PB 0x000000065bc00000| Untracked 
| 368|0x000000065c000000, 0x000000065c000000, 0x000000065c400000|  0%| F|  |TAMS 0x000000065c000000| PB 0x000000065c000000| Untracked 
| 369|0x000000065c400000, 0x000000065c400000, 0x000000065c800000|  0%| F|  |TAMS 0x000000065c400000| PB 0x000000065c400000| Untracked 
| 370|0x000000065c800000, 0x000000065c800000, 0x000000065cc00000|  0%| F|  |TAMS 0x000000065c800000| PB 0x000000065c800000| Untracked 
| 371|0x000000065cc00000, 0x000000065cc00000, 0x000000065d000000|  0%| F|  |TAMS 0x000000065cc00000| PB 0x000000065cc00000| Untracked 
| 372|0x000000065d000000, 0x000000065d000000, 0x000000065d400000|  0%| F|  |TAMS 0x000000065d000000| PB 0x000000065d000000| Untracked 
| 373|0x000000065d400000, 0x000000065d800000, 0x000000065d800000|100%| E|  |TAMS 0x000000065d400000| PB 0x000000065d400000| Complete 
| 374|0x000000065d800000, 0x000000065dc00000, 0x000000065dc00000|100%| E|CS|TAMS 0x000000065d800000| PB 0x000000065d800000| Complete 
| 375|0x000000065dc00000, 0x000000065e000000, 0x000000065e000000|100%| E|CS|TAMS 0x000000065dc00000| PB 0x000000065dc00000| Complete 
| 376|0x000000065e000000, 0x000000065e400000, 0x000000065e400000|100%| E|CS|TAMS 0x000000065e000000| PB 0x000000065e000000| Complete 
| 377|0x000000065e400000, 0x000000065e800000, 0x000000065e800000|100%| E|CS|TAMS 0x000000065e400000| PB 0x000000065e400000| Complete 
| 378|0x000000065e800000, 0x000000065ec00000, 0x000000065ec00000|100%| E|CS|TAMS 0x000000065e800000| PB 0x000000065e800000| Complete 
| 379|0x000000065ec00000, 0x000000065f000000, 0x000000065f000000|100%| E|CS|TAMS 0x000000065ec00000| PB 0x000000065ec00000| Complete 
| 380|0x000000065f000000, 0x000000065f400000, 0x000000065f400000|100%| E|CS|TAMS 0x000000065f000000| PB 0x000000065f000000| Complete 
| 381|0x000000065f400000, 0x000000065f800000, 0x000000065f800000|100%| E|CS|TAMS 0x000000065f400000| PB 0x000000065f400000| Complete 
| 382|0x000000065f800000, 0x000000065fc00000, 0x000000065fc00000|100%|HS|  |TAMS 0x000000065f800000| PB 0x000000065f800000| Complete 
| 383|0x000000065fc00000, 0x0000000660000000, 0x0000000660000000|100%|HC|  |TAMS 0x000000065fc00000| PB 0x000000065fc00000| Complete 
| 384|0x0000000660000000, 0x0000000660400000, 0x0000000660400000|100%|HC|  |TAMS 0x0000000660000000| PB 0x0000000660000000| Complete 
| 385|0x0000000660400000, 0x0000000660800000, 0x0000000660800000|100%|HC|  |TAMS 0x0000000660400000| PB 0x0000000660400000| Complete 
| 386|0x0000000660800000, 0x0000000660c00000, 0x0000000660c00000|100%|HC|  |TAMS 0x0000000660800000| PB 0x0000000660800000| Complete 
| 387|0x0000000660c00000, 0x0000000661000000, 0x0000000661000000|100%|HC|  |TAMS 0x0000000660c00000| PB 0x0000000660c00000| Complete 
| 388|0x0000000661000000, 0x0000000661400000, 0x0000000661400000|100%|HC|  |TAMS 0x0000000661000000| PB 0x0000000661000000| Complete 
| 389|0x0000000661400000, 0x0000000661800000, 0x0000000661800000|100%|HC|  |TAMS 0x0000000661400000| PB 0x0000000661400000| Complete 
| 390|0x0000000661800000, 0x0000000661c00000, 0x0000000661c00000|100%|HC|  |TAMS 0x0000000661800000| PB 0x0000000661800000| Complete 
| 391|0x0000000661c00000, 0x0000000662000000, 0x0000000662000000|100%|HC|  |TAMS 0x0000000661c00000| PB 0x0000000661c00000| Complete 
| 392|0x0000000662000000, 0x0000000662400000, 0x0000000662400000|100%|HC|  |TAMS 0x0000000662000000| PB 0x0000000662000000| Complete 
| 393|0x0000000662400000, 0x0000000662800000, 0x0000000662800000|100%|HC|  |TAMS 0x0000000662400000| PB 0x0000000662400000| Complete 
| 394|0x0000000662800000, 0x0000000662c00000, 0x0000000662c00000|100%|HC|  |TAMS 0x0000000662800000| PB 0x0000000662800000| Complete 
| 395|0x0000000662c00000, 0x0000000663000000, 0x0000000663000000|100%|HC|  |TAMS 0x0000000662c00000| PB 0x0000000662c00000| Complete 
| 396|0x0000000663000000, 0x0000000663400000, 0x0000000663400000|100%|HC|  |TAMS 0x0000000663000000| PB 0x0000000663000000| Complete 
| 397|0x0000000663400000, 0x0000000663800000, 0x0000000663800000|100%|HC|  |TAMS 0x0000000663400000| PB 0x0000000663400000| Complete 
| 398|0x0000000663800000, 0x0000000663c00000, 0x0000000663c00000|100%|HC|  |TAMS 0x0000000663800000| PB 0x0000000663800000| Complete 
| 399|0x0000000663c00000, 0x0000000664000000, 0x0000000664000000|100%|HC|  |TAMS 0x0000000663c00000| PB 0x0000000663c00000| Complete 
| 400|0x0000000664000000, 0x0000000664400000, 0x0000000664400000|100%|HC|  |TAMS 0x0000000664000000| PB 0x0000000664000000| Complete 
| 401|0x0000000664400000, 0x0000000664800000, 0x0000000664800000|100%|HC|  |TAMS 0x0000000664400000| PB 0x0000000664400000| Complete 
| 402|0x0000000664800000, 0x0000000664c00000, 0x0000000664c00000|100%|HC|  |TAMS 0x0000000664800000| PB 0x0000000664800000| Complete 
| 403|0x0000000664c00000, 0x0000000665000000, 0x0000000665000000|100%|HC|  |TAMS 0x0000000664c00000| PB 0x0000000664c00000| Complete 
| 404|0x0000000665000000, 0x0000000665400000, 0x0000000665400000|100%|HC|  |TAMS 0x0000000665000000| PB 0x0000000665000000| Complete 
| 405|0x0000000665400000, 0x0000000665800000, 0x0000000665800000|100%|HC|  |TAMS 0x0000000665400000| PB 0x0000000665400000| Complete 
| 406|0x0000000665800000, 0x0000000665c00000, 0x0000000665c00000|100%|HC|  |TAMS 0x0000000665800000| PB 0x0000000665800000| Complete 
| 407|0x0000000665c00000, 0x0000000666000000, 0x0000000666000000|100%|HC|  |TAMS 0x0000000665c00000| PB 0x0000000665c00000| Complete 
| 408|0x0000000666000000, 0x0000000666400000, 0x0000000666400000|100%|HC|  |TAMS 0x0000000666000000| PB 0x0000000666000000| Complete 
| 409|0x0000000666400000, 0x0000000666800000, 0x0000000666800000|100%|HC|  |TAMS 0x0000000666400000| PB 0x0000000666400000| Complete 
| 410|0x0000000666800000, 0x0000000666c00000, 0x0000000666c00000|100%|HC|  |TAMS 0x0000000666800000| PB 0x0000000666800000| Complete 
| 411|0x0000000666c00000, 0x0000000667000000, 0x0000000667000000|100%|HC|  |TAMS 0x0000000666c00000| PB 0x0000000666c00000| Complete 
| 412|0x0000000667000000, 0x0000000667400000, 0x0000000667400000|100%|HC|  |TAMS 0x0000000667000000| PB 0x0000000667000000| Complete 
| 413|0x0000000667400000, 0x0000000667800000, 0x0000000667800000|100%|HC|  |TAMS 0x0000000667400000| PB 0x0000000667400000| Complete 
| 414|0x0000000667800000, 0x0000000667c00000, 0x0000000667c00000|100%|HC|  |TAMS 0x0000000667800000| PB 0x0000000667800000| Complete 
| 415|0x0000000667c00000, 0x0000000668000000, 0x0000000668000000|100%|HC|  |TAMS 0x0000000667c00000| PB 0x0000000667c00000| Complete 
| 416|0x0000000668000000, 0x0000000668400000, 0x0000000668400000|100%|HC|  |TAMS 0x0000000668000000| PB 0x0000000668000000| Complete 
| 417|0x0000000668400000, 0x0000000668800000, 0x0000000668800000|100%|HC|  |TAMS 0x0000000668400000| PB 0x0000000668400000| Complete 
| 418|0x0000000668800000, 0x0000000668c00000, 0x0000000668c00000|100%|HC|  |TAMS 0x0000000668800000| PB 0x0000000668800000| Complete 
| 419|0x0000000668c00000, 0x0000000669000000, 0x0000000669000000|100%|HC|  |TAMS 0x0000000668c00000| PB 0x0000000668c00000| Complete 
| 420|0x0000000669000000, 0x0000000669400000, 0x0000000669400000|100%|HC|  |TAMS 0x0000000669000000| PB 0x0000000669000000| Complete 
| 421|0x0000000669400000, 0x0000000669800000, 0x0000000669800000|100%|HC|  |TAMS 0x0000000669400000| PB 0x0000000669400000| Complete 
| 422|0x0000000669800000, 0x0000000669c00000, 0x0000000669c00000|100%|HC|  |TAMS 0x0000000669800000| PB 0x0000000669800000| Complete 
| 423|0x0000000669c00000, 0x000000066a000000, 0x000000066a000000|100%|HC|  |TAMS 0x0000000669c00000| PB 0x0000000669c00000| Complete 
| 424|0x000000066a000000, 0x000000066a400000, 0x000000066a400000|100%|HC|  |TAMS 0x000000066a000000| PB 0x000000066a000000| Complete 
| 425|0x000000066a400000, 0x000000066a800000, 0x000000066a800000|100%|HC|  |TAMS 0x000000066a400000| PB 0x000000066a400000| Complete 
| 426|0x000000066a800000, 0x000000066ac00000, 0x000000066ac00000|100%|HC|  |TAMS 0x000000066a800000| PB 0x000000066a800000| Complete 
| 427|0x000000066ac00000, 0x000000066b000000, 0x000000066b000000|100%|HC|  |TAMS 0x000000066ac00000| PB 0x000000066ac00000| Complete 
| 428|0x000000066b000000, 0x000000066b400000, 0x000000066b400000|100%|HC|  |TAMS 0x000000066b000000| PB 0x000000066b000000| Complete 
| 429|0x000000066b400000, 0x000000066b800000, 0x000000066b800000|100%|HC|  |TAMS 0x000000066b400000| PB 0x000000066b400000| Complete 
| 430|0x000000066b800000, 0x000000066bc00000, 0x000000066bc00000|100%|HC|  |TAMS 0x000000066b800000| PB 0x000000066b800000| Complete 
| 431|0x000000066bc00000, 0x000000066c000000, 0x000000066c000000|100%|HC|  |TAMS 0x000000066bc00000| PB 0x000000066bc00000| Complete 
| 432|0x000000066c000000, 0x000000066c400000, 0x000000066c400000|100%|HC|  |TAMS 0x000000066c000000| PB 0x000000066c000000| Complete 
| 433|0x000000066c400000, 0x000000066c800000, 0x000000066c800000|100%|HC|  |TAMS 0x000000066c400000| PB 0x000000066c400000| Complete 
| 434|0x000000066c800000, 0x000000066cc00000, 0x000000066cc00000|100%|HC|  |TAMS 0x000000066c800000| PB 0x000000066c800000| Complete 
| 435|0x000000066cc00000, 0x000000066d000000, 0x000000066d000000|100%|HC|  |TAMS 0x000000066cc00000| PB 0x000000066cc00000| Complete 
| 436|0x000000066d000000, 0x000000066d400000, 0x000000066d400000|100%|HC|  |TAMS 0x000000066d000000| PB 0x000000066d000000| Complete 
| 437|0x000000066d400000, 0x000000066d800000, 0x000000066d800000|100%|HC|  |TAMS 0x000000066d400000| PB 0x000000066d400000| Complete 
| 438|0x000000066d800000, 0x000000066dc00000, 0x000000066dc00000|100%|HC|  |TAMS 0x000000066d800000| PB 0x000000066d800000| Complete 
| 439|0x000000066dc00000, 0x000000066e000000, 0x000000066e000000|100%|HC|  |TAMS 0x000000066dc00000| PB 0x000000066dc00000| Complete 
| 440|0x000000066e000000, 0x000000066e400000, 0x000000066e400000|100%|HC|  |TAMS 0x000000066e000000| PB 0x000000066e000000| Complete 
| 441|0x000000066e400000, 0x000000066e800000, 0x000000066e800000|100%|HC|  |TAMS 0x000000066e400000| PB 0x000000066e400000| Complete 
| 442|0x000000066e800000, 0x000000066ec00000, 0x000000066ec00000|100%|HC|  |TAMS 0x000000066e800000| PB 0x000000066e800000| Complete 
| 443|0x000000066ec00000, 0x000000066f000000, 0x000000066f000000|100%|HC|  |TAMS 0x000000066ec00000| PB 0x000000066ec00000| Complete 
| 444|0x000000066f000000, 0x000000066f400000, 0x000000066f400000|100%|HC|  |TAMS 0x000000066f000000| PB 0x000000066f000000| Complete 
| 445|0x000000066f400000, 0x000000066f800000, 0x000000066f800000|100%|HC|  |TAMS 0x000000066f400000| PB 0x000000066f400000| Complete 
| 446|0x000000066f800000, 0x000000066fc00000, 0x000000066fc00000|100%|HC|  |TAMS 0x000000066f800000| PB 0x000000066f800000| Complete 
| 447|0x000000066fc00000, 0x0000000670000000, 0x0000000670000000|100%|HS|  |TAMS 0x000000066fc00000| PB 0x000000066fc00000| Complete 
| 448|0x0000000670000000, 0x0000000670400000, 0x0000000670400000|100%|HC|  |TAMS 0x0000000670000000| PB 0x0000000670000000| Complete 
| 449|0x0000000670400000, 0x0000000670800000, 0x0000000670800000|100%|HC|  |TAMS 0x0000000670400000| PB 0x0000000670400000| Complete 
| 450|0x0000000670800000, 0x0000000670c00000, 0x0000000670c00000|100%|HC|  |TAMS 0x0000000670800000| PB 0x0000000670800000| Complete 
| 451|0x0000000670c00000, 0x0000000671000000, 0x0000000671000000|100%|HC|  |TAMS 0x0000000670c00000| PB 0x0000000670c00000| Complete 
| 452|0x0000000671000000, 0x0000000671400000, 0x0000000671400000|100%|HC|  |TAMS 0x0000000671000000| PB 0x0000000671000000| Complete 
| 453|0x0000000671400000, 0x0000000671800000, 0x0000000671800000|100%|HC|  |TAMS 0x0000000671400000| PB 0x0000000671400000| Complete 
| 454|0x0000000671800000, 0x0000000671c00000, 0x0000000671c00000|100%|HC|  |TAMS 0x0000000671800000| PB 0x0000000671800000| Complete 
| 455|0x0000000671c00000, 0x0000000672000000, 0x0000000672000000|100%|HC|  |TAMS 0x0000000671c00000| PB 0x0000000671c00000| Complete 
| 456|0x0000000672000000, 0x0000000672400000, 0x0000000672400000|100%|HC|  |TAMS 0x0000000672000000| PB 0x0000000672000000| Complete 
| 457|0x0000000672400000, 0x0000000672800000, 0x0000000672800000|100%|HC|  |TAMS 0x0000000672400000| PB 0x0000000672400000| Complete 
| 458|0x0000000672800000, 0x0000000672c00000, 0x0000000672c00000|100%|HC|  |TAMS 0x0000000672800000| PB 0x0000000672800000| Complete 
| 459|0x0000000672c00000, 0x0000000673000000, 0x0000000673000000|100%|HC|  |TAMS 0x0000000672c00000| PB 0x0000000672c00000| Complete 
| 460|0x0000000673000000, 0x0000000673400000, 0x0000000673400000|100%|HC|  |TAMS 0x0000000673000000| PB 0x0000000673000000| Complete 
| 461|0x0000000673400000, 0x0000000673800000, 0x0000000673800000|100%|HC|  |TAMS 0x0000000673400000| PB 0x0000000673400000| Complete 
| 462|0x0000000673800000, 0x0000000673c00000, 0x0000000673c00000|100%|HC|  |TAMS 0x0000000673800000| PB 0x0000000673800000| Complete 
| 463|0x0000000673c00000, 0x0000000674000000, 0x0000000674000000|100%|HC|  |TAMS 0x0000000673c00000| PB 0x0000000673c00000| Complete 
| 464|0x0000000674000000, 0x0000000674400000, 0x0000000674400000|100%|HC|  |TAMS 0x0000000674000000| PB 0x0000000674000000| Complete 
| 465|0x0000000674400000, 0x0000000674800000, 0x0000000674800000|100%|HC|  |TAMS 0x0000000674400000| PB 0x0000000674400000| Complete 
| 466|0x0000000674800000, 0x0000000674c00000, 0x0000000674c00000|100%|HC|  |TAMS 0x0000000674800000| PB 0x0000000674800000| Complete 
| 467|0x0000000674c00000, 0x0000000675000000, 0x0000000675000000|100%|HC|  |TAMS 0x0000000674c00000| PB 0x0000000674c00000| Complete 
| 468|0x0000000675000000, 0x0000000675400000, 0x0000000675400000|100%|HC|  |TAMS 0x0000000675000000| PB 0x0000000675000000| Complete 
| 469|0x0000000675400000, 0x0000000675800000, 0x0000000675800000|100%|HC|  |TAMS 0x0000000675400000| PB 0x0000000675400000| Complete 
| 470|0x0000000675800000, 0x0000000675c00000, 0x0000000675c00000|100%|HC|  |TAMS 0x0000000675800000| PB 0x0000000675800000| Complete 
| 471|0x0000000675c00000, 0x0000000676000000, 0x0000000676000000|100%|HC|  |TAMS 0x0000000675c00000| PB 0x0000000675c00000| Complete 
| 472|0x0000000676000000, 0x0000000676400000, 0x0000000676400000|100%|HC|  |TAMS 0x0000000676000000| PB 0x0000000676000000| Complete 
| 473|0x0000000676400000, 0x0000000676800000, 0x0000000676800000|100%|HC|  |TAMS 0x0000000676400000| PB 0x0000000676400000| Complete 
| 474|0x0000000676800000, 0x0000000676c00000, 0x0000000676c00000|100%|HC|  |TAMS 0x0000000676800000| PB 0x0000000676800000| Complete 
| 475|0x0000000676c00000, 0x0000000677000000, 0x0000000677000000|100%|HC|  |TAMS 0x0000000676c00000| PB 0x0000000676c00000| Complete 
| 476|0x0000000677000000, 0x0000000677400000, 0x0000000677400000|100%|HC|  |TAMS 0x0000000677000000| PB 0x0000000677000000| Complete 
| 477|0x0000000677400000, 0x0000000677800000, 0x0000000677800000|100%|HC|  |TAMS 0x0000000677400000| PB 0x0000000677400000| Complete 
| 478|0x0000000677800000, 0x0000000677c00000, 0x0000000677c00000|100%|HC|  |TAMS 0x0000000677800000| PB 0x0000000677800000| Complete 
| 479|0x0000000677c00000, 0x0000000678000000, 0x0000000678000000|100%|HC|  |TAMS 0x0000000677c00000| PB 0x0000000677c00000| Complete 
| 480|0x0000000678000000, 0x0000000678400000, 0x0000000678400000|100%|HC|  |TAMS 0x0000000678000000| PB 0x0000000678000000| Complete 
| 481|0x0000000678400000, 0x0000000678800000, 0x0000000678800000|100%|HC|  |TAMS 0x0000000678400000| PB 0x0000000678400000| Complete 
| 482|0x0000000678800000, 0x0000000678c00000, 0x0000000678c00000|100%|HC|  |TAMS 0x0000000678800000| PB 0x0000000678800000| Complete 
| 483|0x0000000678c00000, 0x0000000679000000, 0x0000000679000000|100%|HC|  |TAMS 0x0000000678c00000| PB 0x0000000678c00000| Complete 
| 484|0x0000000679000000, 0x0000000679400000, 0x0000000679400000|100%|HC|  |TAMS 0x0000000679000000| PB 0x0000000679000000| Complete 
| 485|0x0000000679400000, 0x0000000679800000, 0x0000000679800000|100%|HC|  |TAMS 0x0000000679400000| PB 0x0000000679400000| Complete 
| 486|0x0000000679800000, 0x0000000679c00000, 0x0000000679c00000|100%|HC|  |TAMS 0x0000000679800000| PB 0x0000000679800000| Complete 
| 487|0x0000000679c00000, 0x000000067a000000, 0x000000067a000000|100%|HC|  |TAMS 0x0000000679c00000| PB 0x0000000679c00000| Complete 
| 488|0x000000067a000000, 0x000000067a400000, 0x000000067a400000|100%|HC|  |TAMS 0x000000067a000000| PB 0x000000067a000000| Complete 
| 489|0x000000067a400000, 0x000000067a800000, 0x000000067a800000|100%|HC|  |TAMS 0x000000067a400000| PB 0x000000067a400000| Complete 
| 490|0x000000067a800000, 0x000000067ac00000, 0x000000067ac00000|100%|HC|  |TAMS 0x000000067a800000| PB 0x000000067a800000| Complete 
| 491|0x000000067ac00000, 0x000000067b000000, 0x000000067b000000|100%|HC|  |TAMS 0x000000067ac00000| PB 0x000000067ac00000| Complete 
| 492|0x000000067b000000, 0x000000067b400000, 0x000000067b400000|100%|HC|  |TAMS 0x000000067b000000| PB 0x000000067b000000| Complete 
| 493|0x000000067b400000, 0x000000067b800000, 0x000000067b800000|100%|HC|  |TAMS 0x000000067b400000| PB 0x000000067b400000| Complete 
| 494|0x000000067b800000, 0x000000067bc00000, 0x000000067bc00000|100%|HC|  |TAMS 0x000000067b800000| PB 0x000000067b800000| Complete 
| 495|0x000000067bc00000, 0x000000067c000000, 0x000000067c000000|100%|HC|  |TAMS 0x000000067bc00000| PB 0x000000067bc00000| Complete 
| 496|0x000000067c000000, 0x000000067c400000, 0x000000067c400000|100%|HC|  |TAMS 0x000000067c000000| PB 0x000000067c000000| Complete 
| 497|0x000000067c400000, 0x000000067c800000, 0x000000067c800000|100%|HC|  |TAMS 0x000000067c400000| PB 0x000000067c400000| Complete 
| 498|0x000000067c800000, 0x000000067cc00000, 0x000000067cc00000|100%|HC|  |TAMS 0x000000067c800000| PB 0x000000067c800000| Complete 
| 499|0x000000067cc00000, 0x000000067d000000, 0x000000067d000000|100%|HC|  |TAMS 0x000000067cc00000| PB 0x000000067cc00000| Complete 
| 500|0x000000067d000000, 0x000000067d400000, 0x000000067d400000|100%|HC|  |TAMS 0x000000067d000000| PB 0x000000067d000000| Complete 
| 501|0x000000067d400000, 0x000000067d800000, 0x000000067d800000|100%|HC|  |TAMS 0x000000067d400000| PB 0x000000067d400000| Complete 
| 502|0x000000067d800000, 0x000000067dc00000, 0x000000067dc00000|100%|HC|  |TAMS 0x000000067d800000| PB 0x000000067d800000| Complete 
| 503|0x000000067dc00000, 0x000000067e000000, 0x000000067e000000|100%|HC|  |TAMS 0x000000067dc00000| PB 0x000000067dc00000| Complete 
| 504|0x000000067e000000, 0x000000067e400000, 0x000000067e400000|100%|HC|  |TAMS 0x000000067e000000| PB 0x000000067e000000| Complete 
| 505|0x000000067e400000, 0x000000067e800000, 0x000000067e800000|100%|HC|  |TAMS 0x000000067e400000| PB 0x000000067e400000| Complete 
| 506|0x000000067e800000, 0x000000067ec00000, 0x000000067ec00000|100%|HC|  |TAMS 0x000000067e800000| PB 0x000000067e800000| Complete 
| 507|0x000000067ec00000, 0x000000067f000000, 0x000000067f000000|100%|HC|  |TAMS 0x000000067ec00000| PB 0x000000067ec00000| Complete 
| 508|0x000000067f000000, 0x000000067f400000, 0x000000067f400000|100%|HC|  |TAMS 0x000000067f000000| PB 0x000000067f000000| Complete 
| 509|0x000000067f400000, 0x000000067f800000, 0x000000067f800000|100%|HC|  |TAMS 0x000000067f400000| PB 0x000000067f400000| Complete 
| 510|0x000000067f800000, 0x000000067fc00000, 0x000000067fc00000|100%|HC|  |TAMS 0x000000067f800000| PB 0x000000067f800000| Complete 
| 511|0x000000067fc00000, 0x0000000680000000, 0x0000000680000000|100%|HC|  |TAMS 0x000000067fc00000| PB 0x000000067fc00000| Complete 
| 512|0x0000000680000000, 0x0000000680400000, 0x0000000680400000|100%|HC|  |TAMS 0x0000000680000000| PB 0x0000000680000000| Complete 
| 513|0x0000000680400000, 0x0000000680800000, 0x0000000680800000|100%|HC|  |TAMS 0x0000000680400000| PB 0x0000000680400000| Complete 
| 514|0x0000000680800000, 0x0000000680c00000, 0x0000000680c00000|100%|HC|  |TAMS 0x0000000680800000| PB 0x0000000680800000| Complete 
| 515|0x0000000680c00000, 0x0000000681000000, 0x0000000681000000|100%|HC|  |TAMS 0x0000000680c00000| PB 0x0000000680c00000| Complete 
| 516|0x0000000681000000, 0x0000000681400000, 0x0000000681400000|100%|HC|  |TAMS 0x0000000681000000| PB 0x0000000681000000| Complete 
| 517|0x0000000681400000, 0x0000000681800000, 0x0000000681800000|100%|HC|  |TAMS 0x0000000681400000| PB 0x0000000681400000| Complete 
| 518|0x0000000681800000, 0x0000000681c00000, 0x0000000681c00000|100%|HC|  |TAMS 0x0000000681800000| PB 0x0000000681800000| Complete 
| 519|0x0000000681c00000, 0x0000000682000000, 0x0000000682000000|100%|HC|  |TAMS 0x0000000681c00000| PB 0x0000000681c00000| Complete 
| 520|0x0000000682000000, 0x0000000682400000, 0x0000000682400000|100%|HC|  |TAMS 0x0000000682000000| PB 0x0000000682000000| Complete 
| 521|0x0000000682400000, 0x0000000682800000, 0x0000000682800000|100%|HC|  |TAMS 0x0000000682400000| PB 0x0000000682400000| Complete 
| 522|0x0000000682800000, 0x0000000682c00000, 0x0000000682c00000|100%|HC|  |TAMS 0x0000000682800000| PB 0x0000000682800000| Complete 
| 523|0x0000000682c00000, 0x0000000683000000, 0x0000000683000000|100%|HC|  |TAMS 0x0000000682c00000| PB 0x0000000682c00000| Complete 
| 524|0x0000000683000000, 0x0000000683400000, 0x0000000683400000|100%|HC|  |TAMS 0x0000000683000000| PB 0x0000000683000000| Complete 
| 525|0x0000000683400000, 0x0000000683800000, 0x0000000683800000|100%|HC|  |TAMS 0x0000000683400000| PB 0x0000000683400000| Complete 
| 526|0x0000000683800000, 0x0000000683c00000, 0x0000000683c00000|100%|HC|  |TAMS 0x0000000683800000| PB 0x0000000683800000| Complete 
| 527|0x0000000683c00000, 0x0000000684000000, 0x0000000684000000|100%|HC|  |TAMS 0x0000000683c00000| PB 0x0000000683c00000| Complete 
| 528|0x0000000684000000, 0x0000000684400000, 0x0000000684400000|100%|HC|  |TAMS 0x0000000684000000| PB 0x0000000684000000| Complete 
| 529|0x0000000684400000, 0x0000000684800000, 0x0000000684800000|100%|HC|  |TAMS 0x0000000684400000| PB 0x0000000684400000| Complete 
| 530|0x0000000684800000, 0x0000000684c00000, 0x0000000684c00000|100%|HC|  |TAMS 0x0000000684800000| PB 0x0000000684800000| Complete 
| 531|0x0000000684c00000, 0x0000000685000000, 0x0000000685000000|100%|HC|  |TAMS 0x0000000684c00000| PB 0x0000000684c00000| Complete 
| 532|0x0000000685000000, 0x0000000685400000, 0x0000000685400000|100%|HC|  |TAMS 0x0000000685000000| PB 0x0000000685000000| Complete 
| 533|0x0000000685400000, 0x0000000685800000, 0x0000000685800000|100%|HC|  |TAMS 0x0000000685400000| PB 0x0000000685400000| Complete 
| 534|0x0000000685800000, 0x0000000685c00000, 0x0000000685c00000|100%|HC|  |TAMS 0x0000000685800000| PB 0x0000000685800000| Complete 
| 535|0x0000000685c00000, 0x0000000686000000, 0x0000000686000000|100%|HC|  |TAMS 0x0000000685c00000| PB 0x0000000685c00000| Complete 
| 536|0x0000000686000000, 0x0000000686400000, 0x0000000686400000|100%|HC|  |TAMS 0x0000000686000000| PB 0x0000000686000000| Complete 
| 537|0x0000000686400000, 0x0000000686800000, 0x0000000686800000|100%|HC|  |TAMS 0x0000000686400000| PB 0x0000000686400000| Complete 
| 538|0x0000000686800000, 0x0000000686c00000, 0x0000000686c00000|100%|HC|  |TAMS 0x0000000686800000| PB 0x0000000686800000| Complete 
| 539|0x0000000686c00000, 0x0000000687000000, 0x0000000687000000|100%|HC|  |TAMS 0x0000000686c00000| PB 0x0000000686c00000| Complete 
| 540|0x0000000687000000, 0x0000000687400000, 0x0000000687400000|100%|HC|  |TAMS 0x0000000687000000| PB 0x0000000687000000| Complete 
| 541|0x0000000687400000, 0x0000000687800000, 0x0000000687800000|100%|HC|  |TAMS 0x0000000687400000| PB 0x0000000687400000| Complete 
| 542|0x0000000687800000, 0x0000000687c00000, 0x0000000687c00000|100%|HC|  |TAMS 0x0000000687800000| PB 0x0000000687800000| Complete 
| 543|0x0000000687c00000, 0x0000000688000000, 0x0000000688000000|100%|HC|  |TAMS 0x0000000687c00000| PB 0x0000000687c00000| Complete 
| 544|0x0000000688000000, 0x0000000688400000, 0x0000000688400000|100%|HC|  |TAMS 0x0000000688000000| PB 0x0000000688000000| Complete 
| 545|0x0000000688400000, 0x0000000688800000, 0x0000000688800000|100%|HC|  |TAMS 0x0000000688400000| PB 0x0000000688400000| Complete 
| 546|0x0000000688800000, 0x0000000688c00000, 0x0000000688c00000|100%|HC|  |TAMS 0x0000000688800000| PB 0x0000000688800000| Complete 
| 547|0x0000000688c00000, 0x0000000689000000, 0x0000000689000000|100%|HC|  |TAMS 0x0000000688c00000| PB 0x0000000688c00000| Complete 
| 548|0x0000000689000000, 0x0000000689400000, 0x0000000689400000|100%|HC|  |TAMS 0x0000000689000000| PB 0x0000000689000000| Complete 
| 549|0x0000000689400000, 0x0000000689800000, 0x0000000689800000|100%|HC|  |TAMS 0x0000000689400000| PB 0x0000000689400000| Complete 
| 550|0x0000000689800000, 0x0000000689c00000, 0x0000000689c00000|100%|HC|  |TAMS 0x0000000689800000| PB 0x0000000689800000| Complete 
| 551|0x0000000689c00000, 0x000000068a000000, 0x000000068a000000|100%|HC|  |TAMS 0x0000000689c00000| PB 0x0000000689c00000| Complete 
| 552|0x000000068a000000, 0x000000068a400000, 0x000000068a400000|100%|HC|  |TAMS 0x000000068a000000| PB 0x000000068a000000| Complete 
| 553|0x000000068a400000, 0x000000068a800000, 0x000000068a800000|100%|HC|  |TAMS 0x000000068a400000| PB 0x000000068a400000| Complete 
| 554|0x000000068a800000, 0x000000068ac00000, 0x000000068ac00000|100%|HC|  |TAMS 0x000000068a800000| PB 0x000000068a800000| Complete 
| 555|0x000000068ac00000, 0x000000068b000000, 0x000000068b000000|100%|HC|  |TAMS 0x000000068ac00000| PB 0x000000068ac00000| Complete 
| 556|0x000000068b000000, 0x000000068b400000, 0x000000068b400000|100%|HC|  |TAMS 0x000000068b000000| PB 0x000000068b000000| Complete 
| 557|0x000000068b400000, 0x000000068b800000, 0x000000068b800000|100%|HC|  |TAMS 0x000000068b400000| PB 0x000000068b400000| Complete 
| 558|0x000000068b800000, 0x000000068bc00000, 0x000000068bc00000|100%|HC|  |TAMS 0x000000068b800000| PB 0x000000068b800000| Complete 
| 559|0x000000068bc00000, 0x000000068c000000, 0x000000068c000000|100%|HC|  |TAMS 0x000000068bc00000| PB 0x000000068bc00000| Complete 
| 560|0x000000068c000000, 0x000000068c400000, 0x000000068c400000|100%|HC|  |TAMS 0x000000068c000000| PB 0x000000068c000000| Complete 
| 561|0x000000068c400000, 0x000000068c800000, 0x000000068c800000|100%|HC|  |TAMS 0x000000068c400000| PB 0x000000068c400000| Complete 
| 562|0x000000068c800000, 0x000000068cc00000, 0x000000068cc00000|100%|HC|  |TAMS 0x000000068c800000| PB 0x000000068c800000| Complete 
| 563|0x000000068cc00000, 0x000000068d000000, 0x000000068d000000|100%|HC|  |TAMS 0x000000068cc00000| PB 0x000000068cc00000| Complete 
| 564|0x000000068d000000, 0x000000068d400000, 0x000000068d400000|100%|HC|  |TAMS 0x000000068d000000| PB 0x000000068d000000| Complete 
| 565|0x000000068d400000, 0x000000068d800000, 0x000000068d800000|100%|HC|  |TAMS 0x000000068d400000| PB 0x000000068d400000| Complete 
| 566|0x000000068d800000, 0x000000068dc00000, 0x000000068dc00000|100%|HC|  |TAMS 0x000000068d800000| PB 0x000000068d800000| Complete 
| 567|0x000000068dc00000, 0x000000068e000000, 0x000000068e000000|100%|HC|  |TAMS 0x000000068dc00000| PB 0x000000068dc00000| Complete 
| 568|0x000000068e000000, 0x000000068e400000, 0x000000068e400000|100%|HC|  |TAMS 0x000000068e000000| PB 0x000000068e000000| Complete 
| 569|0x000000068e400000, 0x000000068e800000, 0x000000068e800000|100%|HC|  |TAMS 0x000000068e400000| PB 0x000000068e400000| Complete 
| 570|0x000000068e800000, 0x000000068ec00000, 0x000000068ec00000|100%|HC|  |TAMS 0x000000068e800000| PB 0x000000068e800000| Complete 
| 571|0x000000068ec00000, 0x000000068f000000, 0x000000068f000000|100%|HC|  |TAMS 0x000000068ec00000| PB 0x000000068ec00000| Complete 
| 572|0x000000068f000000, 0x000000068f400000, 0x000000068f400000|100%|HC|  |TAMS 0x000000068f000000| PB 0x000000068f000000| Complete 
| 573|0x000000068f400000, 0x000000068f800000, 0x000000068f800000|100%|HC|  |TAMS 0x000000068f400000| PB 0x000000068f400000| Complete 
| 574|0x000000068f800000, 0x000000068fc00000, 0x000000068fc00000|100%|HC|  |TAMS 0x000000068f800000| PB 0x000000068f800000| Complete 
| 575|0x000000068fc00000, 0x0000000690000000, 0x0000000690000000|100%|HC|  |TAMS 0x000000068fc00000| PB 0x000000068fc00000| Complete 
| 576|0x0000000690000000, 0x0000000690000000, 0x0000000690400000|  0%| F|  |TAMS 0x0000000690000000| PB 0x0000000690000000| Untracked 
| 577|0x0000000690400000, 0x0000000690400000, 0x0000000690800000|  0%| F|  |TAMS 0x0000000690400000| PB 0x0000000690400000| Untracked 
| 578|0x0000000690800000, 0x0000000690800000, 0x0000000690c00000|  0%| F|  |TAMS 0x0000000690800000| PB 0x0000000690800000| Untracked 
| 579|0x0000000690c00000, 0x0000000690c00000, 0x0000000691000000|  0%| F|  |TAMS 0x0000000690c00000| PB 0x0000000690c00000| Untracked 
| 580|0x0000000691000000, 0x0000000691000000, 0x0000000691400000|  0%| F|  |TAMS 0x0000000691000000| PB 0x0000000691000000| Untracked 
| 581|0x0000000691400000, 0x0000000691400000, 0x0000000691800000|  0%| F|  |TAMS 0x0000000691400000| PB 0x0000000691400000| Untracked 
| 582|0x0000000691800000, 0x0000000691800000, 0x0000000691c00000|  0%| F|  |TAMS 0x0000000691800000| PB 0x0000000691800000| Untracked 
| 583|0x0000000691c00000, 0x0000000691c00000, 0x0000000692000000|  0%| F|  |TAMS 0x0000000691c00000| PB 0x0000000691c00000| Untracked 
| 584|0x0000000692000000, 0x0000000692000000, 0x0000000692400000|  0%| F|  |TAMS 0x0000000692000000| PB 0x0000000692000000| Untracked 
|2040|0x00000007fe000000, 0x00000007fe349840, 0x00000007fe400000| 82%| O|  |TAMS 0x00000007fe000000| PB 0x00000007fe000000| Untracked 
|2041|0x00000007fe400000, 0x00000007fe800000, 0x00000007fe800000|100%| O|  |TAMS 0x00000007fe400000| PB 0x00000007fe400000| Untracked 
|2042|0x00000007fe800000, 0x00000007fec00000, 0x00000007fec00000|100%| E|CS|TAMS 0x00000007fe800000| PB 0x00000007fe800000| Complete 
|2043|0x00000007fec00000, 0x00000007ff000000, 0x00000007ff000000|100%| O|  |TAMS 0x00000007fec00000| PB 0x00000007fec00000| Untracked 
|2044|0x00000007ff000000, 0x00000007ff400000, 0x00000007ff400000|100%| O|  |TAMS 0x00000007ff000000| PB 0x00000007ff000000| Untracked 
|2045|0x00000007ff400000, 0x00000007ff800000, 0x00000007ff800000|100%| O|  |TAMS 0x00000007ff400000| PB 0x00000007ff400000| Untracked 
|2046|0x00000007ff800000, 0x00000007ffc00000, 0x00000007ffc00000|100%| O|  |TAMS 0x00000007ff800000| PB 0x00000007ff800000| Untracked 
|2047|0x00000007ffc00000, 0x0000000800000000, 0x0000000800000000|100%| O|  |TAMS 0x00000007ffc00000| PB 0x00000007ffc00000| Untracked 

Card table byte_map: [0x00000191e2c60000,0x00000191e3c60000] _byte_map_base: 0x00000191dfc60000

Marking Bits: (CMBitMap*) 0x00000191de44d1c0
 Bits: [0x00000191e3c60000, 0x00000191ebc60000)

Polling page: 0x00000191dc250000

Metaspace:

Usage:
  Non-class:    155.69 MB used.
      Class:     23.04 MB used.
       Both:    178.73 MB used.

Virtual space:
  Non-class space:      192.00 MB reserved,     157.56 MB ( 82%) committed,  3 nodes.
      Class space:        1.00 GB reserved,      24.50 MB (  2%) committed,  1 nodes.
             Both:        1.19 GB reserved,     182.06 MB ( 15%) committed. 

Chunk freelists:
   Non-Class:  1.90 MB
       Class:  7.66 MB
        Both:  9.57 MB

MaxMetaspaceSize: 4.00 GB
CompressedClassSpaceSize: 1.00 GB
Initial GC threshold: 21.00 MB
Current GC threshold: 303.44 MB
CDS: off
 - commit_granule_bytes: 65536.
 - commit_granule_words: 8192.
 - virtual_space_node_default_size: 8388608.
 - enlarge_chunks_in_place: 1.
 - use_allocation_guard: 0.


Internal statistics:

num_allocs_failed_limit: 9.
num_arena_births: 5134.
num_arena_deaths: 22.
num_vsnodes_births: 4.
num_vsnodes_deaths: 0.
num_space_committed: 2924.
num_space_uncommitted: 12.
num_chunks_returned_to_freelist: 122.
num_chunks_taken_from_freelist: 13091.
num_chunk_merges: 45.
num_chunk_splits: 8626.
num_chunks_enlarged: 5617.
num_inconsistent_stats: 0.

CodeHeap 'non-profiled nmethods': size=259264Kb used=25852Kb max_used=27818Kb free=233411Kb
 bounds [0x00000191902d0000, 0x0000019191e30000, 0x00000191a0000000]
CodeHeap 'profiled nmethods': size=259264Kb used=51105Kb max_used=57434Kb free=208158Kb
 bounds [0x0000019180000000, 0x0000019183840000, 0x000001918fd30000]
CodeHeap 'non-nmethods': size=5760Kb used=3442Kb max_used=3526Kb free=2318Kb
 bounds [0x000001918fd30000, 0x00000191900b0000, 0x00000191902d0000]
 total_blobs=26503 nmethods=25343 adapters=1062
 compilation: enabled
              stopped_count=0, restarted_count=0
 full_count=0

Compilation events (20 events):
Event: 68.755 Thread 0x00000191a2232d50 nmethod 37805 0x0000019190515490 code [0x00000191905156c0, 0x0000019190515d98]
Event: 68.771 Thread 0x00000191a2232d50 37806       4       org.objectweb.asm.MethodWriter::putMethodInfo (1274 bytes)
Event: 68.799 Thread 0x00000191eeb58eb0 37807       4       org.objectweb.asm.SymbolTable::addConstantLongOrDouble (109 bytes)
Event: 68.807 Thread 0x00000191a2232d50 nmethod 37806 0x0000019191606b90 code [0x00000191916072e0, 0x000001919160ae38]
Event: 68.809 Thread 0x00000191eeb58eb0 nmethod 37807 0x00000191904b9f10 code [0x00000191904ba120, 0x00000191904baf90]
Event: 68.834 Thread 0x00000191a2232d50 37808 %     4       java.lang.StringUTF16::replace @ 71 (168 bytes)
Event: 68.834 Thread 0x00000191eeb58eb0 37809 %     4       java.lang.StringUTF16::indexOfCharUnsafe @ 3 (30 bytes)
Event: 68.835 Thread 0x00000191eeb77920 37810       3       org.jdom2.ContentList$FilterList::access$800 (6 bytes)
Event: 68.836 Thread 0x00000191eeb77920 nmethod 37810 0x00000191800e5a90 code [0x00000191800e5c40, 0x00000191800e5d60]
Event: 68.836 Thread 0x00000191eeb58eb0 nmethod 37809% 0x0000019190ea6590 code [0x0000019190ea6720, 0x0000019190ea6940]
Event: 68.836 Thread 0x00000191a2232d50 nmethod 37808% 0x0000019190395390 code [0x0000019190395520, 0x00000191903957f8]
Event: 68.847 Thread 0x00000191a2232d50 37811       4       java.util.stream.Streams$RangeIntSpliterator::forEachRemaining (65 bytes)
Event: 68.848 Thread 0x00000191a2232d50 nmethod 37811 0x00000191905c5a90 code [0x00000191905c5c40, 0x00000191905c5e98]
Event: 68.862 Thread 0x00000191a22341c0 nmethod 37773 0x0000019191e10290 code [0x0000019191e11060, 0x0000019191e1c968]
Event: 68.903 Thread 0x00000191a2232d50 37812       4       kotlin.collections.CollectionsKt___CollectionsKt::joinTo (156 bytes)
Event: 68.913 Thread 0x00000191a2232d50 nmethod 37812 0x0000019191332210 code [0x0000019191332500, 0x0000019191333b50]
Event: 71.066 Thread 0x00000191eeb77920 37813       3       org.gradle.internal.serialize.InputStreamBackedDecoder::readBoolean (8 bytes)
Event: 71.067 Thread 0x00000191eeb77920 nmethod 37813 0x000001918002ce10 code [0x000001918002cfe0, 0x000001918002d3c8]
Event: 71.067 Thread 0x00000191eeb77920 37814       3       java.io.DataInputStream::readBoolean (13 bytes)
Event: 71.067 Thread 0x00000191eeb77920 nmethod 37814 0x000001918058f290 code [0x000001918058f460, 0x000001918058f7d8]

GC Heap History (20 events):
Event: 61.894 GC heap before
{Heap before GC invocations=86 (full 0):
 garbage-first heap   total 819200K, used 751666K [0x0000000600000000, 0x0000000800000000)
  region size 4096K, 117 young (479232K), 5 survivors (20480K)
 Metaspace       used 178425K, committed 181312K, reserved 1245184K
  class space    used 23063K, committed 24448K, reserved 1048576K
}
Event: 61.903 GC heap after
{Heap after GC invocations=87 (full 0):
 garbage-first heap   total 819200K, used 306773K [0x0000000600000000, 0x0000000800000000)
  region size 4096K, 7 young (28672K), 7 survivors (28672K)
 Metaspace       used 178425K, committed 181312K, reserved 1245184K
  class space    used 23063K, committed 24448K, reserved 1048576K
}
Event: 63.229 GC heap before
{Heap before GC invocations=87 (full 0):
 garbage-first heap   total 819200K, used 740949K [0x0000000600000000, 0x0000000800000000)
  region size 4096K, 114 young (466944K), 7 survivors (28672K)
 Metaspace       used 182061K, committed 184960K, reserved 1245184K
  class space    used 23528K, committed 24896K, reserved 1048576K
}
Event: 63.239 GC heap after
{Heap after GC invocations=88 (full 0):
 garbage-first heap   total 819200K, used 305040K [0x0000000600000000, 0x0000000800000000)
  region size 4096K, 8 young (32768K), 8 survivors (32768K)
 Metaspace       used 182061K, committed 184960K, reserved 1245184K
  class space    used 23528K, committed 24896K, reserved 1048576K
}
Event: 65.192 GC heap before
{Heap before GC invocations=88 (full 0):
 garbage-first heap   total 819200K, used 735120K [0x0000000600000000, 0x0000000800000000)
  region size 4096K, 114 young (466944K), 8 survivors (32768K)
 Metaspace       used 182728K, committed 185664K, reserved 1245184K
  class space    used 23558K, committed 24960K, reserved 1048576K
}
Event: 65.201 GC heap after
{Heap after GC invocations=89 (full 0):
 garbage-first heap   total 819200K, used 308910K [0x0000000600000000, 0x0000000800000000)
  region size 4096K, 9 young (36864K), 9 survivors (36864K)
 Metaspace       used 182728K, committed 185664K, reserved 1245184K
  class space    used 23558K, committed 24960K, reserved 1048576K
}
Event: 66.932 GC heap before
{Heap before GC invocations=90 (full 0):
 garbage-first heap   total 819200K, used 730798K [0x0000000600000000, 0x0000000800000000)
  region size 4096K, 113 young (462848K), 9 survivors (36864K)
 Metaspace       used 184068K, committed 187008K, reserved 1245184K
  class space    used 23653K, committed 25024K, reserved 1048576K
}
Event: 66.946 GC heap after
{Heap after GC invocations=91 (full 0):
 garbage-first heap   total 819200K, used 326128K [0x0000000600000000, 0x0000000800000000)
  region size 4096K, 12 young (49152K), 12 survivors (49152K)
 Metaspace       used 184068K, committed 187008K, reserved 1245184K
  class space    used 23653K, committed 25024K, reserved 1048576K
}
Event: 67.545 GC heap before
{Heap before GC invocations=91 (full 0):
 garbage-first heap   total 819200K, used 813552K [0x0000000600000000, 0x0000000800000000)
  region size 4096K, 98 young (401408K), 12 survivors (49152K)
 Metaspace       used 184308K, committed 187200K, reserved 1245184K
  class space    used 23681K, committed 25024K, reserved 1048576K
}
Event: 67.558 GC heap after
{Heap after GC invocations=92 (full 0):
 garbage-first heap   total 864256K, used 423748K [0x0000000600000000, 0x0000000800000000)
  region size 4096K, 4 young (16384K), 4 survivors (16384K)
 Metaspace       used 184308K, committed 187200K, reserved 1245184K
  class space    used 23681K, committed 25024K, reserved 1048576K
}
Event: 67.938 GC heap before
{Heap before GC invocations=92 (full 0):
 garbage-first heap   total 864256K, used 722756K [0x0000000600000000, 0x0000000800000000)
  region size 4096K, 79 young (323584K), 4 survivors (16384K)
 Metaspace       used 184412K, committed 187392K, reserved 1245184K
  class space    used 23695K, committed 25088K, reserved 1048576K
}
Event: 67.943 GC heap after
{Heap after GC invocations=93 (full 0):
 garbage-first heap   total 864256K, used 422860K [0x0000000600000000, 0x0000000800000000)
  region size 4096K, 4 young (16384K), 4 survivors (16384K)
 Metaspace       used 184412K, committed 187392K, reserved 1245184K
  class space    used 23695K, committed 25088K, reserved 1048576K
}
Event: 68.453 GC heap before
{Heap before GC invocations=94 (full 0):
 garbage-first heap   total 1249280K, used 1237964K [0x0000000600000000, 0x0000000800000000)
  region size 4096K, 69 young (282624K), 4 survivors (16384K)
 Metaspace       used 182958K, committed 186432K, reserved 1245184K
  class space    used 23584K, committed 25088K, reserved 1048576K
}
Event: 68.461 GC heap after
{Heap after GC invocations=95 (full 0):
 garbage-first heap   total 1269760K, used 554344K [0x0000000600000000, 0x0000000800000000)
  region size 4096K, 5 young (20480K), 5 survivors (20480K)
 Metaspace       used 182958K, committed 186432K, reserved 1245184K
  class space    used 23584K, committed 25088K, reserved 1048576K
}
Event: 68.630 GC heap before
{Heap before GC invocations=95 (full 0):
 garbage-first heap   total 1306624K, used 1295720K [0x0000000600000000, 0x0000000800000000)
  region size 4096K, 67 young (274432K), 5 survivors (20480K)
 Metaspace       used 183010K, committed 186432K, reserved 1245184K
  class space    used 23591K, committed 25088K, reserved 1048576K
}
Event: 68.638 GC heap after
{Heap after GC invocations=96 (full 0):
 garbage-first heap   total 1331200K, used 621497K [0x0000000600000000, 0x0000000800000000)
  region size 4096K, 5 young (20480K), 5 survivors (20480K)
 Metaspace       used 183010K, committed 186432K, reserved 1245184K
  class space    used 23591K, committed 25088K, reserved 1048576K
}
Event: 68.733 GC heap before
{Heap before GC invocations=96 (full 0):
 garbage-first heap   total 1331200K, used 723897K [0x0000000600000000, 0x0000000800000000)
  region size 4096K, 31 young (126976K), 5 survivors (20480K)
 Metaspace       used 183010K, committed 186432K, reserved 1245184K
  class space    used 23591K, committed 25088K, reserved 1048576K
}
Event: 68.737 GC heap after
{Heap after GC invocations=97 (full 0):
 garbage-first heap   total 1597440K, used 618914K [0x0000000600000000, 0x0000000800000000)
  region size 4096K, 5 young (20480K), 5 survivors (20480K)
 Metaspace       used 183010K, committed 186432K, reserved 1245184K
  class space    used 23591K, committed 25088K, reserved 1048576K
}
Event: 68.818 GC heap before
{Heap before GC invocations=97 (full 0):
 garbage-first heap   total 1597440K, used 766370K [0x0000000600000000, 0x0000000800000000)
  region size 4096K, 25 young (102400K), 5 survivors (20480K)
 Metaspace       used 183010K, committed 186432K, reserved 1245184K
  class space    used 23591K, committed 25088K, reserved 1048576K
}
Event: 68.823 GC heap after
{Heap after GC invocations=98 (full 0):
 garbage-first heap   total 1597440K, used 652968K [0x0000000600000000, 0x0000000800000000)
  region size 4096K, 5 young (20480K), 5 survivors (20480K)
 Metaspace       used 183010K, committed 186432K, reserved 1245184K
  class space    used 23591K, committed 25088K, reserved 1048576K
}

Dll operation events (3 events):
Event: 0.007 Loaded shared library C:\Program Files\Android\Android Studio\jbr\bin\java.dll
Event: 0.010 Loaded shared library C:\Program Files\Android\Android Studio\jbr\bin\zip.dll
Event: 0.268 Loaded shared library C:\Program Files\Android\Android Studio\jbr\bin\verify.dll

Deoptimization events (20 events):
Event: 68.418 Thread 0x00000191f88e56c0 DEOPT PACKING pc=0x0000019191e038bc sp=0x0000001023cfba00
Event: 68.418 Thread 0x00000191f88e56c0 DEOPT UNPACKING pc=0x000001918fd87da2 sp=0x0000001023cfb968 mode 2
Event: 68.418 Thread 0x00000191f88e56c0 Uncommon trap: trap_request=0xffffff45 fr.pc=0x000001919113e2c4 relative=0x0000000000000344
Event: 68.418 Thread 0x00000191f88e56c0 Uncommon trap: reason=unstable_if action=reinterpret pc=0x000001919113e2c4 method=org.objectweb.asm.ClassReader.readElementValues(Lorg/objectweb/asm/AnnotationVisitor;IZ[C)I @ 78 c2
Event: 68.418 Thread 0x00000191f88e56c0 DEOPT PACKING pc=0x000001919113e2c4 sp=0x0000001023cfb860
Event: 68.418 Thread 0x00000191f88e56c0 DEOPT UNPACKING pc=0x000001918fd87da2 sp=0x0000001023cfb808 mode 2
Event: 68.418 Thread 0x00000191f88e56c0 Uncommon trap: trap_request=0xffffff45 fr.pc=0x00000191911ccc10 relative=0x0000000000000070
Event: 68.418 Thread 0x00000191f88e56c0 Uncommon trap: reason=unstable_if action=reinterpret pc=0x00000191911ccc10 method=org.objectweb.asm.ClassReader.getTypeAnnotationBytecodeOffset([II)I @ 1 c2
Event: 68.418 Thread 0x00000191f88e56c0 DEOPT PACKING pc=0x00000191911ccc10 sp=0x0000001023cfb940
Event: 68.418 Thread 0x00000191f88e56c0 DEOPT UNPACKING pc=0x000001918fd87da2 sp=0x0000001023cfb8f0 mode 2
Event: 68.505 Thread 0x00000191ff4a87c0 DEOPT PACKING pc=0x00000191837c0afe sp=0x00000010274fd370
Event: 68.505 Thread 0x00000191ff4a87c0 DEOPT UNPACKING pc=0x000001918fd888e2 sp=0x00000010274fc830 mode 0
Event: 68.689 Thread 0x00000191f88e56c0 Uncommon trap: trap_request=0xffffff45 fr.pc=0x000001919195c41c relative=0x000000000000267c
Event: 68.689 Thread 0x00000191f88e56c0 Uncommon trap: reason=unstable_if action=reinterpret pc=0x000001919195c41c method=org.objectweb.asm.MethodWriter.putMethodInfo(Lorg/objectweb/asm/ByteVector;)V @ 399 c2
Event: 68.689 Thread 0x00000191f88e56c0 DEOPT PACKING pc=0x000001919195c41c sp=0x0000001023cfbcc0
Event: 68.689 Thread 0x00000191f88e56c0 DEOPT UNPACKING pc=0x000001918fd87da2 sp=0x0000001023cfbc78 mode 2
Event: 68.964 Thread 0x00000191a0192820 Uncommon trap: trap_request=0xffffff45 fr.pc=0x0000019191081ca4 relative=0x0000000000000ca4
Event: 68.964 Thread 0x00000191a0192820 Uncommon trap: reason=unstable_if action=reinterpret pc=0x0000019191081ca4 method=java.lang.ThreadLocal.get(Ljava/lang/Thread;)Ljava/lang/Object; @ 7 c2
Event: 68.964 Thread 0x00000191a0192820 DEOPT PACKING pc=0x0000019191081ca4 sp=0x00000010286fe740
Event: 68.964 Thread 0x00000191a0192820 DEOPT UNPACKING pc=0x000001918fd87da2 sp=0x00000010286fe570 mode 2

Classes loaded (20 events):
Event: 62.974 Loading class sun/rmi/transport/DGCAckHandler
Event: 62.975 Loading class sun/rmi/transport/DGCAckHandler done
Event: 62.977 Loading class sun/rmi/transport/DGCAckHandler$1
Event: 62.977 Loading class sun/rmi/transport/DGCAckHandler$1 done
Event: 62.996 Loading class sun/rmi/transport/tcp/TCPTransport$ConnectionHandler
Event: 62.996 Loading class sun/rmi/transport/tcp/TCPTransport$ConnectionHandler done
Event: 62.998 Loading class sun/rmi/transport/Transport$1
Event: 62.998 Loading class sun/rmi/transport/Transport$1 done
Event: 62.999 Loading class sun/rmi/transport/DGCImpl$LeaseInfo
Event: 62.999 Loading class sun/rmi/transport/DGCImpl$LeaseInfo done
Event: 62.999 Loading class sun/rmi/transport/DGCImpl$1
Event: 62.999 Loading class sun/rmi/transport/DGCImpl$1 done
Event: 62.999 Loading class sun/rmi/transport/SequenceEntry
Event: 62.999 Loading class sun/rmi/transport/SequenceEntry done
Event: 63.328 Loading class java/text/MessageFormat$Field
Event: 63.328 Loading class java/text/MessageFormat$Field done
Event: 63.473 Loading class java/text/FieldPosition$Delegate
Event: 63.473 Loading class java/text/FieldPosition$Delegate done
Event: 68.962 Loading class sun/rmi/transport/DGCClient$EndpointEntry$CleanRequest
Event: 68.963 Loading class sun/rmi/transport/DGCClient$EndpointEntry$CleanRequest done

Classes unloaded (20 events):
Event: 68.096 Thread 0x00000191eeaac800 Unloading class 0x000000080171f3f8 'jdk/internal/jimage/ImageHeader'
Event: 68.096 Thread 0x00000191eeaac800 Unloading class 0x000000080171f1a0 'jdk/internal/jimage/BasicImageReader$2'
Event: 68.096 Thread 0x00000191eeaac800 Unloading class 0x000000080171ef48 'jdk/internal/jimage/BasicImageReader$1'
Event: 68.096 Thread 0x00000191eeaac800 Unloading class 0x000000080171ecb8 'jdk/internal/jimage/ImageReader$Resource'
Event: 68.096 Thread 0x00000191eeaac800 Unloading class 0x000000080171ea28 'jdk/internal/jimage/ImageReader$LinkNode'
Event: 68.096 Thread 0x00000191eeaac800 Unloading class 0x000000080171e798 'jdk/internal/jimage/ImageReader$Directory'
Event: 68.096 Thread 0x00000191eeaac800 Unloading class 0x000000080171e508 'jdk/internal/jimage/ImageReader$Node'
Event: 68.096 Thread 0x00000191eeaac800 Unloading class 0x000000080171e2e8 'jdk/internal/jimage/ImageStrings'
Event: 68.096 Thread 0x00000191eeaac800 Unloading class 0x000000080171e000 'jdk/internal/jimage/ImageReader$SharedImageReader'
Event: 68.096 Thread 0x00000191eeaac800 Unloading class 0x000000080171db90 'jdk/internal/jimage/BasicImageReader'
Event: 68.096 Thread 0x00000191eeaac800 Unloading class 0x000000080171d948 'jdk/internal/jimage/ImageReader'
Event: 68.096 Thread 0x00000191eeaac800 Unloading class 0x000000080171d6f8 'jdk/internal/jrtfs/SystemImage$2'
Event: 68.096 Thread 0x00000191eeaac800 Unloading class 0x000000080171d4b8 'jdk/internal/jrtfs/SystemImage$$Lambda+0x000000080171d4b8'
Event: 68.096 Thread 0x00000191eeaac800 Unloading class 0x000000080171d260 'jdk/internal/jrtfs/ExplodedImage'
Event: 68.096 Thread 0x00000191eeaac800 Unloading class 0x000000080171d000 'jdk/internal/jrtfs/SystemImage$1'
Event: 68.096 Thread 0x00000191eeaac800 Unloading class 0x000000080171cc60 'jdk/internal/jrtfs/SystemImage'
Event: 68.096 Thread 0x00000191eeaac800 Unloading class 0x000000080171c9d8 'jdk/internal/jrtfs/JrtFileStore'
Event: 68.096 Thread 0x00000191eeaac800 Unloading class 0x000000080171c638 'jdk/internal/jrtfs/JrtPath'
Event: 68.096 Thread 0x00000191eeaac800 Unloading class 0x000000080171c318 'jdk/internal/jrtfs/JrtFileSystem'
Event: 68.096 Thread 0x00000191eeaac800 Unloading class 0x000000080171c000 'jdk/internal/jrtfs/JrtFileSystemProvider'

Classes redefined (0 events):
No events

Internal exceptions (20 events):
Event: 68.206 Thread 0x00000191f88e5d50 Exception <a 'sun/nio/fs/WindowsException'{0x000000063d918d58}> (0x000000063d918d58) 
thrown [s\src\hotspot\share\prims\jni.cpp, line 537]
Event: 68.224 Thread 0x00000191f9bbf1b0 Exception <a 'sun/nio/fs/WindowsException'{0x000000063d701d80}> (0x000000063d701d80) 
thrown [s\src\hotspot\share\prims\jni.cpp, line 537]
Event: 68.229 Thread 0x00000191f88e5d50 Exception <a 'sun/nio/fs/WindowsException'{0x000000063d779c70}> (0x000000063d779c70) 
thrown [s\src\hotspot\share\prims\jni.cpp, line 537]
Event: 68.241 Thread 0x00000191f9bbf1b0 Exception <a 'sun/nio/fs/WindowsException'{0x000000063d09ec10}> (0x000000063d09ec10) 
thrown [s\src\hotspot\share\prims\jni.cpp, line 537]
Event: 68.248 Thread 0x00000191f9bbf840 Exception <a 'sun/nio/fs/WindowsException'{0x000000063d354b58}> (0x000000063d354b58) 
thrown [s\src\hotspot\share\prims\jni.cpp, line 537]
Event: 68.248 Thread 0x00000191f9bbf840 Exception <a 'sun/nio/fs/WindowsException'{0x000000063d354d68}> (0x000000063d354d68) 
thrown [s\src\hotspot\share\prims\jni.cpp, line 537]
Event: 68.269 Thread 0x00000191f9bbf840 Exception <a 'sun/nio/fs/WindowsException'{0x000000063cb861c8}> (0x000000063cb861c8) 
thrown [s\src\hotspot\share\prims\jni.cpp, line 537]
Event: 68.274 Thread 0x00000191f9bbde00 Exception <a 'sun/nio/fs/WindowsException'{0x000000063c0144b0}> (0x000000063c0144b0) 
thrown [s\src\hotspot\share\prims\jni.cpp, line 537]
Event: 68.274 Thread 0x00000191f9bbde00 Exception <a 'sun/nio/fs/WindowsException'{0x000000063c0146e0}> (0x000000063c0146e0) 
thrown [s\src\hotspot\share\prims\jni.cpp, line 537]
Event: 68.279 Thread 0x00000191f9bba2f0 Exception <a 'sun/nio/fs/WindowsException'{0x000000063c7ce620}> (0x000000063c7ce620) 
thrown [s\src\hotspot\share\prims\jni.cpp, line 537]
Event: 68.297 Thread 0x00000191f88e63e0 Exception <a 'sun/nio/fs/WindowsException'{0x000000063b420408}> (0x000000063b420408) 
thrown [s\src\hotspot\share\prims\jni.cpp, line 537]
Event: 68.312 Thread 0x00000191f9bbde00 Exception <a 'sun/nio/fs/WindowsException'{0x000000063a931460}> (0x000000063a931460) 
thrown [s\src\hotspot\share\prims\jni.cpp, line 537]
Event: 68.331 Thread 0x00000191f88e5d50 Exception <a 'sun/nio/fs/WindowsException'{0x0000000639b2fb08}> (0x0000000639b2fb08) 
thrown [s\src\hotspot\share\prims\jni.cpp, line 537]
Event: 68.360 Thread 0x00000191f88e5d50 Exception <a 'sun/nio/fs/WindowsException'{0x0000000638f3cc90}> (0x0000000638f3cc90) 
thrown [s\src\hotspot\share\prims\jni.cpp, line 537]
Event: 68.418 Thread 0x00000191f88e56c0 Implicit null exception at 0x000001919113e07e to 0x000001919113e2b0
Event: 68.641 Thread 0x00000191f88e49a0 Exception <a 'sun/nio/fs/WindowsException'{0x000000064b8ee338}> (0x000000064b8ee338) 
thrown [s\src\hotspot\share\prims\jni.cpp, line 537]
Event: 68.680 Thread 0x00000191f88e49a0 Exception <a 'sun/nio/fs/WindowsException'{0x00000006496675d0}> (0x00000006496675d0) 
thrown [s\src\hotspot\share\prims\jni.cpp, line 537]
Event: 68.836 Thread 0x00000191f88e56c0 Exception <a 'sun/nio/fs/WindowsException'{0x000000065f588020}> (0x000000065f588020) 
thrown [s\src\hotspot\share\prims\jni.cpp, line 537]
Event: 68.902 Thread 0x00000191f88e56c0 Exception <a 'sun/nio/fs/WindowsException'{0x000000065de9a550}> (0x000000065de9a550) 
thrown [s\src\hotspot\share\prims\jni.cpp, line 537]
Event: 68.964 Thread 0x00000191a0192820 Implicit null exception at 0x0000019191081043 to 0x0000019191081c84

ZGC Phase Switch (0 events):
No events

VM Operations (20 events):
Event: 68.453 Executing VM operation: G1CollectForAllocation (GCLocker Initiated GC)
Event: 68.461 Executing VM operation: G1CollectForAllocation (GCLocker Initiated GC) done
Event: 68.630 Executing VM operation: G1CollectForAllocation (G1 Evacuation Pause)
Event: 68.630 Executing VM operation: G1CollectForAllocation (G1 Evacuation Pause) done
Event: 68.630 Executing VM operation: G1CollectForAllocation (GCLocker Initiated GC)
Event: 68.638 Executing VM operation: G1CollectForAllocation (GCLocker Initiated GC) done
Event: 68.733 Executing VM operation: G1TryInitiateConcMark (G1 Humongous Allocation)
Event: 68.733 Executing VM operation: G1TryInitiateConcMark (G1 Humongous Allocation) done
Event: 68.733 Executing VM operation: G1TryInitiateConcMark (G1 Humongous Allocation)
Event: 68.737 Executing VM operation: G1TryInitiateConcMark (G1 Humongous Allocation) done
Event: 68.818 Executing VM operation: G1TryInitiateConcMark (G1 Humongous Allocation)
Event: 68.818 Executing VM operation: G1TryInitiateConcMark (G1 Humongous Allocation) done
Event: 68.818 Executing VM operation: G1TryInitiateConcMark (G1 Humongous Allocation)
Event: 68.823 Executing VM operation: G1TryInitiateConcMark (G1 Humongous Allocation) done
Event: 68.954 Executing VM operation: G1PauseRemark
Event: 68.962 Executing VM operation: G1PauseRemark done
Event: 68.995 Executing VM operation: G1PauseCleanup
Event: 68.995 Executing VM operation: G1PauseCleanup done
Event: 72.029 Executing VM operation: Cleanup
Event: 74.288 Executing VM operation: Cleanup done

Memory protections (0 events):
No events

Nmethod flushes (20 events):
Event: 68.960 Thread 0x00000191eeaac800 flushing  nmethod 0x0000019180bd3910
Event: 68.960 Thread 0x00000191eeaac800 flushing  nmethod 0x0000019180fcd310
Event: 68.960 Thread 0x00000191eeaac800 flushing  nmethod 0x00000191812e9890
Event: 68.960 Thread 0x00000191eeaac800 flushing  nmethod 0x00000191812eec10
Event: 68.960 Thread 0x00000191eeaac800 flushing  nmethod 0x00000191815c6590
Event: 68.960 Thread 0x00000191eeaac800 flushing  nmethod 0x0000019181e4bb10
Event: 68.960 Thread 0x00000191eeaac800 flushing  nmethod 0x0000019182053b90
Event: 68.960 Thread 0x00000191eeaac800 flushing  nmethod 0x00000191823c8590
Event: 68.960 Thread 0x00000191eeaac800 flushing  nmethod 0x00000191823ca410
Event: 68.960 Thread 0x00000191eeaac800 flushing  nmethod 0x00000191823d1c90
Event: 68.960 Thread 0x00000191eeaac800 flushing  nmethod 0x00000191825cfd10
Event: 68.960 Thread 0x00000191eeaac800 flushing  nmethod 0x0000019182b90690
Event: 68.960 Thread 0x00000191eeaac800 flushing  nmethod 0x0000019182c05410
Event: 68.960 Thread 0x00000191eeaac800 flushing  nmethod 0x0000019182c06f10
Event: 68.960 Thread 0x00000191eeaac800 flushing  nmethod 0x0000019182c66c10
Event: 68.960 Thread 0x00000191eeaac800 flushing  nmethod 0x0000019182c71b90
Event: 68.960 Thread 0x00000191eeaac800 flushing  nmethod 0x0000019182d4cf90
Event: 68.960 Thread 0x00000191eeaac800 flushing  nmethod 0x0000019182d4ea10
Event: 68.960 Thread 0x00000191eeaac800 flushing  nmethod 0x0000019182d50590
Event: 68.960 Thread 0x00000191eeaac800 flushing  nmethod 0x000001918368bb10

Events (20 events):
Event: 62.924 Loaded shared library C:\Program Files\Android\Android Studio\jbr\bin\rmi.dll
Event: 62.924 Thread 0x00000191ff4a87c0 Thread added: 0x00000191a0192eb0
Event: 62.965 Thread 0x00000191ff4a87c0 Thread added: 0x00000191a0191470
Event: 62.966 Thread 0x00000191ff4a87c0 Thread added: 0x00000191a0192190
Event: 62.996 Thread 0x00000191a0191470 Thread added: 0x00000191a0193540
Event: 63.759 Thread 0x00000191a22318e0 Thread exited: 0x00000191a22318e0
Event: 63.937 Thread 0x00000191eeb77920 Thread added: 0x00000191a22318e0
Event: 65.003 Thread 0x00000191a22318e0 Thread exited: 0x00000191a22318e0
Event: 65.006 Thread 0x00000191a2230b40 Thread exited: 0x00000191a2230b40
Event: 65.126 Thread 0x00000191eeb58eb0 Thread added: 0x00000191a22341c0
Event: 65.245 Thread 0x00000191a22341c0 Thread exited: 0x00000191a22341c0
Event: 65.280 Thread 0x00000191eeb58eb0 Thread added: 0x00000191a22341c0
Event: 65.447 Thread 0x00000191eeb58eb0 Thread added: 0x00000191a222f6d0
Event: 67.915 Thread 0x00000191a222f6d0 Thread exited: 0x00000191a222f6d0
Event: 68.160 Thread 0x00000191eeb58eb0 Thread added: 0x00000191a2232d50
Event: 68.469 Thread 0x00000191a2232d50 Thread exited: 0x00000191a2232d50
Event: 68.640 Thread 0x00000191eeb58eb0 Thread added: 0x00000191a2232d50
Event: 68.965 Thread 0x00000191a0192820 Thread exited: 0x00000191a0192820
Event: 71.066 Thread 0x00000191a2232d50 Thread exited: 0x00000191a2232d50
Event: 71.066 Thread 0x00000191a22341c0 Thread exited: 0x00000191a22341c0


Dynamic libraries:
0x00007ff737b40000 - 0x00007ff737b4a000 	C:\Program Files\Android\Android Studio\jbr\bin\java.exe
0x00007ffff22a0000 - 0x00007ffff2506000 	C:\WINDOWS\SYSTEM32\ntdll.dll
0x00007ffff17f0000 - 0x00007ffff18b9000 	C:\WINDOWS\System32\KERNEL32.DLL
0x00007fffef670000 - 0x00007fffefa6e000 	C:\WINDOWS\System32\KERNELBASE.dll
0x00007fffefc00000 - 0x00007fffefd4c000 	C:\WINDOWS\System32\ucrtbase.dll
0x00007fffd1810000 - 0x00007fffd1828000 	C:\Program Files\Android\Android Studio\jbr\bin\jli.dll
0x00007fffb9900000 - 0x00007fffb991b000 	C:\Program Files\Android\Android Studio\jbr\bin\VCRUNTIME140.dll
0x00007ffff1340000 - 0x00007ffff1507000 	C:\WINDOWS\System32\USER32.dll
0x00007fffd4db0000 - 0x00007fffd5042000 	C:\WINDOWS\WinSxS\amd64_microsoft.windows.common-controls_6595b64144ccf1df_6.0.26100.8875_none_3e0d5d42e32fe9dd\COMCTL32.dll
0x00007fffef4c0000 - 0x00007fffef4e7000 	C:\WINDOWS\System32\win32u.dll
0x00007ffff16b0000 - 0x00007ffff1759000 	C:\WINDOWS\System32\msvcrt.dll
0x00007ffff1d70000 - 0x00007ffff1d9b000 	C:\WINDOWS\System32\GDI32.dll
0x00007fffefd60000 - 0x00007fffefe8a000 	C:\WINDOWS\System32\gdi32full.dll
0x00007fffeff20000 - 0x00007fffeffc3000 	C:\WINDOWS\System32\msvcp_win.dll
0x00007ffff1d20000 - 0x00007ffff1d52000 	C:\WINDOWS\System32\IMM32.DLL
0x00007fffb6790000 - 0x00007fffb679c000 	C:\Program Files\Android\Android Studio\jbr\bin\vcruntime140_1.dll
0x00007fff78560000 - 0x00007fff785ed000 	C:\Program Files\Android\Android Studio\jbr\bin\msvcp140.dll
0x00007fff362a0000 - 0x00007fff36f2e000 	C:\Program Files\Android\Android Studio\jbr\bin\server\jvm.dll
0x00007ffff21a0000 - 0x00007ffff2257000 	C:\WINDOWS\System32\ADVAPI32.dll
0x00007ffff10e0000 - 0x00007ffff118a000 	C:\WINDOWS\System32\sechost.dll
0x00007ffff1980000 - 0x00007ffff1a98000 	C:\WINDOWS\System32\RPCRT4.dll
0x00007fffeffe0000 - 0x00007ffff0060000 	C:\WINDOWS\System32\WS2_32.dll
0x00007fffef320000 - 0x00007fffef37e000 	C:\WINDOWS\SYSTEM32\POWRPROF.dll
0x00007fffe8dd0000 - 0x00007fffe8ddb000 	C:\WINDOWS\SYSTEM32\VERSION.dll
0x00007fffe2860000 - 0x00007fffe2896000 	C:\WINDOWS\SYSTEM32\WINMM.dll
0x00007fffef300000 - 0x00007fffef314000 	C:\WINDOWS\SYSTEM32\UMPDC.dll
0x00007fffee180000 - 0x00007fffee19b000 	C:\WINDOWS\SYSTEM32\kernel.appcore.dll
0x00007fffb6780000 - 0x00007fffb678a000 	C:\Program Files\Android\Android Studio\jbr\bin\jimage.dll
0x00007fffec8d0000 - 0x00007fffecb12000 	C:\WINDOWS\SYSTEM32\DBGHELP.DLL
0x00007ffff1da0000 - 0x00007ffff2123000 	C:\WINDOWS\System32\combase.dll
0x00007ffff1000000 - 0x00007ffff10d9000 	C:\WINDOWS\System32\OLEAUT32.dll
0x00007fffc3fa0000 - 0x00007fffc3fdb000 	C:\WINDOWS\SYSTEM32\dbgcore.DLL
0x00007fffef5b0000 - 0x00007fffef65c000 	C:\WINDOWS\System32\bcryptPrimitives.dll
0x00007fffb0e60000 - 0x00007fffb0e6e000 	C:\Program Files\Android\Android Studio\jbr\bin\instrument.dll
0x00007fffb6120000 - 0x00007fffb6140000 	C:\Program Files\Android\Android Studio\jbr\bin\java.dll
0x00007fffb5db0000 - 0x00007fffb5dc8000 	C:\Program Files\Android\Android Studio\jbr\bin\zip.dll
0x00007ffff0770000 - 0x00007ffff0f02000 	C:\WINDOWS\System32\SHELL32.dll
0x00007fffecf40000 - 0x00007fffed7d2000 	C:\WINDOWS\SYSTEM32\windows.storage.dll
0x00007ffff11f0000 - 0x00007ffff12e7000 	C:\WINDOWS\System32\SHCORE.dll
0x00007ffff2130000 - 0x00007ffff2197000 	C:\WINDOWS\System32\shlwapi.dll
0x00007fffef3e0000 - 0x00007fffef409000 	C:\WINDOWS\SYSTEM32\profapi.dll
0x00007fffb60e0000 - 0x00007fffb60f0000 	C:\Program Files\Android\Android Studio\jbr\bin\net.dll
0x00007fffe8370000 - 0x00007fffe8497000 	C:\WINDOWS\SYSTEM32\WINHTTP.dll
0x00007fffee750000 - 0x00007fffee7bc000 	C:\WINDOWS\system32\mswsock.dll
0x00007fffa1110000 - 0x00007fffa1126000 	C:\Program Files\Android\Android Studio\jbr\bin\nio.dll
0x00007fffb5d20000 - 0x00007fffb5d30000 	C:\Program Files\Android\Android Studio\jbr\bin\verify.dll
0x00007fffafda0000 - 0x00007fffafdc7000 	C:\Users\lumi\.gradle\native\1def1411415f61bf3af743bc5b6707747c0891f09f0c88961ee8f79bc544acac\windows-amd64\native-platform.dll
0x000000006b7e0000 - 0x000000006b853000 	C:\Users\lumi\.gradle\native\0.2.5\x86_64-windows-gnu\gradle-fileevents.dll
0x00007fffb1f60000 - 0x00007fffb1f69000 	C:\Program Files\Android\Android Studio\jbr\bin\management.dll
0x00007fffb1230000 - 0x00007fffb123b000 	C:\Program Files\Android\Android Studio\jbr\bin\management_ext.dll
0x00007ffff1d60000 - 0x00007ffff1d68000 	C:\WINDOWS\System32\PSAPI.DLL
0x00007fffeea50000 - 0x00007fffeea6b000 	C:\WINDOWS\SYSTEM32\CRYPTSP.dll
0x00007fffee0e0000 - 0x00007fffee119000 	C:\WINDOWS\system32\rsaenh.dll
0x00007fffee810000 - 0x00007fffee842000 	C:\WINDOWS\SYSTEM32\USERENV.dll
0x00007fffef3b0000 - 0x00007fffef3da000 	C:\WINDOWS\SYSTEM32\bcrypt.dll
0x00007fffeea70000 - 0x00007fffeea7c000 	C:\WINDOWS\SYSTEM32\CRYPTBASE.dll
0x00007fffedb20000 - 0x00007fffedb53000 	C:\WINDOWS\SYSTEM32\IPHLPAPI.DLL
0x00007fffeffd0000 - 0x00007fffeffda000 	C:\WINDOWS\System32\NSI.dll
0x00007fffb0ff0000 - 0x00007fffb0ff9000 	C:\Program Files\Android\Android Studio\jbr\bin\extnet.dll
0x00007fffc91b0000 - 0x00007fffc91b8000 	C:\WINDOWS\system32\wshunix.dll
0x000000006b760000 - 0x000000006b7d3000 	C:\Users\lumi\AppData\Local\Temp\native-platform2698036511393735612dir\gradle-fileevents.dll
0x00007fffbd510000 - 0x00007fffbd528000 	C:\WINDOWS\system32\napinsp.dll
0x00007fffedbb0000 - 0x00007fffedd06000 	C:\WINDOWS\SYSTEM32\DNSAPI.dll
0x00007fffee550000 - 0x00007fffee55d000 	C:\WINDOWS\SYSTEM32\DSPARSE.dll
0x00007fffbd530000 - 0x00007fffbd543000 	C:\WINDOWS\System32\winrnr.dll
0x00007fffbd550000 - 0x00007fffbd572000 	C:\WINDOWS\system32\nlansp_c.dll
0x00007fffbd580000 - 0x00007fffbd596000 	C:\WINDOWS\system32\wshbth.dll
0x00007fffe88f0000 - 0x00007fffe88fb000 	C:\Windows\System32\rasadhlp.dll
0x00007fffe2f20000 - 0x00007fffe2fa6000 	C:\WINDOWS\System32\fwpuclnt.dll
0x00007fffee2d0000 - 0x00007fffee306000 	C:\WINDOWS\SYSTEM32\ntmarta.dll
0x00007fffeb580000 - 0x00007fffeb620000 	C:\WINDOWS\system32\apphelp.dll
0x00007fffd7e00000 - 0x00007fffd7e07000 	C:\Program Files\Android\Android Studio\jbr\bin\rmi.dll

dbghelp: loaded successfully - version: 4.0.5 - missing functions: none
symbol engine: initialized successfully - sym options: 0x614 - pdb path: .;C:\Program Files\Android\Android Studio\jbr\bin;C:\WINDOWS\SYSTEM32;C:\WINDOWS\WinSxS\amd64_microsoft.windows.common-controls_6595b64144ccf1df_6.0.26100.8875_none_3e0d5d42e32fe9dd;C:\Program Files\Android\Android Studio\jbr\bin\server;C:\Users\lumi\.gradle\native\1def1411415f61bf3af743bc5b6707747c0891f09f0c88961ee8f79bc544acac\windows-amd64;C:\Users\lumi\.gradle\native\0.2.5\x86_64-windows-gnu;C:\Users\lumi\AppData\Local\Temp\native-platform2698036511393735612dir

VM Arguments:
jvm_args: --add-opens=java.base/java.lang=ALL-UNNAMED --add-opens=java.base/java.lang.invoke=ALL-UNNAMED --add-opens=java.base/java.util=ALL-UNNAMED --add-opens=java.prefs/java.util.prefs=ALL-UNNAMED --add-exports=jdk.compiler/com.sun.tools.javac.api=ALL-UNNAMED --add-exports=jdk.compiler/com.sun.tools.javac.util=ALL-UNNAMED --add-opens=java.base/java.util=ALL-UNNAMED --add-opens=java.prefs/java.util.prefs=ALL-UNNAMED --add-opens=java.base/java.nio.charset=ALL-UNNAMED --add-opens=java.base/java.net=ALL-UNNAMED --add-opens=java.base/java.util.concurrent.atomic=ALL-UNNAMED --add-opens=java.xml/javax.xml.namespace=ALL-UNNAMED -XX:MaxMetaspaceSize=4G -XX:ReservedCodeCacheSize=512m -XX:+HeapDumpOnOutOfMemoryError -Xmx8G -Dfile.encoding=UTF-8 -Duser.country=KR -Duser.language=ko -Duser.variant -javaagent:C:\Users\lumi\.gradle\wrapper\dists\gradle-8.12-all\ejduaidbjup3bmmkhw3rie4zb\gradle-8.12\lib\agents\gradle-instrumentation-agent-8.12.jar 
java_command: org.gradle.launcher.daemon.bootstrap.GradleDaemon 8.12
java_class_path (initial): C:\Users\lumi\.gradle\wrapper\dists\gradle-8.12-all\ejduaidbjup3bmmkhw3rie4zb\gradle-8.12\lib\gradle-daemon-main-8.12.jar
Launcher Type: SUN_STANDARD

[Global flags]
     intx CICompilerCount                          = 4                                         {product} {ergonomic}
     uint ConcGCThreads                            = 3                                         {product} {ergonomic}
     uint G1ConcRefinementThreads                  = 10                                        {product} {ergonomic}
   size_t G1HeapRegionSize                         = 4194304                                   {product} {ergonomic}
    uintx GCDrainStackTargetSize                   = 64                                        {product} {ergonomic}
     bool HeapDumpOnOutOfMemoryError               = true                                   {manageable} {command line}
   size_t InitialHeapSize                          = 524288000                                 {product} {ergonomic}
   size_t MarkStackSize                            = 4194304                                   {product} {ergonomic}
   size_t MaxHeapSize                              = 8589934592                                {product} {command line}
   size_t MaxMetaspaceSize                         = 4294967296                                {product} {command line}
   size_t MaxNewSize                               = 5150605312                                {product} {ergonomic}
   size_t MinHeapDeltaBytes                        = 4194304                                   {product} {ergonomic}
   size_t MinHeapSize                              = 8388608                                   {product} {ergonomic}
    uintx NonNMethodCodeHeapSize                   = 5839372                                {pd product} {ergonomic}
    uintx NonProfiledCodeHeapSize                  = 265515770                              {pd product} {ergonomic}
    uintx ProfiledCodeHeapSize                     = 265515770                              {pd product} {ergonomic}
    uintx ReservedCodeCacheSize                    = 536870912                              {pd product} {command line}
     bool SegmentedCodeCache                       = true                                      {product} {ergonomic}
   size_t SoftMaxHeapSize                          = 8589934592                             {manageable} {ergonomic}
     bool UseCompressedOops                        = true                           {product lp64_product} {ergonomic}
     bool UseG1GC                                  = true                                      {product} {ergonomic}
     bool UseLargePagesIndividualAllocation        = false                                  {pd product} {ergonomic}

Logging:
Log output configuration:
 #0: stdout all=warning uptime,level,tags foldmultilines=false
 #1: stderr all=off uptime,level,tags foldmultilines=false

Environment Variables:
JAVA_HOME=C:\Program Files\Android\Android Studio\jbr
CLASSPATH=C:\Users\lumi\daelim_2025_home\geofeed\geofeed\android\\gradle\wrapper\gradle-wrapper.jar
PATH=C:\Program Files\Android\Android Studio\jbr\bin;C:\Users\lumi\FlutterSDK\flutter\bin\;c:\Users\lumi\AppData\Roaming\Code\User\globalStorage\github.copilot-chat\debugCommand;c:\Users\lumi\AppData\Roaming\Code\User\globalStorage\github.copilot-chat\copilotCli;C:\Program Files\Meta Horizon\Support\oculus-runtime;C:\Program Files\Common Files\Oracle\Java\javapath;C:\Program Files\NVIDIA\CUDNN\v9.8\bin;C:\Program Files\NVIDIA GPU Computing Toolkit\CUDA\v12.9\bin;C:\Program Files\NVIDIA GPU Computing Toolkit\CUDA\v12.9\libnvvp;C:\WINDOWS\system32;C:\WINDOWS;C:\WINDOWS\System32\Wbem;C:\WINDOWS\System32\WindowsPowerShell\v1.0\;C:\WINDOWS\System32\OpenSSH\;C:\Program Files (x86)\NVIDIA Corporation\PhysX\Common;C:\Program Files\Bandizip\;C:\Program Files\NVIDIA Corporation\Nsight Compute 2025.2.0\;C:\Program Files\nodejs\;C:\Program Files\Docker\Docker\resources\bin;C:\Program Files (x86)\Windows Kits\10\Windows Performance Toolkit\;C:\Program Files\NVIDIA Corporation\NVIDIA App\NvDLISR;C:\Program Files\Cloudflare\Cloudflare WARP\;C:\Program Files\dotnet\;C:\Program Files\LLVM\bin;E:\ffmpeg\bin;C:\Program Files\Git\cmd;C:\Users\lumi\AppData\Local\Programs\Python\Python311\Scripts\;C:\Users\lumi\AppData\Local\Programs\Python\Python311\;C:\Users\lumi\AppData\Local\Programs\Python\Python310\Scripts\;C:\Users\lumi\AppData\Local\Programs\Python\Python310\;C:\Users\lumi\.cargo\bin;C:\Program Files\Common Files\Oracle\Java\javapath;C:\Program Files\Oculus\Support\oculus-runtime;C:\Program Files\NVIDIA\CUDNN\v9.8\bin;C:\Program Files\NVIDIA GPU Computing Toolkit\CUDA\v12.9\bin;C:\Program Files\NVIDIA GPU Computing Toolkit\CUDA\v12.9\libnvvp;C:\WINDOWS\system32;C:\WINDOWS;C:\WINDOWS\System32\Wbem;C:\WINDOWS\System32\WindowsPowerShell\v1.0\;C:\WINDOWS\System32\OpenSSH\;C:\Program Files (x86)\NVIDIA Corporation\PhysX\Common;C:\Program Files\Bandizip\;C:\Program Files\Cloudflare\Cloudflare WARP\;C:\Program Files\Git\cmd;C:\Program Files\NVIDIA Corporation\Nsight Compute 2025.2.0\;C:\Program Files\nodejs\;C:\Program Files\Docker\Docker\resources\bin;C:\Program Files (x86)\Windows Kits\10\Windows Performance Toolkit\;C:\Program Files\NVIDIA Corporation\NVIDIA App\NvDLISR;C:\Program Files\Common Files\Oracle\Java\javapath;C:\Program Files\Oculus\Support\oculus-runtime;C:\Program Files\NVIDIA\CUDNN\v9.8\bin;C:\Program Files\NVIDIA GPU Computing Toolkit\CUDA\v12.9\bin;C:\Program Files\NVIDIA GPU ;C:\Users\lumi\AppData\Local\Programs\Microsoft VS Code\bin;C:\Users\lumi\AppData\Local\GitHubDesktop\bin;C:\Users\lumi\.dotnet\tools;C:\Users\lumi\AppData\Local\Programs\Ollama;C:\Users\lumi\AppData\Local\SoX\sox-14.4.2
USERNAME=lumi
LANG=en_US.UTF-8
TMPDIR=C:\Users\Public\Documents\ESTsoft\CreatorTemp
OS=Windows_NT
PROCESSOR_IDENTIFIER=AMD64 Family 25 Model 97 Stepping 2, AuthenticAMD
TMP=C:\Users\lumi\AppData\Local\Temp
TEMP=C:\Users\lumi\AppData\Local\Temp




Periodic native trim disabled

JNI global refs:
JNI global refs: 32, weak refs: 0

JNI global refs memory usage: 835, weak refs: 201

Process memory usage:
Resident Set Size: 2903156K (8% of 32626580K total physical memory with 8147040K free physical memory)

OOME stack traces (most recent first):
Classloader memory used:
Loader org.gradle.internal.classloader.VisitableURLClassLoader$InstrumentingVisitableURLClassLoader: 56613K
Loader org.gradle.internal.classloader.VisitableURLClassLoader                         : 50973K
Loader bootstrap                                                                       : 37790K
Loader org.gradle.initialization.MixInLegacyTypesClassLoader                           : 16074K
Loader jdk.internal.loader.ClassLoaders$AppClassLoader                                 : 11198K
Loader java.net.URLClassLoader                                                         : 5161K
Loader org.gradle.groovy.scripts.internal.DefaultScriptCompilationHandler$ScriptClassLoader: 1601K
Loader jdk.internal.jrtfs.JrtFileSystemProvider$JrtFsLoader                            : 1489K
Loader jdk.internal.loader.ClassLoaders$PlatformClassLoader                            : 1177K
Loader jdk.internal.reflect.DelegatingClassLoader                                      : 576K
Loader org.gradle.internal.classloader.VisitableURLClassLoader                         : 247K
Loader org.codehaus.groovy.runtime.callsite.CallSiteClassLoader                        : 111K

Classes loaded by more than one classloader:
Class Program                                                                         : loaded 11 times (x 70B)
Class jdk.internal.jrtfs.JrtFileSystem                                                : loaded 6 times (x 100B)
Class jdk.internal.jimage.ImageStrings                                                : loaded 6 times (x 68B)
Class jdk.internal.jimage.ImageReader$Directory                                       : loaded 6 times (x 82B)
Class jdk.internal.jrtfs.SystemImage                                                  : loaded 6 times (x 72B)
Class jdk.internal.jimage.ImageReader$SharedImageReader$LocationVisitor               : loaded 6 times (x 68B)
Class jdk.internal.jrtfs.JrtPath                                                      : loaded 6 times (x 116B)
Class jdk.internal.jimage.ImageBufferCache                                            : loaded 6 times (x 69B)
Class jdk.internal.jrtfs.JrtFileAttributes                                            : loaded 6 times (x 81B)
Class jdk.internal.jimage.ImageReader$Resource                                        : loaded 6 times (x 82B)
Class jdk.internal.jimage.BasicImageReader                                            : loaded 6 times (x 93B)
Class jdk.internal.jimage.decompressor.Decompressor                                   : loaded 6 times (x 70B)
Class jdk.internal.jrtfs.SystemImage$1                                                : loaded 6 times (x 76B)
Class jdk.internal.jrtfs.SystemImage$2                                                : loaded 6 times (x 74B)
Class jdk.internal.jimage.BasicImageReader$1                                          : loaded 6 times (x 75B)
Class jdk.internal.jimage.ImageReader$Node                                            : loaded 6 times (x 82B)
Class jdk.internal.jimage.ImageReader$SharedImageReader                               : loaded 6 times (x 93B)
Class jdk.internal.jimage.ImageReader                                                 : loaded 6 times (x 73B)
Class jdk.internal.jimage.ImageStringsReader                                          : loaded 6 times (x 78B)
Class jdk.internal.jrtfs.JrtDirectoryStream                                           : loaded 6 times (x 87B)
Class jdk.internal.jimage.ImageHeader                                                 : loaded 6 times (x 69B)
Class jdk.internal.jimage.ImageBufferCache$2                                          : loaded 6 times (x 89B)
Class jdk.internal.jimage.ImageBufferCache$1                                          : loaded 6 times (x 81B)
Class jdk.internal.jimage.ImageLocation                                               : loaded 6 times (x 88B)
Class jdk.internal.jrtfs.JrtDirectoryStream$1                                         : loaded 6 times (x 81B)
Class jdk.internal.jrtfs.JrtFileSystemProvider                                        : loaded 6 times (x 99B)
Class jdk.internal.jimage.BasicImageReader$2                                          : loaded 5 times (x 75B)
Class jdk.internal.jimage.ImageReader$LinkNode                                        : loaded 5 times (x 82B)
Class jdk.internal.jrtfs.JrtFileStore                                                 : loaded 5 times (x 81B)
Class jdk.internal.jrtfs.ExplodedImage                                                : loaded 5 times (x 75B)
Class Build_gradle$1                                                                  : loaded 4 times (x 73B)
Class Build_gradle                                                                    : loaded 4 times (x 128B)
Class Settings_gradle                                                                 : loaded 3 times (x 126B)
Class Build_gradle$2                                                                  : loaded 3 times (x 72B)
Class org.jetbrains.kotlin.build.report.metrics.BuildTime                             : loaded 3 times (x 68B)
Class org.jetbrains.kotlin.build.report.metrics.GradleBuildTime$Companion             : loaded 3 times (x 69B)
Class [Lorg.jetbrains.kotlin.build.report.metrics.GradleBuildTime;                    : loaded 3 times (x 67B)
Class org.jetbrains.kotlin.build.report.metrics.BuildMetricsReporter                  : loaded 3 times (x 68B)
Class [Lorg.jetbrains.kotlin.build.report.metrics.BuildTime;                          : loaded 3 times (x 67B)
Class org.jetbrains.kotlin.build.report.metrics.GradleBuildTime                       : loaded 3 times (x 84B)
Class org.jetbrains.kotlin.gradle.targets.metadata.KotlinMetadataTargetConfiguratorKt$isNativeSourceSet$2: loaded 2 times (x 93B)
Class org.jetbrains.kotlin.gradle.report.BuildReportType                              : loaded 2 times (x 77B)
Class org.jetbrains.kotlin.statistics.metrics.StringAnonymizationPolicy$AllowedListAnonymizer: loaded 2 times (x 77B)
Class com.google.common.collect.ImmutableEnumSet                                      : loaded 2 times (x 144B)
Class com.google.common.util.concurrent.ExecutionError                                : loaded 2 times (x 80B)
Class com.google.common.collect.ImmutableList$1                                       : loaded 2 times (x 95B)
Class org.gradle.api.internal.classpath.ManifestUtil                                  : loaded 2 times (x 69B)
Class com.google.common.io.ByteArrayDataOutput                                        : loaded 2 times (x 68B)
Class org.jetbrains.kotlin.gradle.tasks.KotlinCompile$androidLayoutResources$1        : loaded 2 times (x 72B)
Class org.jetbrains.kotlin.gradle.report.GradleBuildMetricsReporter                   : loaded 2 times (x 96B)
Class org.jetbrains.kotlin.gradle.utils.FutureKt$future$1                             : loaded 2 times (x 93B)
Class org.jetbrains.kotlin.gradle.plugin.mpp.KotlinMetadataCompilation                : loaded 2 times (x 68B)
Class org.jetbrains.kotlin.gradle.plugin.sources.KotlinDependencyScope                : loaded 2 times (x 77B)
Class org.jetbrains.kotlin.gradle.tasks.configuration.AbstractKotlinCompileConfig$1   : loaded 2 times (x 77B)
Class org.jetbrains.kotlin.gradle.plugin.mpp.compilationImpl.KotlinCompilationFriendPathsResolver: loaded 2 times (x 68B)
Class org.jetbrains.kotlin.konan.target.KonanTarget$ANDROID_ARM64                     : loaded 2 times (x 76B)
Class org.jetbrains.kotlin.gradle.artifacts.KotlinNativeHostSpecificMetadataArtifactKt$KotlinNativeHostSpecificMetadataArtifact$1: loaded 2 times (x 72B)
Class org.jetbrains.kotlin.gradle.artifacts.KotlinLegacyMetadataArtifactKt$KotlinLegacyMetadataArtifact$1: loaded 2 times (x 72B)
Class org.jetbrains.kotlin.gradle.plugin.mpp.compilationImpl.KotlinCompilationSideEffect$Companion: loaded 2 times (x 69B)
Class org.jetbrains.kotlin.gradle.plugin.mpp.KotlinUsages$KotlinMetadataDisambiguation: loaded 2 times (x 74B)
Class org.jetbrains.kotlin.gradle.internal.properties.PropertiesBuildService$IntGradleProperty: loaded 2 times (x 74B)
Class com.google.common.collect.RegularImmutableMap                                   : loaded 2 times (x 119B)
Class com.google.common.collect.ImmutableMap$MapViewOfValuesAsSingletonSets           : loaded 2 times (x 123B)
Class com.google.common.cache.LocalCache$Values                                       : loaded 2 times (x 116B)
Class com.google.common.collect.TransformedListIterator                               : loaded 2 times (x 91B)
Class org.jetbrains.kotlin.gradle.tasks.AbstractKotlinCompile$compilerRunner$1        : loaded 2 times (x 73B)
Class org.jetbrains.kotlin.gradle.tasks.CacheableTasksKt$cacheOnlyIfEnabledForKotlin$1: loaded 2 times (x 73B)
Class org.jetbrains.kotlin.gradle.internal.transforms.BuildToolsApiClasspathEntrySnapshotTransform: loaded 2 times (x 80B)
Class org.jetbrains.kotlin.gradle.tasks.configuration.AbstractKotlinCompileConfig$2   : loaded 2 times (x 77B)
Class org.jetbrains.kotlin.gradle.plugin.mpp.compilationImpl.factory.KotlinCompilationImplFactory$PreConfigure: loaded 2 times (x 68B)
Class org.jetbrains.kotlin.gradle.plugin.KotlinProjectSetupActionKt$KotlinProjectSetupCoroutine$1$1: loaded 2 times (x 93B)
Class org.jetbrains.kotlin.konan.target.KonanTarget$WATCHOS_ARM32                     : loaded 2 times (x 76B)
Class org.jetbrains.kotlin.gradle.targets.js.dsl.KotlinJsTargetDsl                    : loaded 2 times (x 68B)
Class org.jetbrains.kotlin.gradle.plugin.KotlinPluginLifecycleImplKt                  : loaded 2 times (x 69B)
Class org.jetbrains.kotlin.gradle.plugin.diagnostics.checkers.DeprecatedKotlinNativeTargetsChecker$runChecks$1: loaded 2 times (x 86B)
Class org.jetbrains.kotlin.gradle.plugin.KotlinPluginLifecycleImpl$WhenMappings       : loaded 2 times (x 69B)
Class org.jetbrains.kotlin.gradle.dsl.KotlinCommonCompilerToolOptionsHelper           : loaded 2 times (x 69B)
Class org.jetbrains.kotlin.gradle.plugin.KotlinTargetComponent                        : loaded 2 times (x 68B)
Class org.jetbrains.kotlin.gradle.plugin.KotlinGradlePluginExtensionPointInternal     : loaded 2 times (x 74B)
Class org.jetbrains.kotlin.statistics.metrics.StringOverridePolicy$OVERRIDE_VERSION_IF_NOT_SET: loaded 2 times (x 83B)
Class org.jetbrains.kotlin.gradle.plugin.statistics.KotlinBuildStatsBeanService$Companion$initStatsService$1: loaded 2 times (x 77B)
Class org.jetbrains.kotlin.gradle.plugin.VariantImplementationFactories$Companion$getProvider$1: loaded 2 times (x 73B)
Class org.jetbrains.kotlin.gradle.internal.properties.PropertiesBuildService$BooleanGradleProperty: loaded 2 times (x 74B)
Class org.jetbrains.kotlin.gradle.dsl.KotlinProjectExtension                          : loaded 2 times (x 120B)
Class [Lorg.objectweb.asm.Symbol;                                                     : loaded 2 times (x 67B)
Class org.objectweb.asm.ClassVisitor                                                  : loaded 2 times (x 86B)
Class com.google.common.collect.UnmodifiableListIterator                              : loaded 2 times (x 93B)
Class com.google.common.collect.MapMakerInternalMap$StrongKeyDummyValueEntry$LinkedStrongKeyDummyValueEntry: loaded 2 times (x 80B)
Class com.google.common.collect.MapMakerInternalMap$Strength                          : loaded 2 times (x 78B)
Class org.jetbrains.kotlin.gradle.plugin.KotlinPluginLifecycle$ProjectConfigurationResult$Failure: loaded 2 times (x 70B)
Class com.google.common.base.Platform$JdkPatternCompiler                              : loaded 2 times (x 73B)
Class org.jetbrains.kotlin.gradle.plugin.sources.DefaultKotlinSourceSet$MetadataDependencyTransformation: loaded 2 times (x 70B)
Class org.jetbrains.kotlin.gradle.tasks.DefaultKotlinJavaToolchain$Companion          : loaded 2 times (x 69B)
Class org.jetbrains.kotlin.gradle.tasks.DefaultKotlinJavaToolchain                    : loaded 2 times (x 75B)
Class org.jetbrains.kotlin.gradle.targets.native.toolchain.KotlinNativeBundleBuildService$Parameters: loaded 2 times (x 68B)
Class org.jetbrains.kotlin.gradle.targets.native.toolchain.KotlinNativeBundleBuildService: loaded 2 times (x 75B)
Class org.jetbrains.kotlin.gradle.plugin.KotlinGradleBuildServices                    : loaded 2 times (x 78B)
Class [Lorg.jetbrains.kotlin.statistics.ValueAnonymizer;                              : loaded 2 times (x 67B)
Class org.jetbrains.kotlin.gradle.internal.properties.PropertiesBuildService$MemoizedCallable$value$2: loaded 2 times (x 77B)
Class org.objectweb.asm.MethodTooLargeException                                       : loaded 2 times (x 81B)
Class [Lcom.google.common.cache.CacheBuilder$OneWeigher;                              : loaded 2 times (x 67B)
Class com.google.common.base.Suppliers                                                : loaded 2 times (x 69B)
Class org.gradle.internal.classloader.DefaultClassLoaderFactory                       : loaded 2 times (x 80B)
Class kotlin.sequences.SequencesKt___SequencesKt                                      : loaded 2 times (x 69B)
Class kotlin.collections.AbstractList$Companion                                       : loaded 2 times (x 69B)
Class com.google.common.collect.ReverseNaturalOrdering                                : loaded 2 times (x 112B)
Class com.google.common.collect.ImmutableSortedMapFauxverideShim                      : loaded 2 times (x 118B)
Class com.google.common.io.ByteSource$ConcatenatedByteSource                          : loaded 2 times (x 83B)
Class [Lcom.google.common.collect.AbstractIterator$State;                             : loaded 2 times (x 67B)
Class org.jetbrains.kotlin.gradle.plugin.PropertiesProvider$kotlinCompilerArgumentsLogLevel$1: loaded 2 times (x 72B)
Class org.jetbrains.kotlin.compilerRunner.CompilerSystemPropertiesService$Parameters_Decorated: loaded 2 times (x 132B)
Class org.jetbrains.kotlin.gradle.plugin.KotlinTargetWithTests                        : loaded 2 times (x 68B)
Class org.jetbrains.kotlin.gradle.plugin.diagnostics.ToolingDiagnosticRenderingOptions: loaded 2 times (x 70B)
Class [Lorg.jetbrains.kotlin.gradle.dsl.KotlinVersion;                                : loaded 2 times (x 67B)
Class org.jetbrains.kotlin.gradle.plugin.diagnostics.UsesKotlinToolingDiagnosticsParameters: loaded 2 times (x 68B)
Class org.jetbrains.kotlin.gradle.plugin.diagnostics.checkers.JsEnvironmentChecker    : loaded 2 times (x 74B)
Class org.jetbrains.kotlin.gradle.targets.js.npm.NpmDependencyExtensionKt             : loaded 2 times (x 69B)
Class org.jetbrains.kotlin.gradle.targets.metadata.KotlinMetadataTargetConfiguratorKt$special$$inlined$extrasStoredFuture$1: loaded 2 times (x 77B)
Class org.jetbrains.kotlin.gradle.report.BuildMetricsService                          : loaded 2 times (x 84B)
Class org.jetbrains.kotlin.statistics.metrics.NumberAnonymizationPolicy               : loaded 2 times (x 83B)
Class org.jetbrains.kotlin.statistics.metrics.StringAnonymizationPolicy               : loaded 2 times (x 76B)
Class com.google.common.base.CharMatcher$None                                         : loaded 2 times (x 110B)
Class org.gradle.internal.classloader.ClassLoaderVisitor                              : loaded 2 times (x 74B)
Class org.gradle.internal.classloader.ClassLoaderHierarchy                            : loaded 2 times (x 68B)
Class com.google.common.collect.Ordering                                              : loaded 2 times (x 112B)
Class org.jetbrains.kotlin.build.report.metrics.BuildPerformanceMetrics               : loaded 2 times (x 70B)
Class org.jetbrains.kotlin.gradle.plugin.mpp.compilationImpl.KotlinCompilationLanguageSettingsConfigurator: loaded 2 times (x 72B)
Class org.jetbrains.kotlin.gradle.plugin.KotlinPluginLifecycleKt$await$1              : loaded 2 times (x 86B)
Class [Lorg.jetbrains.kotlin.gradle.plugin.KotlinCompilation;                         : loaded 2 times (x 67B)
Class org.jetbrains.kotlin.gradle.plugin.mpp.KotlinTargetComponentWithPublication     : loaded 2 times (x 68B)
Class org.jetbrains.kotlin.gradle.plugin.mpp.compilationImpl.KotlinCreateNativeCompileTasksSideEffectKt: loaded 2 times (x 69B)
Class org.jetbrains.kotlin.gradle.dsl.KotlinTargetContainerWithJsPresetFunctions      : loaded 2 times (x 68B)
Class org.jetbrains.kotlin.gradle.plugin.KotlinProjectSetupActionKt                   : loaded 2 times (x 69B)
Class org.jetbrains.kotlin.gradle.report.ReportingSettings$Companion                  : loaded 2 times (x 69B)
Class org.jetbrains.kotlin.gradle.report.ConfigureReporingKt                          : loaded 2 times (x 69B)
Class org.jetbrains.kotlin.tooling.core.TypeUtils                                     : loaded 2 times (x 69B)
Class [Lcom.google.common.collect.ImmutableMapEntry;                                  : loaded 2 times (x 67B)
Class org.gradle.api.internal.classpath.EffectiveClassPath                            : loaded 2 times (x 88B)
Class kotlin.text.StringsKt__AppendableKt                                             : loaded 2 times (x 69B)
Class com.google.common.collect.AbstractIterator$1                                    : loaded 2 times (x 69B)
Class org.jetbrains.kotlin.gradle.utils.CompatibilityKt                               : loaded 2 times (x 69B)
Class org.jetbrains.kotlin.gradle.plugin.mpp.compilationImpl.DefaultKotlinCompilationConfigurationsContainer: loaded 2 times (x 83B)
Class com.google.common.collect.ImmutableRangeSet                                     : loaded 2 times (x 113B)
Class org.jetbrains.kotlin.konan.target.KonanTarget$ANDROID_ARM32                     : loaded 2 times (x 76B)
Class org.jetbrains.kotlin.gradle.tasks.TasksProviderKt                               : loaded 2 times (x 69B)
Class org.jetbrains.kotlin.gradle.plugin.diagnostics.ToolingDiagnostic                : loaded 2 times (x 70B)
Class org.jetbrains.kotlin.gradle.plugin.sources.DefaultKotlinSourceSetFactory        : loaded 2 times (x 78B)
Class com.google.common.collect.ImmutableEnumMap                                      : loaded 2 times (x 123B)
Class com.google.common.collect.ListMultimap                                          : loaded 2 times (x 68B)
Class [Lkotlin.reflect.KCallable;                                                     : loaded 2 times (x 67B)
Class com.google.common.collect.ImmutableSet$SerializedForm                           : loaded 2 times (x 71B)
Class com.google.common.collect.ComparatorOrdering                                    : loaded 2 times (x 113B)
Class org.jetbrains.kotlin.incremental.ClasspathChanges                               : loaded 2 times (x 69B)
Class org.jetbrains.kotlin.buildtools.api.jvm.ClassSnapshotGranularity                : loaded 2 times (x 77B)
Class org.jetbrains.kotlin.gradle.ExternalKotlinTargetApi                             : loaded 2 times (x 68B)
Class com.google.common.collect.Iterators$EmptyModifiableIterator                     : loaded 2 times (x 84B)
Class org.jetbrains.kotlin.konan.target.KonanTarget                                   : loaded 2 times (x 76B)
Class org.jetbrains.kotlin.gradle.plugin.diagnostics.checkers.AndroidPluginWithoutAndroidTargetChecker$runChecks$1: loaded 2 times (x 86B)
Class org.jetbrains.kotlin.gradle.plugin.diagnostics.checkers.AndroidSourceSetLayoutV1SourceSetsNotFoundChecker$runChecks$1: loaded 2 times (x 86B)
Class org.jetbrains.kotlin.gradle.plugin.diagnostics.KotlinGradleProjectCheckersRunnerKt$launchKotlinGradleProjectCheckers$1$1: loaded 2 times (x 93B)
Class org.jetbrains.kotlin.gradle.targets.CreateDefaultTestRunSideEffectKt            : loaded 2 times (x 69B)
Class org.jetbrains.kotlin.gradle.utils.ProviderApiUtilsKt$mapOrNull$1                : loaded 2 times (x 73B)
Class org.jetbrains.kotlin.gradle.targets.native.toolchain.KotlinNativeBundleBuildService$Companion$registerIfAbsent$1: loaded 2 times (x 73B)
Class org.jetbrains.kotlin.statistics.metrics.BooleanAnonymizationPolicy              : loaded 2 times (x 83B)
Class org.jetbrains.kotlin.statistics.metrics.BooleanOverridePolicy$OVERRIDE          : loaded 2 times (x 83B)
Class org.jetbrains.kotlin.gradle.plugin.PropertiesProvider$kotlinExperimentalTryNext$1: loaded 2 times (x 73B)
Class org.jetbrains.kotlin.gradle.plugin.VariantImplementationFactoriesConfigurator$Companion$getProvider$1: loaded 2 times (x 72B)
Class com.google.common.collect.Sets$1                                                : loaded 2 times (x 137B)
Class org.objectweb.asm.AnnotationVisitor                                             : loaded 2 times (x 76B)
Class com.google.common.base.Splitter                                                 : loaded 2 times (x 70B)
Class org.gradle.api.internal.DefaultClassPathProvider                                : loaded 2 times (x 74B)
Class kotlin.sequences.Sequence                                                       : loaded 2 times (x 68B)
Class kotlin.text.StringsKt__StringNumberConversionsJVMKt                             : loaded 2 times (x 69B)
Class com.google.common.collect.NaturalOrdering                                       : loaded 2 times (x 113B)
Class com.google.common.io.CharSource$ConcatenatedCharSource                          : loaded 2 times (x 84B)
Class com.google.common.collect.MapMakerInternalMap$Strength$1                        : loaded 2 times (x 78B)
Class com.google.common.collect.Maps$ViewCachingAbstractMap                           : loaded 2 times (x 123B)
Class org.jetbrains.kotlin.gradle.tasks.configuration.BaseKotlinCompileConfig$1$3$classpathEntrySnapshotFiles$1: loaded 2 times (x 72B)
Class org.jetbrains.kotlin.gradle.tasks.configuration.KaptGenerateStubsConfig$Companion$wireJavaAndKotlinOutputs$1: loaded 2 times (x 77B)
Class org.jetbrains.kotlin.gradle.plugin.KotlinPluginLifecycleCoroutineContextElement : loaded 2 times (x 82B)
Class org.jetbrains.kotlin.gradle.dsl.PlatformSourceSetConventionsChecker             : loaded 2 times (x 72B)
Class org.jetbrains.kotlin.gradle.plugin.diagnostics.checkers.KotlinSourceSetTreeDependsOnMismatchChecker: loaded 2 times (x 72B)
Class org.jetbrains.kotlin.gradle.targets.CreateDefaultCompilationsSideEffectKt       : loaded 2 times (x 69B)
Class org.jetbrains.kotlin.gradle.plugin.mpp.SyncLanguageSettingsWithKotlinExtensionSetupActionKt: loaded 2 times (x 69B)
Class org.jetbrains.kotlin.statistics.metrics.NumericalMetrics                        : loaded 2 times (x 78B)
Class org.jetbrains.kotlin.gradle.plugin.VariantImplementationFactories$Companion$getProvider$2$1: loaded 2 times (x 77B)
Class com.google.common.collect.Sets$2                                                : loaded 2 times (x 137B)
Class [Lorg.gradle.api.internal.ClassPathProvider;                                    : loaded 2 times (x 67B)
Class org.gradle.api.internal.ClassPathProvider                                       : loaded 2 times (x 68B)
Class com.google.common.base.CharMatcher$IsEither                                     : loaded 2 times (x 109B)
Class build_e11sdih8f94zue81vtq6rl8t9$_run_closure1                                   : loaded 2 times (x 137B)
Class com.google.common.collect.MapMakerInternalMap$Strength$2                        : loaded 2 times (x 78B)
Class org.jetbrains.kotlin.gradle.plugin.statistics.ExecutedTaskMetrics               : loaded 2 times (x 69B)
Class org.jetbrains.kotlin.gradle.plugin.diagnostics.CheckKotlinGradlePluginConfigurationErrors$Companion: loaded 2 times (x 69B)
Class org.jetbrains.kotlin.gradle.tasks.KotlinJvmCompile$DefaultImpls                 : loaded 2 times (x 69B)
Class org.jetbrains.kotlin.gradle.tasks.CacheableTasksKt                              : loaded 2 times (x 69B)
Class org.jetbrains.kotlin.konan.target.HostManager$targetValues$2                    : loaded 2 times (x 76B)
Class [Lorg.jetbrains.kotlin.konan.target.Family;                                     : loaded 2 times (x 67B)
Class org.jetbrains.kotlin.gradle.plugin.diagnostics.checkers.UnusedSourceSetsChecker$runChecks$1: loaded 2 times (x 86B)
Class org.jetbrains.kotlin.gradle.targets.js.npm.PeerNpmDependencyExtension           : loaded 2 times (x 68B)
Class org.jetbrains.kotlin.gradle.dsl.AndroidMainSourceSetConventionsChecker          : loaded 2 times (x 72B)
Class org.jetbrains.kotlin.gradle.plugin.diagnostics.checkers.WasmJsEnvironmentChecker$1: loaded 2 times (x 76B)
Class org.jetbrains.kotlin.gradle.targets.js.npm.NpmDependencyExtensionKt$AddNpmDependencyExtensionProjectSetupAction$1: loaded 2 times (x 72B)
Class org.jetbrains.kotlin.build.report.metrics.GradleBuildPerformanceMetric          : loaded 2 times (x 90B)
Class org.jetbrains.kotlin.gradle.internal.properties.PropertiesBuildService$NullableBooleanGradleProperty: loaded 2 times (x 74B)
Class [Lorg.objectweb.asm.AnnotationVisitor;                                          : loaded 2 times (x 67B)
Class com.google.common.collect.Sets$3                                                : loaded 2 times (x 137B)
Class com.google.common.util.concurrent.AbstractFuture$SafeAtomicHelper               : loaded 2 times (x 77B)
Class com.google.common.cache.LocalCache$LocalLoadingCache                            : loaded 2 times (x 132B)
Class com.google.common.base.AbstractIterator$State                                   : loaded 2 times (x 77B)
Class org.gradle.internal.service.UnknownServiceException                             : loaded 2 times (x 81B)
Class build_un849e6z6ngen6qoyjii3rwi                                                  : loaded 2 times (x 178B)
Class build_a9ak61v7snnpwmgkywn2cp0iv$_run_closure1$_closure3                         : loaded 2 times (x 137B)
Class com.google.common.collect.MapMakerInternalMap$StrongValueEntry                  : loaded 2 times (x 68B)
Class com.google.common.io.ByteArrayDataInput                                         : loaded 2 times (x 68B)
Class org.jetbrains.kotlin.gradle.tasks.configuration.BaseKotlinCompileConfig$2$1$1$1 : loaded 2 times (x 72B)
Class org.jetbrains.kotlin.gradle.tasks.KotlinCompile$ScriptFilterSpec                : loaded 2 times (x 73B)
Class org.jetbrains.kotlin.gradle.plugin.diagnostics.checkers.ComposePluginSuggestApplyChecker$runChecks$1: loaded 2 times (x 86B)
Class org.jetbrains.kotlin.konan.target.KonanTarget$TVOS_ARM64                        : loaded 2 times (x 76B)
Class org.jetbrains.kotlin.gradle.targets.js.npm.DefaultPeerNpmDependencyExtension    : loaded 2 times (x 139B)
Class org.jetbrains.kotlin.gradle.plugin.KotlinPluginLifecycleKt                      : loaded 2 times (x 69B)
Class org.jetbrains.kotlin.gradle.plugin.diagnostics.checkers.WasmJsEnvironmentChecker$2: loaded 2 times (x 76B)
Class org.jetbrains.kotlin.gradle.plugin.mpp.AbstractKotlinTarget                     : loaded 2 times (x 154B)
Class org.jetbrains.kotlin.gradle.internal.properties.NativePropertiesLoader$kotlinNativeVersion$1: loaded 2 times (x 73B)
Class org.jetbrains.kotlin.gradle.plugin.VariantImplementationFactoriesConfigurator$Inject: loaded 2 times (x 94B)
Class org.jetbrains.kotlin.gradle.dsl.KotlinSingleTargetExtension                     : loaded 2 times (x 122B)
Class com.google.common.collect.Sets$4                                                : loaded 2 times (x 137B)
Class org.objectweb.asm.ModuleVisitor                                                 : loaded 2 times (x 79B)
Class com.google.common.cache.LocalCache$Strength$1                                   : loaded 2 times (x 79B)
Class org.jetbrains.kotlin.gradle.tasks.configuration.BaseKotlinCompileConfig$2$1$1$2 : loaded 2 times (x 72B)
Class org.jetbrains.kotlin.gradle.plugin.mpp.KotlinCompilationsKt$addSourcesToKotlinCompileTask$configureAction$2: loaded 2 times (x 77B)
Class org.jetbrains.kotlin.gradle.plugin.mpp.compilationImpl.KotlinCompilationTaskNamesContainer: loaded 2 times (x 70B)
Class org.jetbrains.kotlin.gradle.plugin.mpp.compilationImpl.factory.KotlinCompilationImplFactory$KotlinCompilerOptionsFactory: loaded 2 times (x 68B)
Class org.jetbrains.kotlin.gradle.internal.properties.PropertiesBuildServiceKt$propertyWithDeprecatedName$1: loaded 2 times (x 73B)
Class org.jetbrains.kotlin.gradle.targets.js.npm.NpmDependencyExtension               : loaded 2 times (x 68B)
Class org.jetbrains.kotlin.gradle.plugin.LanguageSettingsBuilder                      : loaded 2 times (x 68B)
Class org.jetbrains.kotlin.gradle.plugin.diagnostics.checkers.WasmWasiEnvironmentChecker: loaded 2 times (x 74B)
Class org.jetbrains.kotlin.gradle.plugin.diagnostics.checkers.WasmJsEnvironmentChecker$3: loaded 2 times (x 76B)
Class org.jetbrains.kotlin.gradle.targets.ConfigureBuildSideEffectKt                  : loaded 2 times (x 69B)
Class org.jetbrains.kotlin.gradle.plugin.BuildEventsListenerRegistryHolder$Companion  : loaded 2 times (x 69B)
Class [Lorg.jetbrains.kotlin.statistics.metrics.StringMetrics;                        : loaded 2 times (x 67B)
Class org.jetbrains.kotlin.gradle.internal.properties.PropertiesBuildService$Inject   : loaded 2 times (x 94B)
Class com.google.common.util.concurrent.SettableFuture                                : loaded 2 times (x 112B)
Class com.google.common.cache.LocalCache$Strength$2                                   : loaded 2 times (x 79B)
Class [Lcom.google.common.base.AbstractIterator$State;                                : loaded 2 times (x 67B)
Class kotlin.collections.ArraysKt___ArraysJvmKt                                       : loaded 2 times (x 69B)
Class kotlin.collections.CollectionsKt__CollectionsKt                                 : loaded 2 times (x 69B)
Class kotlin.text.StringsKt__RegexExtensionsJVMKt                                     : loaded 2 times (x 69B)
Class build_40g3pcfxeir3g8kexxan0rbt0$_run_closure1                                   : loaded 2 times (x 137B)
Class com.google.common.collect.AllEqualOrdering                                      : loaded 2 times (x 112B)
Class com.google.common.collect.Interners$InternerImpl                                : loaded 2 times (x 73B)
Class com.google.common.collect.Interner                                              : loaded 2 times (x 68B)
Class com.google.common.collect.TransformedIterator                                   : loaded 2 times (x 78B)
Class com.google.common.io.ByteStreams                                                : loaded 2 times (x 69B)
Class org.objectweb.asm.Handle                                                        : loaded 2 times (x 70B)
Class org.jetbrains.kotlin.gradle.tasks.KotlinJavaToolchain$JdkSetter                 : loaded 2 times (x 68B)
Class org.jetbrains.kotlin.gradle.utils.ConfigurationCacheKt                          : loaded 2 times (x 69B)
Class org.jetbrains.kotlin.gradle.plugin.KotlinPluginLifecycle$ProjectConfigurationResult$Success: loaded 2 times (x 69B)
Class org.jetbrains.kotlin.gradle.internal.StdlibDependencyManagementKt$configureStdlibVersionAlignment$1: loaded 2 times (x 73B)
Class org.jetbrains.kotlin.gradle.plugin.diagnostics.checkers.OverriddenKotlinNativeHomeChecker$allKonanMainSubdirectoriesExist$1$1: loaded 2 times (x 73B)
Class org.jetbrains.kotlin.gradle.dsl.PlatformSourceSetConventionsChecker$CheckedPlatformInfo: loaded 2 times (x 70B)
Class org.jetbrains.kotlin.gradle.plugin.diagnostics.checkers.WasmJsEnvironmentChecker$4: loaded 2 times (x 76B)
Class org.jetbrains.kotlin.gradle.plugin.mpp.KotlinUsages$KotlinCinteropDisambiguation: loaded 2 times (x 74B)
Class org.jetbrains.kotlin.gradle.plugin.KotlinPluginInMultipleProjectsHolder         : loaded 2 times (x 70B)
Class org.jetbrains.kotlin.gradle.report.BuildReportType$Companion                    : loaded 2 times (x 69B)
Class com.google.common.cache.LocalCache$Strength$3                                   : loaded 2 times (x 79B)
Class com.google.common.collect.MapDifference                                         : loaded 2 times (x 68B)
Class com.google.common.base.Splitter$1                                               : loaded 2 times (x 75B)
Class org.jetbrains.kotlin.gradle.plugin.internal.ConfigurationCacheStartParameterAccessorKt: loaded 2 times (x 69B)
Class kotlin._Assertions                                                              : loaded 2 times (x 69B)
Class com.google.common.collect.MapMaker$Dummy                                        : loaded 2 times (x 77B)
Class org.jetbrains.kotlin.gradle.tasks.KotlinCompilerPluginData$InputsOutputsState   : loaded 2 times (x 70B)
Class org.jetbrains.kotlin.gradle.plugin.sources.FragmentConsistencyChecks$optInAnnotationsCheck$1: loaded 2 times (x 77B)
Class org.jetbrains.kotlin.gradle.plugin.mpp.AbstractKotlinCompilationToRunnableFiles : loaded 2 times (x 194B)
Class org.jetbrains.kotlin.gradle.artifacts.KotlinMetadataArtifactKt$KotlinMetadataArtifact$1: loaded 2 times (x 72B)
Class org.jetbrains.kotlin.gradle.plugin.mpp.KotlinUsages$KotlinMetadataCompatibility : loaded 2 times (x 74B)
Class [Lorg.jetbrains.kotlin.gradle.dsl.JvmTarget;                                    : loaded 2 times (x 67B)
Class org.jetbrains.kotlin.gradle.utils.ConfigurationsKt$maybeCreateResolvable$1      : loaded 2 times (x 76B)
Class org.jetbrains.kotlin.gradle.plugin.StatisticsBuildFlowManager$Companion         : loaded 2 times (x 69B)
Class org.jetbrains.kotlin.statistics.metrics.StringMetrics$Companion                 : loaded 2 times (x 69B)
Class org.jetbrains.kotlin.gradle.internal.properties.PropertiesBuildService$property$1$1: loaded 2 times (x 73B)
Class org.jetbrains.kotlin.tooling.core.Extras$Type                                   : loaded 2 times (x 70B)
Class org.objectweb.asm.FieldWriter                                                   : loaded 2 times (x 76B)
Class com.google.common.cache.CacheBuilder$NullListener                               : loaded 2 times (x 80B)
Class org.gradle.internal.classpath.TransformedClassPath                              : loaded 2 times (x 94B)
Class org.gradle.internal.classloader.InstrumentingClassLoader                        : loaded 2 times (x 68B)
Class org.jetbrains.kotlin.gradle.plugin.KotlinPlatformType$Companion                 : loaded 2 times (x 69B)
Class kotlin.jvm.internal.FunctionReference                                           : loaded 2 times (x 120B)
Class kotlin.jvm.internal.FunctionBase                                                : loaded 2 times (x 68B)
Class kotlin.enums.EnumEntriesList                                                    : loaded 2 times (x 221B)
Class com.google.common.collect.ImmutableListMultimap                                 : loaded 2 times (x 174B)
Class org.jetbrains.kotlin.gradle.internal.StdlibDependencyManagementKt$configureStdlibVersionAlignment$1$1$1: loaded 2 times (x 73B)
Class org.jetbrains.kotlin.gradle.plugin.BuildFinishedListenerService$Companion       : loaded 2 times (x 69B)
Class org.jetbrains.kotlin.gradle.plugin.BuildFinishedListenerService                 : loaded 2 times (x 78B)
Class com.google.common.collect.ImmutableRangeSet$AsSet                               : loaded 2 times (x 297B)
Class org.jetbrains.kotlin.gradle.plugin.sources.FragmentConsistencyChecks$optInAnnotationsCheck$2: loaded 2 times (x 76B)
Class org.jetbrains.kotlin.gradle.targets.NativeForwardImplementationToApiElementsSideEffectKt$special$$inlined$KotlinTargetSideEffect$1: loaded 2 times (x 72B)
Class com.google.common.cache.CacheLoader$FunctionToCacheLoader                       : loaded 2 times (x 73B)
Class com.google.common.collect.Iterators$ArrayItr                                    : loaded 2 times (x 95B)
Class com.google.common.collect.ImmutableCollection$Builder                           : loaded 2 times (x 74B)
Class org.jetbrains.kotlin.gradle.plugin.KotlinPlatformType$DisambiguationRule        : loaded 2 times (x 74B)
Class kotlin.comparisons.ComparisonsKt___ComparisonsJvmKt                             : loaded 2 times (x 69B)
Class kotlin.collections.CollectionsKt__IteratorsJVMKt                                : loaded 2 times (x 69B)
Class com.google.common.collect.EmptyImmutableListMultimap                            : loaded 2 times (x 174B)
Class com.google.common.collect.BaseImmutableMultimap                                 : loaded 2 times (x 121B)
Class org.jetbrains.kotlin.gradle.tasks.configuration.BaseKotlinCompileConfig$1$3$2   : loaded 2 times (x 73B)
Class org.jetbrains.kotlin.gradle.tasks.AbstractKotlinCompileTool$sources$1           : loaded 2 times (x 77B)
Class org.jetbrains.kotlin.gradle.tasks.configuration.TaskConfigAction                : loaded 2 times (x 70B)
Class org.jetbrains.kotlin.gradle.plugin.diagnostics.checkers.OverriddenKotlinNativeHomeChecker$allKonanMainSubdirectoriesExist$1: loaded 2 times (x 73B)
Class org.jetbrains.kotlin.gradle.plugin.AbstractKotlinPlugin$Companion               : loaded 2 times (x 69B)
Class org.jetbrains.kotlin.gradle.plugin.KotlinSourceSetTree                          : loaded 2 times (x 70B)
Class org.jetbrains.kotlin.gradle.plugin.KotlinPluginLifecycle$Stage                  : loaded 2 times (x 77B)
Class org.jetbrains.kotlin.gradle.plugin.mpp.compilationImpl.KotlinCreateResourcesTaskSideEffectKt$KotlinCreateResourcesTaskSideEffect$1: loaded 2 times (x 72B)
Class org.jetbrains.kotlin.gradle.plugin.sources.KotlinSourceSetFactory               : loaded 2 times (x 78B)
Class org.jetbrains.kotlin.gradle.targets.native.toolchain.KotlinNativeBundleBuildService$Parameters_Decorated: loaded 2 times (x 141B)
Class org.jetbrains.kotlin.gradle.internal.ClassLoadersCachingBuildService$Companion  : loaded 2 times (x 69B)
Class org.jetbrains.kotlin.gradle.plugin.StatisticsBuildFlowManager$subscribeForBuildResult$1$1: loaded 2 times (x 72B)
Class com.google.common.base.Joiner                                                   : loaded 2 times (x 77B)
Class com.google.common.base.MoreObjects                                              : loaded 2 times (x 69B)
Class org.jetbrains.kotlin.utils.CollectionsKt                                        : loaded 2 times (x 69B)
Class org.jetbrains.kotlin.gradle.dsl.KotlinHierarchyDsl                              : loaded 2 times (x 68B)
Class [Lorg.objectweb.asm.Attribute;                                                  : loaded 2 times (x 67B)
Class [Lorg.jetbrains.kotlin.build.report.metrics.BuildAttribute;                     : loaded 2 times (x 67B)
Class org.jetbrains.kotlin.gradle.utils.ProviderApiUtilsKt$mapOrNull$1$1              : loaded 2 times (x 73B)
Class org.jetbrains.kotlin.gradle.plugin.hierarchy.KotlinSourceSetTreeClassifier$Default: loaded 2 times (x 69B)
Class org.jetbrains.kotlin.gradle.plugin.mpp.InternalKotlinCompilationKt              : loaded 2 times (x 69B)
Class org.jetbrains.kotlin.gradle.tasks.configuration.AbstractKotlinCompileConfig     : loaded 2 times (x 70B)
Class org.jetbrains.kotlin.gradle.plugin.mpp.compilationImpl.KotlinCompilationImpl$attributes$2: loaded 2 times (x 77B)
Class org.jetbrains.kotlin.gradle.plugin.diagnostics.checkers.OverriddenKotlinNativeHomeChecker$StdlibExistenceCheckerValueSource: loaded 2 times (x 76B)
Class org.jetbrains.kotlin.gradle.utils.IsolatedKotlinClasspathClassCastException     : loaded 2 times (x 80B)
Class [Lorg.objectweb.asm.Type;                                                       : loaded 2 times (x 67B)
Class com.google.common.collect.Platform                                              : loaded 2 times (x 69B)
Class com.google.common.collect.UnmodifiableIterator                                  : loaded 2 times (x 78B)
Class org.gradle.internal.service.ServiceLocator                                      : loaded 2 times (x 68B)
Class org.jetbrains.kotlin.gradle.targets.native.KotilnNativeConfigureBinariesSideEffectKt: loaded 2 times (x 69B)
Class kotlin.Pair                                                                     : loaded 2 times (x 70B)
Class [Lkotlin.Function;                                                              : loaded 2 times (x 67B)
Class com.google.common.collect.ImmutableSortedMap$Builder                            : loaded 2 times (x 88B)
Class com.google.common.collect.HashBiMap$BiEntry                                     : loaded 2 times (x 81B)
Class org.jetbrains.kotlin.gradle.tasks.DefaultKotlinJavaToolchain$DefaultJavaToolchainSetter$useAsConvention$1: loaded 2 times (x 73B)
Class org.jetbrains.kotlin.gradle.plugin.KotlinCompilerArgumentsProducer$CreateCompilerArgumentsContext: loaded 2 times (x 68B)
Class org.jetbrains.kotlin.gradle.utils.GradleAttributesContainerUtilsKt$copyAttributeTo$1: loaded 2 times (x 77B)
Class org.jetbrains.kotlin.gradle.plugin.diagnostics.RenderReportedDiagnosticsKt      : loaded 2 times (x 69B)
Class org.jetbrains.kotlin.gradle.plugin.hierarchy.KotlinSourceSetTreeClassifierKt$classify$1: loaded 2 times (x 86B)
Class com.google.common.collect.SingletonImmutableBiMap                               : loaded 2 times (x 141B)
Class [Lorg.jetbrains.kotlin.konan.target.KonanTarget;                                : loaded 2 times (x 67B)
Class org.jetbrains.kotlin.gradle.plugin.diagnostics.checkers.WasmSourceSetsNotFoundChecker: loaded 2 times (x 72B)
Class org.jetbrains.kotlin.gradle.plugin.diagnostics.checkers.AndroidSourceSetLayoutV1SourceSetsNotFoundChecker$androidSourceSetRegex$2: loaded 2 times (x 76B)
Class org.jetbrains.kotlin.gradle.plugin.statistics.KotlinBuildStatsLoggerService$Companion: loaded 2 times (x 69B)
Class com.google.common.base.Ascii                                                    : loaded 2 times (x 69B)
Class com.google.common.cache.LocalCache$1                                            : loaded 2 times (x 87B)
Class com.google.common.collect.AbstractMapEntry                                      : loaded 2 times (x 79B)
Class kotlin.io.CloseableKt                                                           : loaded 2 times (x 69B)
Class kotlin.collections.CollectionsKt__MutableCollectionsKt                          : loaded 2 times (x 69B)
Class com.google.common.io.CharSource$StringCharSource                                : loaded 2 times (x 84B)
Class com.google.common.io.ByteSource$ByteArrayByteSource                             : loaded 2 times (x 83B)
Class com.google.common.collect.AbstractSetMultimap                                   : loaded 2 times (x 172B)
Class com.google.common.collect.MapMakerInternalMap$AbstractStrongKeyEntry            : loaded 2 times (x 78B)
Class org.jetbrains.kotlin.gradle.plugin.KotlinCompilationWithResources               : loaded 2 times (x 68B)
Class com.google.common.collect.Sets$ImprovedAbstractSet                              : loaded 2 times (x 133B)
Class com.google.common.collect.ImmutableList$Builder                                 : loaded 2 times (x 75B)
Class org.jetbrains.kotlin.gradle.plugin.KotlinTargetPreset                           : loaded 2 times (x 68B)
Class org.jetbrains.kotlin.gradle.plugin.diagnostics.checkers.KotlinTargetAlreadyDeclaredChecker: loaded 2 times (x 72B)
Class org.jetbrains.kotlin.gradle.plugin.mpp.compilationImpl.KotlinCompilationProcessorSideEffectKt: loaded 2 times (x 69B)
Class org.jetbrains.kotlin.gradle.plugin.mpp.KotlinUsages$KotlinJavaRuntimeJarsCompatibility: loaded 2 times (x 74B)
Class org.jetbrains.kotlin.gradle.utils.FileUtilsKt$localProperties$1                 : loaded 2 times (x 73B)
Class org.jetbrains.kotlin.gradle.dsl.HasConfigurableKotlinCompilerOptions            : loaded 2 times (x 68B)
Class com.google.common.cache.LocalCache$2                                            : loaded 2 times (x 140B)
Class com.google.common.collect.AbstractMultimap                                      : loaded 2 times (x 121B)
Class kotlin.reflect.KCallable                                                        : loaded 2 times (x 68B)
Class kotlin.io.TerminateException                                                    : loaded 2 times (x 80B)
Class kotlin.io.FilesKt__FilePathComponentsKt                                         : loaded 2 times (x 69B)
Class org.jetbrains.kotlin.gradle.tasks.configuration.AbstractKotlinCompileConfig$2$1 : loaded 2 times (x 77B)
Class org.jetbrains.kotlin.gradle.tasks.DefaultKotlinJavaToolchain_Decorated          : loaded 2 times (x 124B)
Class org.jetbrains.kotlin.gradle.plugin.statistics.KotlinProjectConfigurationMetrics : loaded 2 times (x 69B)
Class org.jetbrains.kotlin.gradle.plugin.KotlinCompilationInfo$TCS                    : loaded 2 times (x 87B)
Class com.google.common.collect.ImmutableRangeSet$1                                   : loaded 2 times (x 207B)
Class org.jetbrains.kotlin.gradle.plugin.mpp.HasBinaries                              : loaded 2 times (x 68B)
Class org.jetbrains.kotlin.gradle.dsl.KotlinCommonOptions                             : loaded 2 times (x 68B)
Class org.jetbrains.kotlin.gradle.plugin.mpp.compilationImpl.KotlinCreateSourcesJarTaskSideEffectKt: loaded 2 times (x 69B)
Class org.jetbrains.kotlin.gradle.dsl.KotlinJvmProjectExtension                       : loaded 2 times (x 137B)
Class org.jetbrains.kotlin.gradle.plugin.KotlinGradlePluginExtensionPointInternalKt   : loaded 2 times (x 69B)
Class org.jetbrains.kotlin.gradle.targets.native.toolchain.UsesKotlinNativeBundleBuildService: loaded 2 times (x 68B)
Class org.jetbrains.kotlin.gradle.plugin.KotlinCompilerArgumentsProducer              : loaded 2 times (x 68B)
Class org.jetbrains.kotlin.build.report.metrics.ValueType                             : loaded 2 times (x 77B)
Class com.google.common.util.concurrent.AbstractFuture$UnsafeAtomicHelper$1           : loaded 2 times (x 74B)
Class com.google.common.collect.RegularImmutableAsList                                : loaded 2 times (x 214B)
Class build_e11sdih8f94zue81vtq6rl8t9                                                 : loaded 2 times (x 178B)
Class com.google.common.base.Optional                                                 : loaded 2 times (x 78B)
Class org.jetbrains.kotlin.build.report.metrics.BuildTimes$Companion                  : loaded 2 times (x 69B)
Class org.jetbrains.kotlin.gradle.tasks.configuration.BaseKotlinCompileConfig$1$classpathConfiguration$1: loaded 2 times (x 73B)
Class com.google.common.collect.Range                                                 : loaded 2 times (x 85B)
Class org.jetbrains.kotlin.gradle.targets.js.npm.NpmDependencyExtensionDelegate       : loaded 2 times (x 165B)
Class org.jetbrains.kotlin.gradle.plugin.sources.FragmentConsistencyChecker           : loaded 2 times (x 70B)
Class org.jetbrains.kotlin.gradle.dsl.DefaultToolchainSupport_Decorated               : loaded 2 times (x 122B)
Class org.jetbrains.kotlin.gradle.internal.properties.NativePropertiesLoader$jvmArgs$1: loaded 2 times (x 73B)
Class org.jetbrains.kotlin.gradle.report.BuildMetricsService$Companion                : loaded 2 times (x 69B)
Class org.jetbrains.kotlin.gradle.tasks.KotlinCompileTool                             : loaded 2 times (x 68B)
Class org.jetbrains.kotlin.gradle.utils.SingleAction$PerformedActions                 : loaded 2 times (x 70B)
Class org.jetbrains.kotlin.gradle.plugin.VariantImplementationFactories$Parameters_Decorated: loaded 2 times (x 132B)
Class org.jetbrains.kotlin.gradle.plugin.PropertiesProvider$PropertyNames             : loaded 2 times (x 69B)
Class org.jetbrains.kotlin.gradle.utils.GradleUtilsKt                                 : loaded 2 times (x 69B)
Class org.jetbrains.kotlin.gradle.plugin.HasProject                                   : loaded 2 times (x 68B)
Class com.google.common.util.concurrent.AbstractFuture$Trusted                        : loaded 2 times (x 68B)
Class com.google.common.collect.Iterators                                             : loaded 2 times (x 69B)
Class com.google.common.base.CharMatcher$RangesMatcher                                : loaded 2 times (x 110B)
Class org.jetbrains.kotlin.gradle.plugin.diagnostics.checkers.MissingNativeStdlibChecker: loaded 2 times (x 72B)
Class org.jetbrains.kotlin.gradle.targets.js.npm.NpmDependencyExtensionKt$defaultNpmDependencyDelegate$1: loaded 2 times (x 165B)
Class org.jetbrains.kotlin.gradle.utils.MutableObservableSet                          : loaded 2 times (x 68B)
Class com.google.common.collect.ExplicitOrdering                                      : loaded 2 times (x 113B)
Class com.google.common.io.ByteSink$AsCharSink                                        : loaded 2 times (x 78B)
Class org.jetbrains.kotlin.gradle.tasks.configuration.AbstractKotlinCompileConfig$2$3 : loaded 2 times (x 73B)
Class org.jetbrains.kotlin.gradle.tasks.configuration.BaseKotlinCompileConfig         : loaded 2 times (x 70B)
Class org.jetbrains.kotlin.gradle.plugin.mpp.compilationImpl.factory.KotlinCompilationImplFactory$KotlinCompilationTaskNamesContainerFactory: loaded 2 times (x 68B)
Class org.jetbrains.kotlin.gradle.internal.KotlinDependenciesManagementKt$CustomizeKotlinDependenciesSetupAction$1$coreLibrariesVersion$1: loaded 2 times (x 77B)
Class org.jetbrains.kotlin.gradle.plugin.diagnostics.checkers.CInteropInputChecker$runChecks$1: loaded 2 times (x 86B)
Class org.jetbrains.kotlin.gradle.ExperimentalKotlinGradlePluginApi                   : loaded 2 times (x 68B)
Class org.jetbrains.kotlin.gradle.internal.properties.NativePropertiesLoader          : loaded 2 times (x 84B)
Class org.jetbrains.kotlin.statistics.metrics.NumberAnonymizationPolicy$SAFE          : loaded 2 times (x 83B)
Class org.jetbrains.kotlin.gradle.plugin.statistics.BuildFusService                   : loaded 2 times (x 82B)
Class com.google.common.util.concurrent.UncheckedExecutionException                   : loaded 2 times (x 80B)
Class com.google.common.collect.Lists$StringAsImmutableList                           : loaded 2 times (x 205B)
Class build_71utmw6mqsr3tn12mqg1gd8em$_run_closure1$_closure3                         : loaded 2 times (x 137B)
Class org.jetbrains.kotlin.gradle.tasks.configuration.AbstractKotlinCompileConfig$2$4 : loaded 2 times (x 73B)
Class org.jetbrains.kotlin.gradle.tasks.KotlinCompile$scriptSources$1                 : loaded 2 times (x 73B)
Class org.jetbrains.kotlin.build.report.metrics.BuildAttribute$Companion              : loaded 2 times (x 69B)
Class org.jetbrains.kotlin.gradle.plugin.diagnostics.checkers.CInteropInputChecker$runChecks$2: loaded 2 times (x 73B)
Class org.jetbrains.kotlin.gradle.tasks.configuration.KaptGenerateStubsConfig$Companion: loaded 2 times (x 69B)
Class org.jetbrains.kotlin.gradle.internal.KotlinTestDependencyManagementKt$maybeAddTestDependencyCapability$1: loaded 2 times (x 73B)
Class com.google.common.collect.ImmutableSortedSetFauxverideShim                      : loaded 2 times (x 145B)
Class org.jetbrains.kotlin.gradle.plugin.diagnostics.CheckKotlinGradlePluginConfigurationErrorsKt: loaded 2 times (x 69B)
Class org.jetbrains.kotlin.gradle.targets.js.npm.NpmDependencyExtensionKt$AddNpmDependencyExtensionProjectSetupAction$1$WhenMappings: loaded 2 times (x 69B)
Class org.jetbrains.kotlin.gradle.plugin.mpp.KotlinJvmAndroidCompilation              : loaded 2 times (x 196B)
Class org.jetbrains.kotlin.gradle.targets.CreateDefaultCompilationsSideEffectKt$CreateDefaultCompilationsSideEffect$1: loaded 2 times (x 72B)
Class org.jetbrains.kotlin.gradle.targets.native.internal.AddKotlinPlatformIntegersSupportLibraryKt$AddKotlinPlatformIntegersSupportLibrary$1: loaded 2 times (x 93B)
Class org.jetbrains.kotlin.gradle.plugin.mpp.ApplyUserDefinedAttributesKt             : loaded 2 times (x 69B)
Class org.jetbrains.kotlin.tooling.core.TypeUtils$WhenMappings                        : loaded 2 times (x 69B)
Class org.jetbrains.kotlin.gradle.utils.FutureImpl                                    : loaded 2 times (x 78B)
Class org.jetbrains.kotlin.gradle.internal.properties.NativePropertiesLoader$isToolchainEnabled$1: loaded 2 times (x 73B)
Class [Lorg.jetbrains.kotlin.statistics.metrics.NumericalMetrics;                     : loaded 2 times (x 67B)
Class com.google.common.base.CharMatcher$JavaLetterOrDigit                            : loaded 2 times (x 109B)
Class org.gradle.internal.InternalTransformer                                         : loaded 2 times (x 68B)
Class org.jetbrains.kotlin.gradle.plugin.KotlinPluginLifecycleImpl$launch$coroutine$1 : loaded 2 times (x 74B)
Class kotlin.collections.EmptyList                                                    : loaded 2 times (x 172B)
Class kotlin.collections.MapsKt__MapsJVMKt                                            : loaded 2 times (x 69B)
Class build_40g3pcfxeir3g8kexxan0rbt0                                                 : loaded 2 times (x 179B)
Class com.google.common.collect.HashMultimapGwtSerializationDependencies              : loaded 2 times (x 172B)
Class org.jetbrains.kotlin.gradle.tasks.CompileUsingKotlinDaemonWithNormalization     : loaded 2 times (x 68B)
Class org.jetbrains.kotlin.gradle.plugin.mpp.compilationImpl.factory.KotlinCompilationImplFactory$PostConfigure$Companion: loaded 2 times (x 69B)
Class com.google.common.collect.AbstractMapBasedMultimap$KeySet$1                     : loaded 2 times (x 80B)
Class org.jetbrains.kotlin.gradle.internal.KotlinDomApiDependencyManagementKt$configureKotlinDomApiDefaultDependency$1: loaded 2 times (x 77B)
Class org.jetbrains.kotlin.gradle.targets.js.npm.DefaultDevNpmDependencyExtension     : loaded 2 times (x 143B)
Class [Lorg.jetbrains.kotlin.gradle.plugin.HasKotlinDependencies;                     : loaded 2 times (x 67B)
Class org.jetbrains.kotlin.gradle.tasks.DefaultKotlinJavaToolchain$Companion$wireJvmTargetToToolchain$1: loaded 2 times (x 73B)
Class org.jetbrains.kotlin.gradle.plugin.diagnostics.checkers.JsLikeEnvironmentChecker: loaded 2 times (x 74B)
Class org.jetbrains.kotlin.gradle.plugin.KotlinPlatformType                           : loaded 2 times (x 80B)
Class org.jetbrains.kotlin.gradle.internal.properties.PropertiesBuildServiceKt        : loaded 2 times (x 69B)
Class org.jetbrains.kotlin.gradle.plugin.KotlinGradleBuildServices$Companion          : loaded 2 times (x 69B)
Class org.objectweb.asm.ClassWriter                                                   : loaded 2 times (x 104B)
Class com.google.common.cache.CacheLoader$UnsupportedLoadingOperationException        : loaded 2 times (x 80B)
Class com.google.common.base.CharMatcher$And                                          : loaded 2 times (x 110B)
Class org.gradle.internal.classloader.ClasspathUtil$1                                 : loaded 2 times (x 74B)
Class org.jetbrains.kotlin.gradle.internal.KotlinDomApiDependencyManagementKt         : loaded 2 times (x 69B)
Class com.google.common.collect.FluentIterable$1                                      : loaded 2 times (x 79B)
Class com.google.common.base.Objects                                                  : loaded 2 times (x 69B)
Class org.jetbrains.kotlin.gradle.plugin.diagnostics.TransformActionUsingKotlinToolingDiagnostics$Companion: loaded 2 times (x 69B)
Class org.jetbrains.kotlin.gradle.plugin.BuildFinishedListenerService$Companion$registerIfAbsent$1: loaded 2 times (x 72B)
Class com.google.common.collect.AbstractMapBasedMultimap$Itr                          : loaded 2 times (x 81B)
Class org.jetbrains.kotlin.gradle.plugin.diagnostics.ToolingDiagnosticRenderingOptions$Companion: loaded 2 times (x 69B)
Class org.jetbrains.kotlin.gradle.dsl.KotlinJvmCompilerOptionsHelper                  : loaded 2 times (x 69B)
Class org.jetbrains.kotlin.gradle.tasks.DefaultKotlinJavaToolchain$Companion$wireJvmTargetToToolchain$2: loaded 2 times (x 73B)
Class org.jetbrains.kotlin.gradle.plugin.ProjectLocalConfigurations$ProjectLocalDisambiguation: loaded 2 times (x 74B)
Class org.jetbrains.kotlin.gradle.plugin.mpp.apple.swiftexport.internal.SwiftExportInitKt: loaded 2 times (x 69B)
Class org.jetbrains.kotlin.gradle.internal.properties.PropertiesBuildService$NullableStringGradleProperty: loaded 2 times (x 74B)
Class org.jetbrains.kotlin.gradle.plugin.KotlinGradleBuildServices$detectKotlinPluginLoadedInMultipleProjects$onRegister$1$1: loaded 2 times (x 73B)
Class org.jetbrains.kotlin.gradle.plugin.internal.ConfigurationCacheStartParameterAccessor$Factory: loaded 2 times (x 68B)
Class org.objectweb.asm.FieldVisitor                                                  : loaded 2 times (x 75B)
Class com.google.common.collect.IndexedImmutableSet                                   : loaded 2 times (x 148B)
Class com.google.common.collect.ImmutableMap$1                                        : loaded 2 times (x 79B)
Class com.google.common.collect.BiMap                                                 : loaded 2 times (x 68B)
Class org.gradle.api.internal.classpath.DefaultModuleRegistry$DefaultModule           : loaded 2 times (x 84B)
Class org.jetbrains.kotlin.buildtools.api.KotlinLogger                                : loaded 2 times (x 68B)
Class org.jetbrains.kotlin.gradle.internal.transforms.BuildToolsApiClasspathEntrySnapshotTransform$Parameters$Inject: loaded 2 times (x 116B)
Class com.google.common.collect.NullsFirstOrdering                                    : loaded 2 times (x 113B)
Class com.google.common.base.Absent                                                   : loaded 2 times (x 78B)
Class com.google.common.collect.FluentIterable$2                                      : loaded 2 times (x 79B)
Class org.jetbrains.kotlin.gradle.plugin.diagnostics.CheckKotlinGradlePluginConfigurationErrors_Decorated: loaded 2 times (x 363B)
Class org.jetbrains.kotlin.gradle.plugin.mpp.compilationImpl.KotlinCompilationSourceSetInclusion$DefaultAddSourcesToCompileTask$addSources$1: loaded 2 times (x 77B)
Class org.jetbrains.kotlin.gradle.plugin.diagnostics.checkers.WasmSourceSetsNotFoundChecker$wasmSourceSetRegex$2: loaded 2 times (x 76B)
Class org.jetbrains.kotlin.gradle.plugin.mpp.compilationImpl.KotlinCompilationSideEffect: loaded 2 times (x 68B)
Class org.jetbrains.kotlin.gradle.plugin.KotlinGradlePluginExtensionPoint             : loaded 2 times (x 68B)
Class org.jetbrains.kotlin.tooling.core.ExtrasUtilsKt                                 : loaded 2 times (x 69B)
Class org.jetbrains.kotlin.buildtools.api.ExperimentalBuildToolsApi                   : loaded 2 times (x 68B)
Class org.jetbrains.kotlin.gradle.utils.ResourceUtilsKt                               : loaded 2 times (x 69B)
Class org.jetbrains.kotlin.gradle.plugin.KotlinPluginWrapperKt$kotlinPluginVersionFromResources$1: loaded 2 times (x 76B)
Class com.google.common.primitives.Ints                                               : loaded 2 times (x 69B)
Class com.google.common.collect.AbstractIterator                                      : loaded 2 times (x 80B)
Class kotlin.collections.IndexingIterable                                             : loaded 2 times (x 77B)
Class kotlin.collections.ArraysKt__ArraysKt                                           : loaded 2 times (x 69B)
Class com.google.common.collect.FluentIterable$3                                      : loaded 2 times (x 79B)
Class org.jetbrains.kotlin.gradle.tasks.UsesKotlinJavaToolchain$DefaultImpls          : loaded 2 times (x 69B)
Class org.jetbrains.kotlin.build.report.metrics.BuildAttributeKind$Companion          : loaded 2 times (x 69B)
Class org.jetbrains.kotlin.gradle.plugin.mpp.KotlinTargetSoftwareComponentImplKt$KotlinTargetSoftwareComponent$1$1$1: loaded 2 times (x 73B)
Class org.jetbrains.kotlin.gradle.tasks.configuration.KaptGenerateStubsConfig$Companion$configureLibraries$1: loaded 2 times (x 77B)
Class org.jetbrains.kotlin.gradle.plugin.mpp.compilationImpl.KotlinCompilationSourceSetInclusion$DefaultAddSourcesToCompileTask$addSources$2: loaded 2 times (x 77B)
Class org.jetbrains.kotlin.gradle.tasks.AbstractKotlinCompile                         : loaded 2 times (x 451B)
Class org.jetbrains.kotlin.gradle.plugin.KotlinCompilationOutput                      : loaded 2 times (x 68B)
Class org.jetbrains.kotlin.gradle.plugin.diagnostics.CheckKotlinGradlePluginConfigurationErrorsKt$addDependsOnFromTasksThatShouldFailWhenErrorsReported$1: loaded 2 times (x 73B)
Class org.jetbrains.kotlin.konan.target.KonanTarget$TVOS_X64                          : loaded 2 times (x 76B)
Class org.jetbrains.kotlin.gradle.plugin.diagnostics.KotlinToolingDiagnosticsSetupActionKt: loaded 2 times (x 69B)
Class org.jetbrains.kotlin.gradle.plugin.KotlinGradleBuildServices$Parameters$Inject  : loaded 2 times (x 104B)
Class org.jetbrains.kotlin.gradle.plugin.statistics.BuildFusService$Companion$registerIfAbsentImpl$2: loaded 2 times (x 73B)
Class org.jetbrains.kotlin.gradle.plugin.KotlinPluginWrapperKt$kotlinPluginVersionFromResources$1$1: loaded 2 times (x 69B)
Class com.google.common.math.MathPreconditions                                        : loaded 2 times (x 69B)
Class com.google.common.collect.Multiset                                              : loaded 2 times (x 68B)
Class com.google.common.collect.ArrayListMultimapGwtSerializationDependencies         : loaded 2 times (x 170B)
Class com.google.common.collect.ObjectArrays                                          : loaded 2 times (x 69B)
Class com.google.common.collect.AbstractIndexedListIterator                           : loaded 2 times (x 94B)
Class kotlin.collections.SetsKt__SetsJVMKt                                            : loaded 2 times (x 69B)
Class kotlin.Function                                                                 : loaded 2 times (x 68B)
Class org.jetbrains.kotlin.tooling.core.Extras$Entry                                  : loaded 2 times (x 70B)
Class org.jetbrains.kotlin.gradle.plugin.sources.InternalKotlinSourceSetKt            : loaded 2 times (x 69B)
Class org.jetbrains.kotlin.gradle.internal.Kapt3GradleSubplugin$Kapt3SubpluginContext : loaded 2 times (x 70B)
Class org.jetbrains.kotlin.gradle.artifacts.KotlinTargetArtifact                      : loaded 2 times (x 68B)
Class org.jetbrains.kotlin.gradle.dsl.KotlinJvmCompilerOptionsDefault_Decorated       : loaded 2 times (x 166B)
Class org.jetbrains.kotlin.gradle.plugin.HasKotlinDependencies                        : loaded 2 times (x 68B)
Class org.jetbrains.kotlin.gradle.targets.native.toolchain.KotlinNativeBundleBuildService$Companion: loaded 2 times (x 69B)
Class org.jetbrains.kotlin.gradle.plugin.BuildEventsListenerRegistryHolder_Decorated  : loaded 2 times (x 117B)
Class org.jetbrains.kotlin.gradle.plugin.statistics.BuildFusService$Companion$registerIfAbsentImpl$2$1: loaded 2 times (x 73B)
Class org.jetbrains.kotlin.gradle.plugin.statistics.MetricContainer                   : loaded 2 times (x 70B)
Class org.jetbrains.kotlin.gradle.plugin.statistics.old.Pre232IdeaKotlinBuildStatsMXBean: loaded 2 times (x 68B)
Class org.jetbrains.kotlin.gradle.plugin.statistics.KotlinBuildStatsServicesRegistry  : loaded 2 times (x 76B)
Class org.jetbrains.kotlin.gradle.plugin.VariantImplementationFactoriesConfigurator   : loaded 2 times (x 74B)
Class com.google.common.collect.ImmutableMapEntrySet                                  : loaded 2 times (x 149B)
Class org.gradle.api.internal.classpath.Module                                        : loaded 2 times (x 68B)
Class kotlin.internal.ProgressionUtilKt                                               : loaded 2 times (x 69B)
Class kotlin.io.FileAlreadyExistsException                                            : loaded 2 times (x 80B)
Class build_7qjijuahx7yu3q8zxrey29env$_run_closure1                                   : loaded 2 times (x 137B)
Class build_bsxg0unrv58va1yi9qt7be616                                                 : loaded 2 times (x 179B)
Class org.jetbrains.kotlin.gradle.tasks.DefaultKotlinJavaToolchain$getToolsJarFromJvm$1$1: loaded 2 times (x 77B)
Class org.jetbrains.kotlin.gradle.tasks.KotlinCompile$ClasspathSnapshotProperties_Decorated: loaded 2 times (x 135B)
Class org.jetbrains.kotlin.gradle.internal.transforms.BuildToolsApiClasspathEntrySnapshotTransform$Parameters_Decorated: loaded 2 times (x 153B)
Class org.jetbrains.kotlin.gradle.plugin.mpp.compilationImpl.KotlinCompilationSourceSetInclusion$Companion$includedSourceSets$2: loaded 2 times (x 76B)
Class org.jetbrains.kotlin.gradle.plugin.diagnostics.KotlinToolingDiagnosticsSetupActionKt$KotlinToolingDiagnosticsSetupAction$1$1: loaded 2 times (x 73B)
Class org.jetbrains.kotlin.gradle.targets.js.npm.NpmDirectoryDependencyWithExternalsExtension: loaded 2 times (x 68B)
Class org.jetbrains.kotlin.gradle.plugin.KotlinProjectSetupAction                     : loaded 2 times (x 68B)
Class org.jetbrains.kotlin.gradle.plugin.KotlinGradleFinishBuildHandler$Companion     : loaded 2 times (x 69B)
Class com.google.common.cache.Weigher                                                 : loaded 2 times (x 68B)
Class org.gradle.api.internal.classpath.UnknownModuleException                        : loaded 2 times (x 80B)
Class org.jetbrains.kotlin.gradle.tasks.CInteropProcess                               : loaded 2 times (x 345B)
Class org.jetbrains.kotlin.gradle.plugin.mpp.InternalKotlinTargetComponentKt          : loaded 2 times (x 69B)
Class org.jetbrains.kotlin.gradle.plugin.mpp.InternalKotlinTarget$DefaultImpls        : loaded 2 times (x 69B)
Class org.jetbrains.kotlin.gradle.plugin.KotlinPluginLifecycleImpl$executeCurrentStageAndScheduleNext$3: loaded 2 times (x 73B)
Class org.jetbrains.kotlin.gradle.plugin.mpp.compilationImpl.KotlinCompilationRegisterInSourceSetsConfigurator$configure$1: loaded 2 times (x 77B)
Class org.jetbrains.kotlin.gradle.plugin.diagnostics.KotlinToolingDiagnosticsSetupActionKt$KotlinToolingDiagnosticsSetupAction$1$2: loaded 2 times (x 93B)
Class org.jetbrains.kotlin.gradle.targets.js.npm.NpmDependencyWithExternalsExtension  : loaded 2 times (x 68B)
Class org.jetbrains.kotlin.gradle.plugin.mpp.KotlinUsageContext                       : loaded 2 times (x 68B)
Class org.jetbrains.kotlin.gradle.plugin.KotlinTargetsContainer                       : loaded 2 times (x 68B)
Class org.jetbrains.kotlin.compilerRunner.GradleCliCommonizerKt                       : loaded 2 times (x 69B)
Class org.jetbrains.kotlin.gradle.utils.ConfigurationsKt                              : loaded 2 times (x 69B)
Class org.jetbrains.kotlin.gradle.plugin.StatisticsBuildFlowManager                   : loaded 2 times (x 70B)
Class org.jetbrains.kotlin.gradle.plugin.statistics.BuildFusService$Parameters        : loaded 2 times (x 68B)
Class org.jetbrains.kotlin.gradle.plugin.PluginWrappersKt                             : loaded 2 times (x 69B)
Class com.google.common.base.Stopwatch                                                : loaded 2 times (x 70B)
Class com.google.common.cache.LocalCache$Strength                                     : loaded 2 times (x 79B)
Class com.google.common.cache.Cache                                                   : loaded 2 times (x 68B)
Class kotlin.collections.IndexingIterator                                             : loaded 2 times (x 77B)
Class org.jetbrains.kotlin.gradle.plugin.mpp.compilationImpl.factory.KotlinCompilationImplFactory$KotlinCompilationSourceSetsContainerFactory: loaded 2 times (x 68B)
Class com.google.common.io.AppendableWriter                                           : loaded 2 times (x 98B)
Class com.google.common.io.Files$2                                                    : loaded 2 times (x 74B)
Class org.jetbrains.kotlin.gradle.plugin.mpp.InternalKotlinTargetKt                   : loaded 2 times (x 69B)
Class com.google.common.collect.AbstractMultimap$Entries                              : loaded 2 times (x 118B)
Class org.jetbrains.kotlin.gradle.plugin.diagnostics.KotlinToolingDiagnosticsSetupActionKt$KotlinToolingDiagnosticsSetupAction$1$3: loaded 2 times (x 73B)
Class org.jetbrains.kotlin.gradle.targets.js.dsl.KotlinTargetWithNodeJsDsl            : loaded 2 times (x 68B)
Class org.jetbrains.kotlin.gradle.plugin.sources.DefaultKotlinSourceSetKt$defaultSourceSetLanguageSettingsChecker$1: loaded 2 times (x 76B)
Class org.jetbrains.kotlin.gradle.plugin.sources.InternalKotlinSourceSet              : loaded 2 times (x 68B)
Class org.jetbrains.kotlin.gradle.plugin.KotlinJvmPlugin                              : loaded 2 times (x 78B)
Class org.jetbrains.kotlin.gradle.plugin.mpp.SyncLanguageSettingsWithKotlinExtensionSetupActionKt$SyncLanguageSettingsWithKotlinExtensionSetupAction$1: loaded 2 times (x 93B)
Class org.jetbrains.kotlin.gradle.dsl.KotlinGradlePluginPublicDsl                     : loaded 2 times (x 68B)
Class org.jetbrains.kotlin.gradle.internal.properties.NativeProperties                : loaded 2 times (x 68B)
Class org.jetbrains.kotlin.statistics.BuildSessionLogger                              : loaded 2 times (x 75B)
Class org.jetbrains.kotlin.gradle.plugin.internal.ConfigurationCacheStartParameterAccessor: loaded 2 times (x 68B)
Class com.google.common.util.concurrent.AbstractFuture$Cancellation                   : loaded 2 times (x 70B)
Class com.google.common.collect.ImmutableMap$Builder                                  : loaded 2 times (x 80B)
Class com.google.common.base.NullnessCasts                                            : loaded 2 times (x 69B)
Class [Lkotlin.reflect.KAnnotatedElement;                                             : loaded 2 times (x 67B)
Class kotlin.io.ByteStreamsKt                                                         : loaded 2 times (x 69B)
Class com.google.common.base.Present                                                  : loaded 2 times (x 79B)
Class com.google.common.collect.AbstractMapBasedMultimap$WrappedCollection$WrappedIterator: loaded 2 times (x 82B)
Class org.jetbrains.kotlin.gradle.utils.FutureKt$future$2$1                           : loaded 2 times (x 93B)
Class [Lorg.jetbrains.kotlin.gradle.plugin.statistics.plugins.ObservablePlugins;      : loaded 2 times (x 67B)
Class org.jetbrains.kotlin.gradle.plugin.internal.BuildIdService$Companion$registerIfAbsent$1$1: loaded 2 times (x 73B)
Class org.jetbrains.kotlin.gradle.plugin.mpp.compilationImpl.factory.KotlinCompilationDependencyConfigurationsFactoriesKt$WhenMappings: loaded 2 times (x 69B)
Class org.jetbrains.kotlin.konan.target.KonanTarget$IOS_ARM64                         : loaded 2 times (x 76B)
Class org.jetbrains.kotlin.gradle.targets.js.dsl.KotlinWasmTargetDsl                  : loaded 2 times (x 68B)
Class org.jetbrains.kotlin.gradle.plugin.diagnostics.checkers.DisabledCinteropCommonizationInHmppProjectChecker$runChecks$1: loaded 2 times (x 86B)
Class org.jetbrains.kotlin.gradle.plugin.sources.ConsistencyCheck                     : loaded 2 times (x 70B)
Class org.jetbrains.kotlin.gradle.plugin.sources.DefaultKotlinSourceSetKt$defaultSourceSetLanguageSettingsChecker$2: loaded 2 times (x 76B)
Class org.jetbrains.kotlin.gradle.dsl.KotlinCommonToolOptions                         : loaded 2 times (x 68B)
Class org.jetbrains.kotlin.gradle.plugin.AbstractKotlinPlugin                         : loaded 2 times (x 77B)
Class org.jetbrains.kotlin.gradle.tasks.DefaultKotlinJavaToolchain$Companion$wireJvmTargetToJvm$1: loaded 2 times (x 73B)
Class org.jetbrains.kotlin.gradle.plugin.diagnostics.checkers.ComposePluginSuggestApplyChecker: loaded 2 times (x 72B)
Class org.jetbrains.kotlin.gradle.report.UsesBuildMetricsService                      : loaded 2 times (x 68B)
Class com.google.common.cache.RemovalListener                                         : loaded 2 times (x 68B)
Class org.gradle.api.internal.DefaultClassPathRegistry                                : loaded 2 times (x 74B)
Class com.google.common.collect.ImmutableMultimap$Keys                                : loaded 2 times (x 164B)
Class org.jetbrains.kotlin.gradle.plugin.mpp.KotlinTargetSoftwareComponentImplKt$KotlinTargetSoftwareComponent$1$1$configuration$1: loaded 2 times (x 77B)
Class org.jetbrains.kotlin.gradle.targets.js.npm.DefaultPeerNpmDependencyExtension$delegate$1: loaded 2 times (x 165B)
Class org.jetbrains.kotlin.gradle.targets.js.npm.NpmDependency                        : loaded 2 times (x 95B)
Class org.jetbrains.kotlin.gradle.targets.js.npm.DefaultNpmDependencyExtension        : loaded 2 times (x 150B)
Class org.jetbrains.kotlin.gradle.targets.js.npm.NpmDependency$Scope                  : loaded 2 times (x 77B)
Class org.jetbrains.kotlin.gradle.plugin.sources.FragmentConsistencyChecks$unstableFeaturesCheck$1: loaded 2 times (x 77B)
Class org.jetbrains.kotlin.gradle.plugin.sources.DefaultKotlinSourceSet               : loaded 2 times (x 139B)
Class org.jetbrains.kotlin.gradle.plugin.diagnostics.checkers.AndroidSourceSetLayoutV1SourceSetsNotFoundChecker: loaded 2 times (x 72B)
Class org.jetbrains.kotlin.gradle.utils.ConfigurationsKt$sam$org_gradle_api_Action$0  : loaded 2 times (x 73B)
Class org.jetbrains.kotlin.gradle.plugin.VariantImplementationFactories$Parameters    : loaded 2 times (x 68B)
Class com.google.common.primitives.IntsMethodsForWeb                                  : loaded 2 times (x 69B)
Class com.google.common.collect.Multimap                                              : loaded 2 times (x 68B)
Class org.gradle.api.internal.ClassPathRegistry                                       : loaded 2 times (x 68B)
Class org.gradle.internal.classpath.DefaultClassPath$ImmutableUniqueList              : loaded 2 times (x 197B)
Class kotlin.text.StringsKt__StringsJVMKt                                             : loaded 2 times (x 69B)
Class com.google.common.collect.NullnessCasts                                         : loaded 2 times (x 69B)
Class com.google.common.collect.MapMakerInternalMap$Segment                           : loaded 2 times (x 140B)
Class com.google.common.base.ExtraObjectsMethodsForWeb                                : loaded 2 times (x 69B)
Class org.jetbrains.kotlin.gradle.plugin.statistics.KotlinBuildStatisticsUtilsKt$collectGeneralConfigurationTimeMetrics$statisticOverhead$1$2: loaded 2 times (x 73B)
Class org.jetbrains.kotlin.gradle.plugin.KotlinCompilation$DefaultImpls               : loaded 2 times (x 69B)
Class org.jetbrains.kotlin.gradle.utils.ProviderApiUtilsKt$providerWithLazyConvention$1: loaded 2 times (x 72B)
Class org.jetbrains.kotlin.konan.target.KonanTarget$Companion$predefinedTargets$2     : loaded 2 times (x 76B)
Class org.jetbrains.kotlin.gradle.plugin.sources.FragmentConsistencyChecks$unstableFeaturesCheck$2: loaded 2 times (x 76B)
Class org.jetbrains.kotlin.gradle.plugin.KotlinPluginLifecycleImpl                    : loaded 2 times (x 78B)
Class org.jetbrains.kotlin.gradle.plugin.diagnostics.KotlinToolingDiagnostics$WasmWasiEnvironmentNotChosenExplicitly: loaded 2 times (x 71B)
Class org.jetbrains.kotlin.gradle.artifacts.KotlinNativeKlibArtifactKt$KotlinNativeKlibArtifact$1: loaded 2 times (x 72B)
Class org.jetbrains.kotlin.gradle.dsl.KotlinCommonCompilerOptionsDefault              : loaded 2 times (x 94B)
Class org.jetbrains.kotlin.gradle.dsl.KotlinCommonCompilerToolOptionsDefault          : loaded 2 times (x 82B)
Class org.jetbrains.kotlin.gradle.internal.properties.NativePropertiesLoader$isUseXcodeMessageStyleEnabled$1: loaded 2 times (x 73B)
Class org.jetbrains.kotlin.gradle.plugin.StatisticsBuildFlowManager_Decorated         : loaded 2 times (x 117B)
Class org.jetbrains.kotlin.gradle.report.BuildReportMode$Companion                    : loaded 2 times (x 69B)
Class org.jetbrains.kotlin.gradle.plugin.VariantImplementationFactories$VariantImplementationFactory: loaded 2 times (x 68B)
Class kotlin.collections.SetsKt                                                       : loaded 2 times (x 69B)
Class kotlin.text.StringsKt__IndentKt                                                 : loaded 2 times (x 69B)
Class org.jetbrains.kotlin.gradle.plugin.mpp.KotlinVariantWithCoordinates             : loaded 2 times (x 106B)
Class com.google.common.io.ByteSink                                                   : loaded 2 times (x 74B)
Class org.jetbrains.kotlin.gradle.plugin.mpp.ApplyUserDefinedAttributesKt$UserDefinedAttributesSetupAction$1$1: loaded 2 times (x 77B)
Class org.jetbrains.kotlin.compilerRunner.CompilerSystemPropertiesService             : loaded 2 times (x 78B)
Class org.jetbrains.kotlin.gradle.plugin.mpp.compilationImpl.KotlinCompilationImpl$1  : loaded 2 times (x 77B)
Class org.jetbrains.kotlin.gradle.targets.js.npm.SemVer$Companion                     : loaded 2 times (x 69B)
Class org.jetbrains.kotlin.konan.target.KonanTarget$LINUX_ARM64                       : loaded 2 times (x 76B)
Class org.jetbrains.kotlin.konan.target.KonanTarget$LINUX_X64                         : loaded 2 times (x 76B)
Class [Lorg.jetbrains.kotlin.konan.target.Architecture;                               : loaded 2 times (x 67B)
Class org.jetbrains.kotlin.gradle.targets.native.SetupEmbedAndSignAppleFrameworkTaskSideEffectKt$special$$inlined$KotlinTargetSideEffect$1: loaded 2 times (x 72B)
Class org.jetbrains.kotlin.gradle.plugin.mpp.KotlinUsages$KotlinCinteropCompatibility : loaded 2 times (x 75B)
Class org.jetbrains.kotlin.gradle.dsl.ExplicitApiMode                                 : loaded 2 times (x 77B)
Class org.jetbrains.kotlin.gradle.utils.GradleAttributesContainerUtilsKt              : loaded 2 times (x 69B)
Class org.jetbrains.kotlin.gradle.plugin.VariantImplementationFactories$Companion     : loaded 2 times (x 69B)
Class org.jetbrains.kotlin.gradle.plugin.internal.CustomPropertiesFileValueSource$Parameters_Decorated: loaded 2 times (x 132B)
Class org.jetbrains.kotlin.gradle.dsl.KotlinTopLevelExtensionConfig                   : loaded 2 times (x 68B)
Class com.google.common.cache.CacheBuilder                                            : loaded 2 times (x 70B)
Class com.google.common.collect.SingletonImmutableList                                : loaded 2 times (x 205B)
Class Settings_gradle$1                                                               : loaded 2 times (x 72B)
Class org.gradle.internal.classpath.ClassPath                                         : loaded 2 times (x 68B)
Class org.gradle.api.UncheckedIOException                                             : loaded 2 times (x 80B)
Class kotlin.reflect.KFunction                                                        : loaded 2 times (x 68B)
Class kotlin.sequences.SequencesKt__SequencesKt$asSequence$$inlined$Sequence$1        : loaded 2 times (x 73B)
Class com.google.common.collect.Interners$InternerBuilder                             : loaded 2 times (x 74B)
Class com.google.common.io.Files$FileByteSource                                       : loaded 2 times (x 83B)
Class org.jetbrains.kotlin.gradle.incremental.IncrementalModuleInfoProvider           : loaded 2 times (x 68B)
Class org.jetbrains.kotlin.gradle.plugin.mpp.compilationImpl.KotlinCompilationImpl$2  : loaded 2 times (x 77B)
Class org.jetbrains.kotlin.gradle.dsl.PlatformSourceSetConventionsChecker$runChecks$1 : loaded 2 times (x 86B)
Class org.jetbrains.kotlin.gradle.plugin.mpp.compilationImpl.KotlinCompilationProcessorSideEffectKt$KotlinCompilationProcessorSideEffect$1: loaded 2 times (x 72B)
Class org.jetbrains.kotlin.gradle.dsl.KotlinJvmCompilerOptionsDefault                 : loaded 2 times (x 104B)
Class org.jetbrains.kotlin.gradle.internal.UsesClassLoadersCachingBuildService        : loaded 2 times (x 68B)
Class com.google.common.collect.ImmutableList$ReverseImmutableList                    : loaded 2 times (x 206B)
Class com.google.common.base.JdkPattern                                               : loaded 2 times (x 73B)
Class kotlin.collections.MapsKt__MapsKt                                               : loaded 2 times (x 69B)
Class com.google.common.io.CharSource$CharSequenceCharSource                          : loaded 2 times (x 84B)
Class com.google.common.io.CharStreams$NullWriter                                     : loaded 2 times (x 97B)
Class org.jetbrains.kotlin.compilerRunner.KotlinCompilerArgumentsLogLevel$Companion   : loaded 2 times (x 69B)
Class org.jetbrains.kotlin.gradle.plugin.DefaultKotlinBasePlugin$addKotlinCompilerConfiguration$3$1: loaded 2 times (x 77B)
Class org.jetbrains.kotlin.gradle.tasks.AbstractKotlinCompile$defaultKotlinJavaToolchain$1: loaded 2 times (x 76B)
Class org.jetbrains.kotlin.daemon.common.MultiModuleICSettings                        : loaded 2 times (x 70B)
Class org.jetbrains.kotlin.cli.common.arguments.Freezable                             : loaded 2 times (x 70B)
Class com.google.errorprone.annotations.DoNotMock                                     : loaded 2 times (x 68B)
Class org.jetbrains.kotlin.gradle.internal.transforms.BuildToolsApiClasspathEntrySnapshotTransform$Parameters: loaded 2 times (x 85B)
Class org.jetbrains.kotlin.gradle.plugin.KotlinCompilationInfoKt                      : loaded 2 times (x 69B)
Class org.jetbrains.kotlin.gradle.tasks.KotlinCompile                                 : loaded 2 times (x 496B)
Class org.jetbrains.kotlin.gradle.internal.StdlibDependencyManagementKt               : loaded 2 times (x 69B)
Class org.jetbrains.kotlin.konan.target.KonanTarget$MINGW_X64                         : loaded 2 times (x 76B)
Class org.jetbrains.kotlin.gradle.dsl.PlatformSourceSetConventionsChecker$runChecks$2 : loaded 2 times (x 76B)
Class org.jetbrains.kotlin.gradle.utils.ObservableSet                                 : loaded 2 times (x 68B)
Class org.jetbrains.kotlin.gradle.plugin.diagnostics.KotlinToolingDiagnosticsCollectorKt: loaded 2 times (x 69B)
Class org.jetbrains.kotlin.gradle.plugin.mpp.HierarchyAttributeContainer              : loaded 2 times (x 81B)
Class org.jetbrains.kotlin.gradle.tasks.UsesKotlinJavaToolchain                       : loaded 2 times (x 68B)
Class org.jetbrains.kotlin.gradle.plugin.DefaultKotlinBasePlugin$apply$1              : loaded 2 times (x 73B)
Class org.jetbrains.kotlin.statistics.metrics.StringOverridePolicy$OVERRIDE           : loaded 2 times (x 83B)
Class org.jetbrains.kotlin.gradle.internal.properties.PropertiesBuildService$Params_Decorated: loaded 2 times (x 132B)
Class org.objectweb.asm.SymbolTable$Entry                                             : loaded 2 times (x 72B)
Class com.google.common.util.concurrent.AbstractFuture$AtomicHelper                   : loaded 2 times (x 76B)
Class com.google.common.io.FileWriteMode                                              : loaded 2 times (x 77B)
Class Native_plugin_loader_gradle                                                     : loaded 2 times (x 128B)
Class org.jetbrains.kotlin.gradle.plugin.KotlinPlatformPluginBase                     : loaded 2 times (x 74B)
Class org.objectweb.asm.signature.SignatureReader                                     : loaded 2 times (x 72B)
Class org.jetbrains.kotlin.gradle.plugin.mpp.KotlinTargetComponentWithCoordinatesAndPublication: loaded 2 times (x 68B)
Class org.jetbrains.kotlin.gradle.incremental.UsesIncrementalModuleInfoBuildService   : loaded 2 times (x 68B)
Class org.jetbrains.kotlin.konan.target.KonanTarget$ANDROID_X86                       : loaded 2 times (x 76B)
Class org.jetbrains.kotlin.gradle.dsl.PlatformSourceSetConventionsChecker$runChecks$3 : loaded 2 times (x 76B)
Class org.jetbrains.kotlin.gradle.plugin.RegisterKotlinPluginExtensionsKt             : loaded 2 times (x 69B)
Class org.jetbrains.kotlin.gradle.plugin.mpp.resources.resolve.KotlinTargetResourcesResolutionStrategy: loaded 2 times (x 77B)
Class org.jetbrains.kotlin.gradle.utils.CompilerOptionsKt$configureExperimentalTryNext$1$1: loaded 2 times (x 76B)
Class org.jetbrains.kotlin.gradle.utils.CompilerOptionsKt                             : loaded 2 times (x 69B)
Class org.jetbrains.kotlin.gradle.utils.SingleAction                                  : loaded 2 times (x 71B)
Class org.jetbrains.kotlin.gradle.plugin.PropertiesProvider$Companion                 : loaded 2 times (x 69B)
Class org.objectweb.asm.Edge                                                          : loaded 2 times (x 70B)
Class com.google.common.base.Suppliers$SupplierOfInstance                             : loaded 2 times (x 77B)
Class com.google.common.collect.Iterators$1                                           : loaded 2 times (x 79B)
Class kotlin.UninitializedPropertyAccessException                                     : loaded 2 times (x 80B)
Class org.jetbrains.kotlin.gradle.tasks.KotlinCompile$defaultKotlinJavaToolchain$1    : loaded 2 times (x 77B)
Class org.jetbrains.kotlin.gradle.tasks.KotlinJavaToolchain$JavaToolchainSetter       : loaded 2 times (x 68B)
Class org.jetbrains.kotlin.gradle.dsl.PlatformSourceSetConventionsChecker$runChecks$4 : loaded 2 times (x 76B)
Class org.jetbrains.kotlin.gradle.plugin.diagnostics.checkers.JsLikeEnvironmentChecker$runChecks$1: loaded 2 times (x 86B)
Class org.jetbrains.kotlin.gradle.plugin.diagnostics.UsesKotlinToolingDiagnostics     : loaded 2 times (x 68B)
Class org.jetbrains.kotlin.gradle.plugin.diagnostics.KotlinToolingDiagnostics$WasmJsEnvironmentNotChosenExplicitly: loaded 2 times (x 71B)
Class org.jetbrains.kotlin.tooling.core.ExtrasPropertyKt$extrasLazyProperty$1         : loaded 2 times (x 92B)
Class org.jetbrains.kotlin.statistics.metrics.BooleanAnonymizationPolicy$SAFE         : loaded 2 times (x 83B)
Class com.google.common.cache.LocalCache$ComputingValueReference                      : loaded 2 times (x 94B)
Class com.google.common.collect.SingletonImmutableSet                                 : loaded 2 times (x 144B)
Class com.google.common.collect.ImmutableMap$IteratorBasedImmutableMap                : loaded 2 times (x 123B)
Class [Lcom.google.common.collect.MapMakerInternalMap$Segment;                        : loaded 2 times (x 67B)
Class build_7qjijuahx7yu3q8zxrey29env                                                 : loaded 2 times (x 178B)
Class com.google.common.collect.AbstractMapBasedMultimap$AsMap$AsMapEntries           : loaded 2 times (x 136B)
Class org.objectweb.asm.TypePath                                                      : loaded 2 times (x 70B)
Class org.jetbrains.kotlin.gradle.internal.KotlinDependenciesManagementKt$configureDefaultVersionsResolutionStrategy$1$1$1: loaded 2 times (x 73B)
Class org.jetbrains.kotlin.gradle.plugin.mpp.compilationImpl.DefaultKotlinCompilationSourceSetsContainer$allKotlinSourceSetsImpl$1$1: loaded 2 times (x 78B)
Class org.jetbrains.kotlin.gradle.plugin.mpp.compilationImpl.DefaultKotlinCompilationSourceSetsContainer: loaded 2 times (x 76B)
Class org.jetbrains.kotlin.konan.target.KonanTarget$TVOS_SIMULATOR_ARM64              : loaded 2 times (x 76B)
Class org.jetbrains.kotlin.konan.target.KonanTarget$Companion                         : loaded 2 times (x 69B)
Class org.jetbrains.kotlin.gradle.plugin.KotlinPluginLifecycle$Stage$Companion        : loaded 2 times (x 69B)
Class org.jetbrains.kotlin.gradle.plugin.diagnostics.checkers.DeprecatedKotlinNativeTargetsChecker: loaded 2 times (x 72B)
Class org.jetbrains.kotlin.gradle.targets.native.ConfigureFrameworkExportSideEffectKt$special$$inlined$KotlinTargetSideEffect$1: loaded 2 times (x 72B)
Class org.jetbrains.kotlin.tooling.core.AbstractExtras                                : loaded 2 times (x 139B)
Class com.google.common.cache.LocalCache$Segment                                      : loaded 2 times (x 152B)
Class com.google.common.cache.LocalCache$ValueIterator                                : loaded 2 times (x 84B)
Class Native_plugin_loader_gradle$NativePluginLoader$Companion                        : loaded 2 times (x 69B)
Class org.jetbrains.kotlin.build.report.metrics.BuildTimes                            : loaded 2 times (x 70B)
Class org.jetbrains.kotlin.gradle.tasks.KotlinCompile$ClasspathSnapshotProperties     : loaded 2 times (x 73B)
Class org.jetbrains.kotlin.gradle.internal.StdlibDependencyManagementKt$addStdlibDependency$1$1: loaded 2 times (x 77B)
Class org.jetbrains.kotlin.gradle.tasks.configuration.BaseKotlinCompileConfig$2$1     : loaded 2 times (x 73B)
Class org.jetbrains.kotlin.gradle.plugin.diagnostics.TransformActionUsingKotlinToolingDiagnostics: loaded 2 times (x 68B)
Class com.google.common.collect.SortedIterable                                        : loaded 2 times (x 68B)
Class org.jetbrains.kotlin.gradle.dsl.PlatformSourceSetConventionsChecker$runChecks$6 : loaded 2 times (x 86B)
Class org.jetbrains.kotlin.gradle.plugin.sources.DefaultKotlinSourceSet_Decorated     : loaded 2 times (x 190B)
Class org.jetbrains.kotlin.gradle.plugin.mpp.KotlinCompilationsKt                     : loaded 2 times (x 69B)
Class org.jetbrains.kotlin.gradle.utils.GradleUtilsKt$registerClassLoaderScopedBuildService$1: loaded 2 times (x 72B)
Class org.jetbrains.kotlin.statistics.metrics.StringOverridePolicy                    : loaded 2 times (x 83B)
Class org.jetbrains.kotlin.gradle.plugin.statistics.DefaultKotlinBuildStatsBeanService: loaded 2 times (x 90B)
Class [Lorg.objectweb.asm.SymbolTable$Entry;                                          : loaded 2 times (x 67B)
Class com.google.common.cache.CacheLoader                                             : loaded 2 times (x 72B)
Class com.google.common.collect.Iterators$4                                           : loaded 2 times (x 80B)
Class com.google.common.collect.ImmutableBiMap                                        : loaded 2 times (x 141B)
Class com.google.common.collect.AbstractListMultimap                                  : loaded 2 times (x 170B)
Class org.gradle.internal.installation.GradleInstallation$1                           : loaded 2 times (x 73B)
Class org.gradle.api.internal.classpath.ModuleRegistry                                : loaded 2 times (x 68B)
Class org.jetbrains.kotlin.gradle.logging.GradleKotlinLogger                          : loaded 2 times (x 78B)
Class org.jetbrains.kotlin.gradle.plugin.KotlinPluginLifecycle$ProjectConfigurationResult: loaded 2 times (x 69B)
Class org.jetbrains.kotlin.gradle.internal.KotlinDependenciesManagementKt$configureDefaultVersionsResolutionStrategy$1: loaded 2 times (x 73B)
Class org.jetbrains.kotlin.gradle.internal.StdlibDependencyManagementKt$configureStdlibDefaultDependency$1: loaded 2 times (x 77B)
Class org.jetbrains.kotlin.gradle.model.builder.KotlinModelBuilder$Companion          : loaded 2 times (x 69B)
Class org.jetbrains.kotlin.gradle.plugin.mpp.compilationImpl.KotlinCreateResourcesTaskSideEffectKt: loaded 2 times (x 69B)
Class org.jetbrains.kotlin.gradle.targets.native.internal.SetupKotlinNativePlatformDependenciesAndStdlibKt: loaded 2 times (x 69B)
Class [Lorg.jetbrains.kotlin.gradle.plugin.mpp.resources.resolve.KotlinTargetResourcesResolutionStrategy;: loaded 2 times (x 67B)
Class org.jetbrains.kotlin.gradle.plugin.mpp.KotlinUsages                             : loaded 2 times (x 69B)
Class org.jetbrains.kotlin.gradle.internal.properties.NativePropertiesLoader$Companion: loaded 2 times (x 69B)
Class [Lorg.jetbrains.kotlin.build.report.metrics.GradleBuildPerformanceMetric;       : loaded 2 times (x 67B)
Class org.jetbrains.kotlin.gradle.plugin.statistics.KotlinBuildStatsBeanService$Companion: loaded 2 times (x 69B)
Class org.jetbrains.kotlin.gradle.plugin.statistics.BuildFusService$Companion         : loaded 2 times (x 69B)
Class com.google.common.util.concurrent.internal.InternalFutureFailureAccess          : loaded 2 times (x 70B)
Class com.google.common.collect.Iterators$5                                           : loaded 2 times (x 80B)
Class com.google.common.collect.ImmutableSet$JdkBackedSetBuilderImpl                  : loaded 2 times (x 74B)
Class com.google.common.base.Splitter$SplittingIterator                               : loaded 2 times (x 82B)
Class build_71utmw6mqsr3tn12mqg1gd8em                                                 : loaded 2 times (x 178B)
Class build_d4x7oq9j7wu6m88rcxaabzzgw                                                 : loaded 2 times (x 178B)
Class com.google.common.collect.ImmutableSortedAsList                                 : loaded 2 times (x 218B)
Class com.google.common.collect.ImmutableMultimap$Values                              : loaded 2 times (x 124B)
Class com.google.common.io.Closer$SuppressingSuppressor                               : loaded 2 times (x 73B)
Class com.google.common.collect.HashBiMap$Inverse                                     : loaded 2 times (x 140B)
Class org.jetbrains.kotlin.gradle.plugin.HasCompilerOptions                           : loaded 2 times (x 68B)
Class org.jetbrains.kotlin.gradle.plugin.mpp.compilationImpl.DefaultKotlinCompilationFriendPathsResolver$FriendArtifactResolver: loaded 2 times (x 68B)
Class org.jetbrains.kotlin.konan.target.KonanTarget$WATCHOS_SIMULATOR_ARM64           : loaded 2 times (x 76B)
Class org.jetbrains.kotlin.gradle.targets.js.ir.KotlinJsIrTarget                      : loaded 2 times (x 258B)
Class org.jetbrains.kotlin.gradle.plugin.mpp.DefaultKotlinUsageContext                : loaded 2 times (x 106B)
Class org.jetbrains.kotlin.gradle.plugin.KotlinPluginLifecycleImpl$start$3            : loaded 2 times (x 77B)
Class org.jetbrains.kotlin.gradle.plugin.KotlinMultiplatformPluginWrapper             : loaded 2 times (x 84B)
Class [Lorg.jetbrains.kotlin.statistics.metrics.BooleanMetrics;                       : loaded 2 times (x 67B)
Class org.jetbrains.kotlin.gradle.internal.properties.PropertiesBuildService$Companion: loaded 2 times (x 69B)
Class com.google.common.util.concurrent.AbstractFuture$UnsafeAtomicHelper             : loaded 2 times (x 76B)
Class com.google.common.cache.LocalCache$LocalManualCache$1                           : loaded 2 times (x 73B)
Class com.google.common.base.CharMatcher$ForPredicate                                 : loaded 2 times (x 110B)
Class kotlin.collections.CollectionsKt__ReversedViewsKt                               : loaded 2 times (x 69B)
Class kotlin.io.FilesKt__UtilsKt                                                      : loaded 2 times (x 69B)
Class kotlin.collections.CollectionsKt__CollectionsJVMKt                              : loaded 2 times (x 69B)
Class build_calxi05e3zjgfvq2jbyzsw64s$_run_closure1$_closure3                         : loaded 2 times (x 137B)
Class com.google.common.collect.ImmutableSortedMap$1EntrySet                          : loaded 2 times (x 151B)
Class org.jetbrains.kotlin.gradle.plugin.mpp.compilationImpl.KotlinCompilationConfigurationsContainer: loaded 2 times (x 68B)
Class org.jetbrains.kotlin.gradle.internal.StdlibDependencyManagementKt$addStdlibDependency$1: loaded 2 times (x 73B)
Class [Lorg.jetbrains.kotlin.gradle.plugin.KotlinPluginLifecycle$CoroutineStart;      : loaded 2 times (x 67B)
Class org.jetbrains.kotlin.gradle.dsl.IosSourceSetConventionChecker                   : loaded 2 times (x 72B)
Class org.jetbrains.kotlin.gradle.plugin.diagnostics.KotlinGradleProjectChecker       : loaded 2 times (x 68B)
Class org.jetbrains.kotlin.gradle.dsl.KotlinMultiplatformSourceSetConventions         : loaded 2 times (x 68B)
Class org.jetbrains.kotlin.gradle.plugin.sources.KotlinSourceSetFactory$Companion     : loaded 2 times (x 69B)
Class org.jetbrains.kotlin.statistics.metrics.NumberOverridePolicy$SUM                : loaded 2 times (x 83B)
Class com.google.common.collect.ImmutableCollection                                   : loaded 2 times (x 123B)
Class com.google.common.base.CharMatcher$AnyOf                                        : loaded 2 times (x 110B)
Class org.gradle.api.internal.classpath.DefaultModuleRegistry                         : loaded 2 times (x 84B)
Class kotlin.sequences.SequencesKt__SequenceBuilderKt                                 : loaded 2 times (x 69B)
Class kotlin.collections.IndexedValue                                                 : loaded 2 times (x 70B)
Class kotlin.sequences.SequencesKt                                                    : loaded 2 times (x 69B)
Class kotlin.collections.CollectionsKt__IteratorsKt                                   : loaded 2 times (x 69B)
Class org.jetbrains.kotlin.gradle.plugin.hierarchy.KotlinSourceSetTreeClassifierKt    : loaded 2 times (x 69B)
Class org.jetbrains.kotlin.gradle.plugin.internal.state.TaskExecutionResults          : loaded 2 times (x 69B)
Class org.jetbrains.kotlin.gradle.plugin.statistics.BuildFusService$Parameters$Inject : loaded 2 times (x 110B)
Class org.jetbrains.kotlin.compilerRunner.KotlinCompilerArgumentsLogLevel             : loaded 2 times (x 77B)
Class org.jetbrains.kotlin.gradle.plugin.mpp.compilationImpl.factory.CompositePostConfigure: loaded 2 times (x 73B)
Class org.jetbrains.kotlin.gradle.targets.native.internal.CInteropConfigurationsKt    : loaded 2 times (x 69B)
Class org.jetbrains.kotlin.statistics.metrics.StatisticsValuesConsumer                : loaded 2 times (x 68B)
Class com.google.common.util.concurrent.ListenableFuture                              : loaded 2 times (x 68B)
Class com.google.common.cache.ReferenceEntry                                          : loaded 2 times (x 68B)
Class com.google.common.collect.ImmutableSet$CachingAsList                            : loaded 2 times (x 145B)
Class kotlin.sequences.FilteringSequence$iterator$1                                   : loaded 2 times (x 77B)
Class com.google.common.collect.Lists                                                 : loaded 2 times (x 69B)
Class com.google.common.base.CharMatcher$Any                                          : loaded 2 times (x 110B)
Class kotlin.io.FilesKt__FileTreeWalkKt                                               : loaded 2 times (x 69B)
Class kotlin.text.StringsKt                                                           : loaded 2 times (x 69B)
Class org.jetbrains.kotlin.gradle.plugin.DefaultKotlinBasePlugin$addKotlinCompilerConfiguration$2$1$1$1: loaded 2 times (x 73B)
Class org.jetbrains.kotlin.gradle.plugin.statistics.NonSynchronizedMetricsContainer   : loaded 2 times (x 75B)
Class org.jetbrains.kotlin.gradle.tasks.KotlinCompilerExecutionStrategy$Companion     : loaded 2 times (x 69B)
Class org.jetbrains.kotlin.gradle.plugin.CompilerPluginConfig                         : loaded 2 times (x 70B)
Class org.jetbrains.kotlin.gradle.model.builder.KotlinModelBuilder                    : loaded 2 times (x 74B)
Class [Lorg.jetbrains.kotlin.tooling.core.HasMutableExtras;                           : loaded 2 times (x 67B)
Class org.jetbrains.kotlin.gradle.plugin.diagnostics.checkers.GradleDeprecatedPropertyChecker: loaded 2 times (x 72B)
Class org.jetbrains.kotlin.gradle.artifacts.KotlinJsKlibArtifactKt$KotlinJsKlibArtifact$1: loaded 2 times (x 72B)
Class org.jetbrains.kotlin.gradle.targets.CreateTargetConfigurationsSideEffectKt      : loaded 2 times (x 69B)
Class org.jetbrains.kotlin.gradle.plugin.mpp.ApplyUserDefinedAttributesKt$UserDefinedAttributesSetupAction$1: loaded 2 times (x 93B)
Class org.jetbrains.kotlin.gradle.plugin.mpp.KotlinAndroidTarget                      : loaded 2 times (x 163B)
Class org.jetbrains.kotlin.gradle.plugin.DefaultKotlinBasePlugin$addKotlinCompilerConfiguration$1: loaded 2 times (x 73B)
Class org.jetbrains.kotlin.gradle.plugin.internal.DefaultCompatibilityConventionRegistrar: loaded 2 times (x 72B)
Class org.jetbrains.kotlin.gradle.plugin.PropertiesProvider                           : loaded 2 times (x 70B)
Class com.google.common.util.concurrent.AbstractFuture                                : loaded 2 times (x 104B)
Class com.google.common.base.FunctionalEquivalence                                    : loaded 2 times (x 81B)
Class com.google.common.collect.Iterators$9                                           : loaded 2 times (x 79B)
Class com.google.common.collect.AbstractMapBasedMultimap                              : loaded 2 times (x 137B)
Class com.google.common.collect.ImmutableAsList                                       : loaded 2 times (x 207B)
Class kotlin.LazyKt__LazyJVMKt                                                        : loaded 2 times (x 69B)
Class com.google.common.io.CharStreams                                                : loaded 2 times (x 69B)
Class com.google.common.collect.ImmutableMultiset                                     : loaded 2 times (x 161B)
Class [Lorg.jetbrains.kotlin.gradle.dsl.jvm.JvmTargetValidationMode;                  : loaded 2 times (x 67B)
Class org.jetbrains.kotlin.gradle.tasks.DefaultKotlinJavaToolchain$javaVersion$1      : loaded 2 times (x 72B)
Class org.jetbrains.kotlin.gradle.plugin.mpp.MppSourcesJarKt$sourcesJarTask$1         : loaded 2 times (x 93B)
Class org.jetbrains.kotlin.gradle.plugin.mpp.compilationImpl.factory.KotlinCompilationImplFactory$KotlinCompilationOutputFactory: loaded 2 times (x 68B)
Class org.jetbrains.kotlin.konan.target.TargetSupportException                        : loaded 2 times (x 80B)
Class org.jetbrains.kotlin.gradle.plugin.KotlinCompilationToRunnableFiles             : loaded 2 times (x 68B)
Class org.jetbrains.kotlin.gradle.tooling.BuildKotlinToolingMetadataTaskKt            : loaded 2 times (x 69B)
Class org.jetbrains.kotlin.gradle.plugin.ProjectLocalConfigurations$setupAttributesMatchingStrategy$1$1: loaded 2 times (x 72B)
Class org.jetbrains.kotlin.gradle.targets.native.toolchain.KotlinNativeBundleBuildService$Companion$registerIfAbsent$2$1$1: loaded 2 times (x 73B)
Class org.jetbrains.kotlin.statistics.BuildSessionLogger$Companion                    : loaded 2 times (x 69B)
Class org.objectweb.asm.RecordComponentVisitor                                        : loaded 2 times (x 75B)
Class com.google.common.cache.CacheLoader$SupplierToCacheLoader                       : loaded 2 times (x 73B)
Class kotlin.jvm.internal.CollectionToArray                                           : loaded 2 times (x 69B)
Class org.gradle.internal.classloader.FilteringClassLoader                            : loaded 2 times (x 103B)
Class kotlin.io.FilesKt__FileReadWriteKt                                              : loaded 2 times (x 69B)
Class kotlin.text.StringsKt__StringNumberConversionsKt                                : loaded 2 times (x 69B)
Class com.google.common.collect.UsingToStringOrdering                                 : loaded 2 times (x 112B)
Class org.jetbrains.kotlin.gradle.targets.js.npm.SemverKt                             : loaded 2 times (x 69B)
Class org.jetbrains.kotlin.gradle.internal.StdlibDependencyManagementKt$isStdlibAddedByUser$1: loaded 2 times (x 77B)
Class org.jetbrains.kotlin.gradle.plugin.mpp.KotlinCompilationsKt$sam$java_util_concurrent_Callable$0: loaded 2 times (x 73B)
Class org.jetbrains.kotlin.gradle.tasks.KotlinCompilerPluginData                      : loaded 2 times (x 70B)
Class org.jetbrains.kotlin.gradle.plugin.mpp.MppSourcesJarKt                          : loaded 2 times (x 69B)
Class org.jetbrains.kotlin.compilerRunner.CompilerSystemPropertiesService$Companion$registerIfAbsent$2$1$1: loaded 2 times (x 73B)
Class org.jetbrains.kotlin.gradle.plugin.KotlinCompilationInfo                        : loaded 2 times (x 86B)
Class org.jetbrains.kotlin.gradle.tasks.BaseKotlinCompile                             : loaded 2 times (x 68B)
Class org.jetbrains.kotlin.gradle.plugin.internal.UsesBuildIdProviderService          : loaded 2 times (x 68B)
Class org.jetbrains.kotlin.gradle.plugin.mpp.compilationImpl.KotlinCompilationSourceSetInclusion$include$1: loaded 2 times (x 77B)
Class org.jetbrains.kotlin.gradle.plugin.mpp.compilationImpl.factory.KotlinCompilationImplFactory$KotlinCompilationDependencyConfigurationsFactory: loaded 2 times (x 68B)
Class org.jetbrains.kotlin.gradle.plugin.KotlinPluginLifecycleCoroutineContextElement$Key: loaded 2 times (x 69B)
Class org.jetbrains.kotlin.gradle.internal.IdeaKt                                     : loaded 2 times (x 69B)
Class org.jetbrains.kotlin.gradle.plugin.diagnostics.KotlinToolingDiagnosticsSetupActionKt$KotlinToolingDiagnosticsSetupAction$1: loaded 2 times (x 72B)
Class org.jetbrains.kotlin.tooling.core.ExtrasPropertyKt                              : loaded 2 times (x 69B)
Class org.jetbrains.kotlin.gradle.dsl.KotlinProjectExtensionKt                        : loaded 2 times (x 69B)
Class org.jetbrains.kotlin.gradle.plugin.KotlinGradleBuildServices$Parameters_Decorated: loaded 2 times (x 132B)
Class org.jetbrains.kotlin.gradle.plugin.DefaultKotlinBasePlugin$addKotlinCompilerConfiguration$3: loaded 2 times (x 73B)
Class [Lorg.jetbrains.kotlin.statistics.metrics.IMetricContainerFactory;              : loaded 2 times (x 67B)
Class com.google.common.collect.Maps$EntryTransformer                                 : loaded 2 times (x 68B)
Class org.gradle.internal.service.ServiceLookupException                              : loaded 2 times (x 80B)
Class com.google.common.collect.RegularImmutableMap$KeySet                            : loaded 2 times (x 148B)
Class org.jetbrains.kotlin.gradle.plugin.statistics.BuildFusService$Inject            : loaded 2 times (x 102B)
Class org.jetbrains.kotlin.gradle.internal.StdlibDependencyManagementKt$isStdlibAddedByUser$2: loaded 2 times (x 76B)
Class org.jetbrains.kotlin.gradle.tasks.GradleCompileTaskProvider_Decorated           : loaded 2 times (x 119B)
Class org.jetbrains.kotlin.gradle.plugin.hierarchy.KotlinSourceSetTreeClassifierKt$sourceSetTreeClassifier$2: loaded 2 times (x 76B)
Class com.google.common.collect.Lists$ReverseList                                     : loaded 2 times (x 198B)
Class com.google.common.collect.ImmutableSortedSet                                    : loaded 2 times (x 297B)
Class org.jetbrains.kotlin.konan.target.HostManager                                   : loaded 2 times (x 70B)
Class org.jetbrains.kotlin.gradle.targets.js.npm.NpmDirectoryDependencyExtension      : loaded 2 times (x 68B)
Class org.jetbrains.kotlin.gradle.plugin.mpp.KotlinUsageContext$MavenScope            : loaded 2 times (x 77B)
Class org.jetbrains.kotlin.gradle.targets.native.KotilnNativeConfigureBinariesSideEffectKt$special$$inlined$KotlinTargetSideEffect$1: loaded 2 times (x 72B)
Class org.jetbrains.kotlin.gradle.plugin.KotlinProjectSetupAction$Companion           : loaded 2 times (x 69B)
Class [Lcom.google.common.cache.LocalCache$EntryFactory;                              : loaded 2 times (x 67B)
Class com.google.common.base.CharMatcher$JavaLetter                                   : loaded 2 times (x 109B)
Class org.gradle.internal.classloader.ClassLoaderFactory                              : loaded 2 times (x 68B)
Class org.jetbrains.kotlin.gradle.tasks.DefaultKotlinJavaToolchain$currentJvmJdkToolsJar$1: loaded 2 times (x 72B)
Class org.jetbrains.kotlin.gradle.plugin.SubpluginEnvironment                         : loaded 2 times (x 70B)
Class org.jetbrains.kotlin.gradle.internal.StdlibDependencyManagementKt$addStdlibDependency$1$1$1: loaded 2 times (x 73B)
Class org.jetbrains.kotlin.gradle.plugin.sources.AbstractKotlinSourceSet              : loaded 2 times (x 139B)
Class org.jetbrains.kotlin.gradle.tooling.BuildKotlinToolingMetadataTaskKt$RegisterBuildKotlinToolingMetadataTask$1: loaded 2 times (x 72B)
Class org.jetbrains.kotlin.compilerRunner.GradleCliCommonizerKt$maybeCreateCommonizerClasspathConfiguration$1$1: loaded 2 times (x 73B)
Class [Lorg.jetbrains.kotlin.build.report.metrics.ValueType;                          : loaded 2 times (x 67B)
Class com.google.common.cache.LocalCache$LocalManualCache                             : loaded 2 times (x 97B)
Class com.google.common.base.CharMatcher$IsNot                                        : loaded 2 times (x 109B)
Class com.google.common.base.CommonPattern                                            : loaded 2 times (x 72B)
Class org.gradle.internal.service.CachingServiceLocator                               : loaded 2 times (x 80B)
Class kotlin.jvm.internal.CallableReference                                           : loaded 2 times (x 104B)
Class org.jetbrains.kotlin.gradle.dsl.jvm.JvmTargetValidationMode                     : loaded 2 times (x 77B)
Class org.jetbrains.kotlin.gradle.plugin.BuildFinishedListenerService$Companion$registerIfAbsent$2$1: loaded 2 times (x 77B)
Class org.jetbrains.kotlin.gradle.plugin.KotlinTargetConfiguratorKt$WhenMappings      : loaded 2 times (x 69B)
Class com.google.common.collect.AbstractMapBasedMultimap$KeySet                       : loaded 2 times (x 135B)
Class com.google.common.collect.RegularImmutableSortedSet                             : loaded 2 times (x 297B)
Class org.jetbrains.kotlin.gradle.internal.KotlinTestDependencyManagementKt$configureKotlinTestDependency$1: loaded 2 times (x 77B)
Class org.jetbrains.kotlin.gradle.plugin.diagnostics.checkers.OverriddenKotlinNativeHomeChecker$StdlibExistenceCheckerValueSource$Params_Decorated: loaded 2 times (x 132B)
Class org.jetbrains.kotlin.project.model.LanguageSettings                             : loaded 2 times (x 68B)
Class org.jetbrains.kotlin.gradle.plugin.KotlinPluginLifecycleKt$kotlinPluginLifecycle$2: loaded 2 times (x 76B)
Class org.jetbrains.kotlin.gradle.plugin.statistics.BuildFusService$Companion$registerIfAbsent$1$1: loaded 2 times (x 77B)
Class org.jetbrains.kotlin.gradle.plugin.BuildFinishFlowAction$Parameters_Decorated   : loaded 2 times (x 135B)
Class org.jetbrains.kotlin.gradle.plugin.internal.CompatibilityConventionRegistrar$Factory: loaded 2 times (x 68B)
Class com.google.common.math.IntMath                                                  : loaded 2 times (x 69B)
Class com.google.common.collect.AbstractMapBasedMultimap$WrappedCollection            : loaded 2 times (x 122B)
Class build_4iqxyh20w7tuhurjg6v4yf65q$_run_closure1                                   : loaded 2 times (x 137B)
Class org.jetbrains.kotlin.gradle.plugin.mpp.KotlinMetadataTarget                     : loaded 2 times (x 165B)
Class com.google.common.collect.MapMakerInternalMap$InternalEntry                     : loaded 2 times (x 68B)
Class [Lcom.google.common.collect.HashBiMap$BiEntry;                                  : loaded 2 times (x 67B)
Class org.jetbrains.kotlin.gradle.plugin.diagnostics.CheckKotlinGradlePluginConfigurationErrorsKt$locateOrRegisterCheckKotlinGradlePluginErrorsTask$taskProvider$1$1: loaded 2 times (x 73B)
Class org.jetbrains.kotlin.gradle.plugin.mpp.InternalKotlinCompilation$DefaultImpls   : loaded 2 times (x 69B)
Class org.jetbrains.kotlin.gradle.plugin.mpp.compilationImpl.KotlinCompilationSourceSetInclusion$DefaultAddSourcesToCompileTask: loaded 2 times (x 72B)
Class org.jetbrains.kotlin.gradle.internal.KotlinTestDependencyManagementKt$configureKotlinTestDependency$2: loaded 2 times (x 73B)
Class org.jetbrains.kotlin.gradle.dsl.PlatformSourceSetConventionsChecker$runChecks$$inlined$CheckedPlatformInfo$default$1: loaded 2 times (x 76B)
Class [Lorg.jetbrains.kotlin.gradle.plugin.KotlinPluginLifecycle$Stage;               : loaded 2 times (x 67B)
Class org.jetbrains.kotlin.gradle.artifacts.KotlinTargetArtifact$Companion            : loaded 2 times (x 69B)
Class org.jetbrains.kotlin.gradle.plugin.mpp.compilationImpl.KotlinCreateLifecycleTasksSideEffectKt$KotlinCreateLifecycleTasksSideEffect$1: loaded 2 times (x 72B)
Class org.jetbrains.kotlin.gradle.targets.metadata.KotlinMetadataTargetConfiguratorKt$metadataCompilationsCreated$2: loaded 2 times (x 76B)
Class org.jetbrains.kotlin.gradle.dsl.KotlinGradlePluginDsl                           : loaded 2 times (x 68B)
Class org.jetbrains.kotlin.tooling.core.MutableExtras                                 : loaded 2 times (x 68B)
Class org.jetbrains.kotlin.gradle.plugin.KotlinGradleBuildServices$detectKotlinPluginLoadedInMultipleProjects$onRegister$1: loaded 2 times (x 77B)
Class com.google.common.collect.Iterators$10                                          : loaded 2 times (x 79B)
Class com.google.common.collect.ImmutableMapEntry                                     : loaded 2 times (x 83B)
Class com.google.common.base.CharMatcher$JavaDigit                                    : loaded 2 times (x 109B)
Class kotlin.enums.EnumEntries                                                        : loaded 2 times (x 68B)
Class org.jetbrains.kotlin.build.report.metrics.DoNothingBuildMetricsReporter         : loaded 2 times (x 84B)
Class com.google.common.collect.ImmutableMultimap                                     : loaded 2 times (x 145B)
Class org.objectweb.asm.signature.SignatureVisitor                                    : loaded 2 times (x 85B)
Class org.jetbrains.kotlin.gradle.plugin.diagnostics.CheckKotlinGradlePluginConfigurationErrorsKt$locateOrRegisterCheckKotlinGradlePluginErrorsTask$taskProvider$1$2: loaded 2 times (x 72B)
Class org.jetbrains.kotlin.gradle.tasks.CompileUsingKotlinDaemon                      : loaded 2 times (x 68B)
Class org.jetbrains.kotlin.gradle.plugin.mpp.KotlinWithJavaTarget                     : loaded 2 times (x 164B)
Class org.jetbrains.kotlin.gradle.plugin.mpp.compilationImpl.KotlinCreateNativeCompileTasksSideEffectKt$special$$inlined$KotlinCompilationSideEffect$1: loaded 2 times (x 72B)
Class org.jetbrains.kotlin.gradle.targets.KotlinTargetSideEffect$Companion            : loaded 2 times (x 69B)
Class org.jetbrains.kotlin.gradle.dsl.KotlinSingleJavaTargetExtension                 : loaded 2 times (x 122B)
Class org.jetbrains.kotlin.gradle.utils.StoredPropertyKt$extrasStoredProperty$1       : loaded 2 times (x 76B)
Class org.jetbrains.kotlin.gradle.plugin.KotlinPluginLifecycle$IllegalLifecycleException: loaded 2 times (x 80B)
Class org.jetbrains.kotlin.gradle.internal.properties.NativePropertiesLoader$userProvidedNativeHome$1: loaded 2 times (x 73B)
Class org.jetbrains.kotlin.gradle.plugin.KotlinGradleFinishBuildHandler               : loaded 2 times (x 70B)
Class [Lorg.jetbrains.kotlin.build.report.metrics.BuildPerformanceMetric;             : loaded 2 times (x 67B)
Class org.jetbrains.kotlin.statistics.metrics.StringOverridePolicy$CONCAT             : loaded 2 times (x 83B)
Class org.jetbrains.kotlin.gradle.dsl.KotlinTopLevelExtension                         : loaded 2 times (x 68B)
Class com.google.common.base.Equivalence                                              : loaded 2 times (x 80B)
Class com.google.common.collect.ImmutableMapEntry$NonTerminalImmutableMapEntry        : loaded 2 times (x 83B)
Class com.google.common.base.Function                                                 : loaded 2 times (x 68B)
Class org.jetbrains.kotlin.gradle.plugin.ProjectLocalConfigurationsKt                 : loaded 2 times (x 69B)
Class org.jetbrains.kotlin.gradle.plugin.mpp.compilationImpl.factory.KotlinCompilationImplFactory: loaded 2 times (x 70B)
Class org.jetbrains.kotlin.gradle.internal.KotlinDomApiDependencyManagementKt$addKotlinDomApiDependency$1: loaded 2 times (x 73B)
Class org.jetbrains.kotlin.gradle.plugin.diagnostics.checkers.KotlinTargetAlreadyDeclaredChecker$runChecks$1: loaded 2 times (x 86B)
Class org.jetbrains.kotlin.gradle.plugin.mpp.KotlinTargetWithBinaries                 : loaded 2 times (x 161B)
Class [Lorg.jetbrains.kotlin.gradle.plugin.KotlinSourceSet;                           : loaded 2 times (x 67B)
Class org.jetbrains.kotlin.gradle.plugin.diagnostics.checkers.JsEnvironmentChecker$1  : loaded 2 times (x 76B)
Class org.jetbrains.kotlin.gradle.plugin.diagnostics.KotlinToolingDiagnostics$JsLikeEnvironmentNotChosenExplicitly: loaded 2 times (x 71B)
Class org.jetbrains.kotlin.gradle.plugin.KotlinTargetsContainerWithPresets            : loaded 2 times (x 68B)
Class org.jetbrains.kotlin.gradle.utils.StoredLazyProperty$getValue$1                 : loaded 2 times (x 77B)
Class org.jetbrains.kotlin.statistics.metrics.IMetricContainerFactory                 : loaded 2 times (x 68B)
Class org.jetbrains.kotlin.statistics.MetricValueValidationFailed                     : loaded 2 times (x 80B)
Class org.jetbrains.kotlin.gradle.plugin.PropertiesProvider$localProperties$2         : loaded 2 times (x 77B)
Class com.google.common.collect.IndexedImmutableSet$1                                 : loaded 2 times (x 210B)
Class com.google.common.cache.CacheBuilder$OneWeigher                                 : loaded 2 times (x 80B)
Class com.google.common.collect.RegularImmutableList                                  : loaded 2 times (x 210B)
Class com.google.common.base.Equivalence$Identity                                     : loaded 2 times (x 80B)
Class com.google.common.base.PairwiseEquivalence                                      : loaded 2 times (x 81B)
Class build_e5iwe75c8e416zuyd1p8749jc$_run_closure1                                   : loaded 2 times (x 137B)
Class com.google.common.collect.ImmutableSortedMap                                    : loaded 2 times (x 215B)
Class org.jetbrains.kotlin.gradle.plugin.mpp.compilationImpl.DefaultKotlinCompilationFriendPathsResolver$resolveFriendPaths$1$1: loaded 2 times (x 77B)
Class org.jetbrains.kotlin.build.report.metrics.BuildMetricsReporterImpl              : loaded 2 times (x 96B)
Class org.jetbrains.kotlin.gradle.tasks.configuration.KaptGenerateStubsConfig         : loaded 2 times (x 70B)
Class org.jetbrains.kotlin.gradle.tasks.configuration.BaseKotlinCompileConfig$1$classpathConfiguration$jvmToolchain$1: loaded 2 times (x 72B)
Class org.jetbrains.kotlin.gradle.targets.js.npm.SemVer                               : loaded 2 times (x 73B)
Class org.jetbrains.kotlin.gradle.plugin.diagnostics.checkers.JsEnvironmentChecker$2  : loaded 2 times (x 76B)
Class org.jetbrains.kotlin.gradle.utils.WhenPluginEnabledKt$whenPluginsEnabled$1      : loaded 2 times (x 73B)
Class org.jetbrains.kotlin.gradle.tasks.AbstractKotlinCompileTool                     : loaded 2 times (x 364B)
Class [Lorg.jetbrains.kotlin.gradle.report.BuildReportType;                           : loaded 2 times (x 67B)
Class org.jetbrains.kotlin.gradle.plugin.statistics.KotlinBuildStatsConfiguration     : loaded 2 times (x 70B)
Class org.jetbrains.kotlin.gradle.internal.properties.PropertiesBuildService$localProperties$2: loaded 2 times (x 77B)
Class com.google.common.collect.ImmutableBiMapFauxverideShim                          : loaded 2 times (x 118B)
Class org.gradle.internal.classloader.ClasspathUtil                                   : loaded 2 times (x 69B)
Class kotlin.io.FileSystemException                                                   : loaded 2 times (x 80B)
Class org.jetbrains.kotlin.gradle.dsl.KotlinCompile                                   : loaded 2 times (x 68B)
Class org.jetbrains.kotlin.gradle.plugin.mpp.compilationImpl.DefaultKotlinCompilationFriendPathsResolver$DefaultFriendArtifactResolver: loaded 2 times (x 72B)
Class org.jetbrains.kotlin.gradle.plugin.diagnostics.checkers.InternalGradlePropertiesUsageChecker$runChecks$1: loaded 2 times (x 86B)
Class org.jetbrains.kotlin.gradle.utils.StringUtilsKt$lowerCamelCaseName$1            : loaded 2 times (x 123B)
Class org.jetbrains.kotlin.gradle.plugin.diagnostics.checkers.JsEnvironmentChecker$3  : loaded 2 times (x 76B)
Class org.jetbrains.kotlin.gradle.artifacts.KotlinLegacyMetadataArtifactKt            : loaded 2 times (x 69B)
Class org.jetbrains.kotlin.gradle.dsl.JvmTarget$Companion                             : loaded 2 times (x 69B)
Class org.jetbrains.kotlin.gradle.internal.properties.NativePropertiesLoader$downloadFromMaven$1: loaded 2 times (x 73B)
Class org.jetbrains.kotlin.gradle.plugin.internal.DefaultConfigurationCacheStartParameterAccessor_Decorated: loaded 2 times (x 123B)
Class org.jetbrains.kotlin.gradle.plugin.internal.DefaultConfigurationCacheStartParameterAccessor: loaded 2 times (x 75B)
Class org.jetbrains.kotlin.tooling.core.HasExtras                                     : loaded 2 times (x 68B)
Class com.google.common.base.Charsets                                                 : loaded 2 times (x 69B)
Class com.google.common.util.concurrent.Uninterruptibles                              : loaded 2 times (x 69B)
Class kotlin.jvm.internal.DefaultConstructorMarker                                    : loaded 2 times (x 69B)
Class com.google.common.io.CharSource                                                 : loaded 2 times (x 83B)
Class com.google.common.collect.AbstractMapBasedMultimap$WrappedSet                   : loaded 2 times (x 140B)
Class org.jetbrains.kotlin.gradle.plugin.KotlinCompilationInfo$TCS$friendPaths$1      : loaded 2 times (x 77B)
Class org.jetbrains.kotlin.gradle.plugin.sources.DefaultLanguageSettingsBuilder$freeCompilerArgsProvider$1: loaded 2 times (x 93B)
Class org.jetbrains.kotlin.konan.target.HostManager$Companion                         : loaded 2 times (x 69B)
Class org.jetbrains.kotlin.gradle.targets.js.npm.DevNpmDependencyExtension            : loaded 2 times (x 68B)
Class org.jetbrains.kotlin.gradle.plugin.diagnostics.checkers.PreHmppDependenciesUsageChecker: loaded 2 times (x 72B)
Class org.jetbrains.kotlin.gradle.targets.CreateArtifactsSideEffectKt                 : loaded 2 times (x 69B)
Class org.jetbrains.kotlin.gradle.plugin.AbstractKotlinMultiplatformPluginWrapper     : loaded 2 times (x 84B)
Class org.jetbrains.kotlin.gradle.utils.GradleConfigurationUtilsKt$addGradlePluginMetadataAttributes$1: loaded 2 times (x 73B)
Class org.jetbrains.kotlin.gradle.plugin.internal.DefaultProjectIsolationStartParameterAccessor: loaded 2 times (x 75B)
Class com.google.common.collect.Maps                                                  : loaded 2 times (x 69B)
Class com.google.common.base.CharMatcher$JavaUpperCase                                : loaded 2 times (x 109B)
Class org.gradle.api.specs.Spec                                                       : loaded 2 times (x 68B)
Class org.jetbrains.kotlin.gradle.plugin.KotlinGradleBuildServices$Inject             : loaded 2 times (x 98B)
Class com.google.common.collect.MapMaker                                              : loaded 2 times (x 70B)
Class org.jetbrains.kotlin.gradle.tasks.KotlinCompile$disableMultiModuleIC$2          : loaded 2 times (x 77B)
Class org.jetbrains.kotlin.gradle.tasks.GradleCompileTaskProviderKt                   : loaded 2 times (x 69B)
Class org.jetbrains.kotlin.gradle.plugin.SubpluginEnvironment$Companion               : loaded 2 times (x 69B)
Class org.jetbrains.kotlin.gradle.plugin.mpp.ApplyUserDefinedAttributesKt$UserDefinedAttributesSetupAction$1$1$3: loaded 2 times (x 73B)
Class org.jetbrains.kotlin.gradle.tasks.configuration.BaseKotlinCompileConfig$Companion: loaded 2 times (x 69B)
Class org.jetbrains.kotlin.gradle.plugin.mpp.compilationImpl.KotlinCompilationImpl$Params: loaded 2 times (x 70B)
Class org.jetbrains.kotlin.konan.target.UtilsKt                                       : loaded 2 times (x 69B)
Class org.jetbrains.kotlin.gradle.tooling.BuildKotlinToolingMetadataTask              : loaded 2 times (x 315B)
Class org.jetbrains.kotlin.gradle.plugin.internal.CompatibilityConventionRegistrarKt  : loaded 2 times (x 69B)
Class org.jetbrains.kotlin.gradle.artifacts.KotlinJvmJarArtifactKt                    : loaded 2 times (x 69B)
Class org.jetbrains.kotlin.gradle.plugin.mpp.compilationImpl.CreateCInteropTasksSideEffectKt$special$$inlined$KotlinCompilationSideEffect$1: loaded 2 times (x 72B)
Class org.jetbrains.kotlin.gradle.plugin.statistics.FinalizeConfigurationFusMetricActionKt: loaded 2 times (x 69B)
Class org.jetbrains.kotlin.gradle.plugin.mpp.resources.resolve.KotlinTargetResourcesResolutionStrategy$Companion: loaded 2 times (x 69B)
Class org.jetbrains.kotlin.gradle.targets.native.toolchain.KotlinNativeBundleBuildService$Companion$registerIfAbsent$2$1: loaded 2 times (x 77B)
Class org.jetbrains.kotlin.build.report.metrics.GradleBuildPerformanceMetric$Companion: loaded 2 times (x 69B)
Class org.jetbrains.kotlin.gradle.plugin.statistics.KotlinBuildStatsBeanService       : loaded 2 times (x 85B)
Class [Lcom.google.common.collect.ImmutableEntry;                                     : loaded 2 times (x 67B)
Class build_4iqxyh20w7tuhurjg6v4yf65q                                                 : loaded 2 times (x 178B)
Class org.jetbrains.kotlin.gradle.tasks.configuration.AbstractKotlinCompileConfig$1$1 : loaded 2 times (x 72B)
Class org.jetbrains.kotlin.gradle.tasks.KotlinCompile$kotlinOptions$1                 : loaded 2 times (x 77B)
Class org.jetbrains.kotlin.gradle.internal.properties.NativeProperties$Companion      : loaded 2 times (x 69B)
Class org.jetbrains.kotlin.gradle.utils.StringUtilsKt                                 : loaded 2 times (x 69B)
Class org.jetbrains.kotlin.gradle.targets.ConfigureBuildSideEffectKt$ConfigureBuildSideEffect$1: loaded 2 times (x 72B)
Class org.jetbrains.kotlin.tooling.core.ExtrasLazyProperty                            : loaded 2 times (x 68B)
Class org.jetbrains.kotlin.gradle.utils.CompletableFuture                             : loaded 2 times (x 68B)
Class org.jetbrains.kotlin.build.report.metrics.BuildPerformanceMetric                : loaded 2 times (x 68B)
Class [Lorg.jetbrains.kotlin.statistics.metrics.StringOverridePolicy;                 : loaded 2 times (x 67B)
Class com.google.common.cache.LocalCache$LoadingValueReference                        : loaded 2 times (x 94B)
Class kotlin.collections.EmptyIterator                                                : loaded 2 times (x 87B)
Class kotlin.SynchronizedLazyImpl                                                     : loaded 2 times (x 74B)
Class kotlin.text.StringsKt__RegexExtensionsKt                                        : loaded 2 times (x 69B)
Class build_71utmw6mqsr3tn12mqg1gd8em$_run_closure1                                   : loaded 2 times (x 137B)
Class org.jetbrains.kotlin.gradle.utils.Completable$await$1                           : loaded 2 times (x 86B)
Class com.google.common.io.LineReader$1                                               : loaded 2 times (x 73B)
Class com.google.common.collect.CollectSpliterators                                   : loaded 2 times (x 69B)
Class com.google.common.collect.AbstractMapBasedMultimap$AsMap                        : loaded 2 times (x 126B)
Class com.google.common.collect.MapMakerInternalMap$StrongKeyDummyValueEntry          : loaded 2 times (x 80B)
Class org.jetbrains.kotlin.gradle.tasks.configuration.AbstractKotlinCompileConfig$getClasspathSnapshotDir$1: loaded 2 times (x 72B)
Class org.jetbrains.kotlin.gradle.tasks.configuration.AbstractKotlinCompileConfig$1$2 : loaded 2 times (x 72B)
Class com.google.common.base.Platform                                                 : loaded 2 times (x 69B)
Class com.google.common.collect.Multimaps$Entries                                     : loaded 2 times (x 116B)
Class org.jetbrains.kotlin.gradle.plugin.diagnostics.checkers.OverriddenKotlinNativeHomeChecker$StdlibExistenceCheckerValueSource$Params$Inject: loaded 2 times (x 104B)
Class org.jetbrains.kotlin.gradle.plugin.diagnostics.checkers.CommonMainOrTestWithDependsOnChecker: loaded 2 times (x 72B)
Class org.jetbrains.kotlin.gradle.artifacts.KotlinNativeHostSpecificMetadataArtifactKt: loaded 2 times (x 69B)
Class org.jetbrains.kotlin.gradle.plugin.mpp.compilationImpl.KotlinCreateLifecycleTasksSideEffectKt: loaded 2 times (x 69B)
Class org.jetbrains.kotlin.gradle.plugin.KotlinTarget                                 : loaded 2 times (x 68B)
Class org.jetbrains.kotlin.gradle.utils.ConfigurationsKt$createResolvable$1           : loaded 2 times (x 76B)
Class [Lorg.jetbrains.kotlin.statistics.metrics.BooleanAnonymizationPolicy;           : loaded 2 times (x 67B)
Class org.jetbrains.kotlin.compilerRunner.CompilerSystemPropertiesService$Companion   : loaded 2 times (x 69B)
Class kotlin.sequences.SequencesKt__SequencesJVMKt                                    : loaded 2 times (x 69B)
Class kotlin.collections.AbstractList                                                 : loaded 2 times (x 195B)
Class kotlin.collections.AbstractCollection                                           : loaded 2 times (x 115B)
Class build_56mjm76onbvmmbyl6m54zoply$_run_closure1                                   : loaded 2 times (x 137B)
Class com.google.common.collect.CompoundOrdering                                      : loaded 2 times (x 113B)
Class com.google.common.collect.AbstractMapBasedMultimap$WrappedList                  : loaded 2 times (x 203B)
Class org.jetbrains.kotlin.gradle.internal.KotlinDependenciesManagementKt$allNonProjectDependencies$1: loaded 2 times (x 72B)
Class [Lorg.jetbrains.kotlin.build.report.metrics.BuildAttributeKind;                 : loaded 2 times (x 67B)
Class org.jetbrains.kotlin.gradle.tasks.K2MultiplatformStructure                      : loaded 2 times (x 72B)
Class org.jetbrains.kotlin.compilerRunner.CompilerSystemPropertiesService$Parameters  : loaded 2 times (x 68B)
Class org.jetbrains.kotlin.gradle.plugin.mpp.compilationImpl.KotlinCompilationSourceSetsContainer: loaded 2 times (x 68B)
Class org.jetbrains.kotlin.gradle.artifacts.KotlinNativeKlibArtifactKt                : loaded 2 times (x 69B)
Class org.jetbrains.kotlin.gradle.plugin.ProjectLocalConfigurations                   : loaded 2 times (x 69B)
Class org.jetbrains.kotlin.gradle.plugin.mpp.KotlinUsages$KotlinUsagesDisambiguation  : loaded 2 times (x 74B)
Class org.jetbrains.kotlin.tooling.core.Extras$Key$Companion                          : loaded 2 times (x 69B)
Class org.jetbrains.kotlin.tooling.core.Extras$Key                                    : loaded 2 times (x 70B)
Class [Lorg.objectweb.asm.AnnotationWriter;                                           : loaded 2 times (x 67B)
Class com.google.common.primitives.Ints$IntConverter                                  : loaded 2 times (x 88B)
Class com.google.common.collect.Maps$8                                                : loaded 2 times (x 80B)
Class kotlin.collections.ArrayAsCollection                                            : loaded 2 times (x 103B)
Class kotlin.LazyKt__LazyKt                                                           : loaded 2 times (x 69B)
Class kotlin.text.StringsKt__StringBuilderJVMKt                                       : loaded 2 times (x 69B)
Class Build_gradle$3                                                                  : loaded 2 times (x 72B)
Class org.jetbrains.kotlin.gradle.tasks.configuration.AbstractKotlinCompileConfig$1$4 : loaded 2 times (x 73B)
Class com.google.common.collect.Lists$ReverseList$1                                   : loaded 2 times (x 97B)
Class com.google.common.collect.ImmutableRangeSet$Builder                             : loaded 2 times (x 75B)
Class [Lcom.google.common.collect.Iterators$EmptyModifiableIterator;                  : loaded 2 times (x 67B)
Class org.jetbrains.kotlin.gradle.plugin.diagnostics.CheckKotlinGradlePluginConfigurationErrors: loaded 2 times (x 315B)
Class org.jetbrains.kotlin.gradle.plugin.sources.DefaultKotlinSourceSetKt             : loaded 2 times (x 69B)
Class org.jetbrains.kotlin.gradle.dsl.KotlinJvmOptions                                : loaded 2 times (x 68B)
Class org.jetbrains.kotlin.gradle.plugin.mpp.HierarchyAttributeContainer$1            : loaded 2 times (x 76B)
Class org.jetbrains.kotlin.gradle.plugin.KotlinPluginLifecycle                        : loaded 2 times (x 68B)
Class org.jetbrains.kotlin.gradle.plugin.KotlinJsPluginWrapper                        : loaded 2 times (x 84B)
Class org.jetbrains.kotlin.gradle.dsl.ToolchainSupport                                : loaded 2 times (x 68B)
Class org.jetbrains.kotlin.tooling.core.Extras                                        : loaded 2 times (x 68B)
Class org.jetbrains.kotlin.gradle.plugin.mpp.InternalKotlinTarget                     : loaded 2 times (x 68B)
Class org.jetbrains.kotlin.statistics.metrics.NumberAnonymizationPolicy$RANDOM_10_PERCENT: loaded 2 times (x 83B)
Class org.jetbrains.kotlin.statistics.metrics.StringMetrics                           : loaded 2 times (x 78B)
Class com.google.common.collect.Sets$SetView                                          : loaded 2 times (x 136B)
Class com.google.common.cache.LocalCache$StrongValueReference                         : loaded 2 times (x 88B)
Class com.google.common.util.concurrent.AbstractFuture$SynchronizedHelper             : loaded 2 times (x 76B)
Class com.google.common.base.CharMatcher$Invisible                                    : loaded 2 times (x 110B)
Class kotlin.UNINITIALIZED_VALUE                                                      : loaded 2 times (x 69B)
Class com.google.common.graph.SuccessorsFunction                                      : loaded 2 times (x 68B)
Class org.jetbrains.kotlin.gradle.tasks.CompilerPluginOptions                         : loaded 2 times (x 70B)
Class org.jetbrains.kotlin.gradle.tasks.configuration.AbstractKotlinCompileConfig$1$5 : loaded 2 times (x 73B)
Class org.jetbrains.kotlin.gradle.plugin.mpp.KotlinTargetSoftwareComponentImpl        : loaded 2 times (x 88B)
Class org.jetbrains.kotlin.gradle.plugin.mpp.DefaultKotlinUsageContext$PublishOnlyIf  : loaded 2 times (x 68B)
Class org.jetbrains.kotlin.gradle.dsl.KotlinCommonCompilerOptionsHelper               : loaded 2 times (x 69B)
Class org.jetbrains.kotlin.gradle.plugin.KotlinJvmPlugin$Companion                    : loaded 2 times (x 69B)
Class org.jetbrains.kotlin.gradle.plugin.diagnostics.KotlinToolingDiagnostics         : loaded 2 times (x 69B)
Class org.jetbrains.kotlin.gradle.artifacts.KotlinMetadataArtifactKt                  : loaded 2 times (x 69B)
Class org.jetbrains.kotlin.gradle.targets.CreateArtifactsSideEffectKt$CreateArtifactsSideEffect$1: loaded 2 times (x 72B)
Class org.jetbrains.kotlin.gradle.internal.properties.PropertiesBuildService$property$1$valueFromGradleAndLocalProperties$1: loaded 2 times (x 73B)
Class org.jetbrains.kotlin.gradle.plugin.KotlinPluginWrapperKt$kotlinToolingVersion$2 : loaded 2 times (x 76B)
Class org.objectweb.asm.Type                                                          : loaded 2 times (x 70B)
Class org.gradle.internal.classloader.VisitableURLClassLoader$InstrumentingVisitableURLClassLoader: loaded 2 times (x 121B)
Class kotlin.comparisons.ComparisonsKt__ComparisonsKt                                 : loaded 2 times (x 69B)
Class kotlin.ranges.RangesKt__RangesKt                                                : loaded 2 times (x 69B)
Class kotlin.collections.SetsKt___SetsKt                                              : loaded 2 times (x 69B)
Class kotlin.sequences.SequencesKt__SequencesKt                                       : loaded 2 times (x 69B)
Class com.google.common.collect.MapMakerInternalMap$StrongKeyDummyValueEntry$Helper   : loaded 2 times (x 77B)
Class com.google.common.io.Files$FileByteSink                                         : loaded 2 times (x 75B)
Class org.jetbrains.kotlin.gradle.tasks.configuration.AbstractKotlinCompileConfig$1$6 : loaded 2 times (x 73B)
Class [Lorg.jetbrains.kotlin.gradle.tasks.KotlinCompilerExecutionStrategy;            : loaded 2 times (x 67B)
Class org.jetbrains.kotlin.gradle.tasks.FailedCompilationException                    : loaded 2 times (x 80B)
Class org.jetbrains.kotlin.gradle.plugin.mpp.DefaultKotlinUsageContext$1              : loaded 2 times (x 72B)
Class org.jetbrains.kotlin.gradle.plugin.mpp.compilationImpl.KotlinCompilationImpl$associateWith$2: loaded 2 times (x 77B)
Class org.jetbrains.kotlin.gradle.plugin.hierarchy.KotlinSourceSetTreeClassifier      : loaded 2 times (x 68B)
Class org.jetbrains.kotlin.gradle.plugin.mpp.compilationImpl.KotlinCompilationAssociator: loaded 2 times (x 68B)
Class org.jetbrains.kotlin.konan.target.UtilsKt$evaluatePresetName$1                  : loaded 2 times (x 76B)
Class org.jetbrains.kotlin.gradle.plugin.mpp.KotlinNativeTarget                       : loaded 2 times (x 171B)
Class org.jetbrains.kotlin.gradle.plugin.diagnostics.checkers.KotlinSourceSetTreeDependsOnMismatchChecker$runChecks$1: loaded 2 times (x 86B)
Class org.jetbrains.kotlin.gradle.plugin.diagnostics.checkers.PreHmppDependenciesUsageChecker$runChecks$1: loaded 2 times (x 86B)
Class org.jetbrains.kotlin.gradle.utils.ProjectExtensionsKt                           : loaded 2 times (x 69B)
Class org.jetbrains.kotlin.gradle.plugin.KotlinSourceSetTree$Companion                : loaded 2 times (x 69B)
Class org.jetbrains.kotlin.gradle.plugin.diagnostics.KotlinGradleProjectChecker$Companion: loaded 2 times (x 69B)
Class org.jetbrains.kotlin.gradle.plugin.KotlinGradleBuildServices$Parameters         : loaded 2 times (x 68B)
Class org.jetbrains.kotlin.gradle.plugin.statistics.BuildFusService$Companion$registerIfAbsent$1$1$1: loaded 2 times (x 73B)
Class org.jetbrains.kotlin.statistics.fileloggers.MetricsContainer$Companion          : loaded 2 times (x 69B)
Class org.objectweb.asm.ByteVector                                                    : loaded 2 times (x 77B)
Class [Lcom.google.common.cache.CacheBuilder$NullListener;                            : loaded 2 times (x 67B)
Class com.google.common.math.IntMath$1                                                : loaded 2 times (x 69B)
Class org.gradle.internal.classloader.VisitableURLClassLoader$Spec                    : loaded 2 times (x 72B)
Class org.gradle.internal.classpath.DefaultClassPath                                  : loaded 2 times (x 88B)
Class kotlin.comparisons.ComparisonsKt                                                : loaded 2 times (x 69B)
Class kotlin.comparisons.ComparisonsKt___ComparisonsKt                                : loaded 2 times (x 69B)
Class kotlin.sequences.FilteringSequence                                              : loaded 2 times (x 73B)
Class org.jetbrains.kotlin.gradle.dsl.KotlinMultiplatformExtension                    : loaded 2 times (x 699B)
Class org.jetbrains.kotlin.gradle.plugin.DefaultKotlinBasePlugin$addKotlinCompilerConfiguration$2$1$1: loaded 2 times (x 73B)
Class com.google.common.collect.ImmutableSortedMap$1EntrySet$1                        : loaded 2 times (x 210B)
Class org.jetbrains.kotlin.gradle.plugin.mpp.KotlinSoftwareComponentKt                : loaded 2 times (x 69B)
Class org.jetbrains.kotlin.gradle.plugin.mpp.compilationImpl.KotlinCompilationSourceSetInclusion$AddSourcesToCompileTask: loaded 2 times (x 68B)
Class org.jetbrains.kotlin.konan.target.Architecture                                  : loaded 2 times (x 77B)
Class [Lorg.jetbrains.kotlin.gradle.plugin.HasProject;                                : loaded 2 times (x 67B)
Class org.jetbrains.kotlin.gradle.utils.MutableObservableSetImpl                      : loaded 2 times (x 161B)
Class org.jetbrains.kotlin.gradle.tasks.KotlinTasksProvider                           : loaded 2 times (x 70B)
Class org.jetbrains.kotlin.gradle.plugin.KotlinJsCompilerTypeHolder                   : loaded 2 times (x 68B)
Class org.jetbrains.kotlin.gradle.dsl.DefaultToolchainSupport$wireToolchainToTasks$1  : loaded 2 times (x 73B)
Class org.jetbrains.kotlin.gradle.dsl.KotlinCommonCompilerOptions                     : loaded 2 times (x 68B)
Class org.jetbrains.kotlin.gradle.internal.properties.PropertiesBuildService$MemoizedCallable: loaded 2 times (x 73B)
Class org.objectweb.asm.Symbol                                                        : loaded 2 times (x 71B)
Class com.google.common.base.AbstractIterator                                         : loaded 2 times (x 78B)
Class build_1xkjtccjl0scf15uv1t3cay5w                                                 : loaded 2 times (x 179B)
Class com.google.common.io.Java8Compatibility                                         : loaded 2 times (x 69B)
Class com.google.common.io.Closer                                                     : loaded 2 times (x 76B)
Class org.jetbrains.kotlin.gradle.tasks.AbstractKotlinCompile$friendPathsSet$1        : loaded 2 times (x 73B)
Class org.jetbrains.kotlin.build.report.metrics.BuildAttributes                       : loaded 2 times (x 70B)
Class org.jetbrains.kotlin.gradle.plugin.cocoapods.KotlinCocoapodsPlugin$Companion    : loaded 2 times (x 69B)
Class org.jetbrains.kotlin.gradle.plugin.mpp.compilationImpl.KotlinCompilationImpl    : loaded 2 times (x 138B)
Class [Lorg.jetbrains.kotlin.gradle.plugin.mpp.compilationImpl.factory.KotlinCompilationImplFactory$PostConfigure;: loaded 2 times (x 67B)
Class org.jetbrains.kotlin.konan.target.KonanTarget$MACOS_X64                         : loaded 2 times (x 76B)
Class org.jetbrains.kotlin.konan.util.Named                                           : loaded 2 times (x 68B)
Class org.jetbrains.kotlin.gradle.plugin.KotlinSourceSet$Companion                    : loaded 2 times (x 69B)
Class [Lorg.jetbrains.kotlin.gradle.report.BuildReportMode;                           : loaded 2 times (x 67B)
Class org.jetbrains.kotlin.statistics.metrics.BooleanOverridePolicy                   : loaded 2 times (x 83B)
Class com.google.common.collect.ImmutableSet                                          : loaded 2 times (x 143B)
Class com.google.common.collect.RegularImmutableMap$Values                            : loaded 2 times (x 205B)
Class com.google.common.base.CharMatcher$BitSetMatcher                                : loaded 2 times (x 110B)
Class com.google.common.base.CharMatcher$Ascii                                        : loaded 2 times (x 110B)
Class org.jetbrains.kotlin.gradle.plugin.AbstractKotlinAndroidPluginWrapper           : loaded 2 times (x 84B)
Class org.gradle.internal.classloader.ClassLoaderSpec                                 : loaded 2 times (x 69B)
Class kotlin.jvm.internal.FunctionReferenceImpl                                       : loaded 2 times (x 120B)
Class kotlin.collections.CollectionsKt___CollectionsJvmKt                             : loaded 2 times (x 69B)
Class build_4eahhwmb64zn249cg9k45xrio$_run_closure1                                   : loaded 2 times (x 137B)
Class com.google.common.io.ByteSource$EmptyByteSource                                 : loaded 2 times (x 83B)
Class org.jetbrains.kotlin.gradle.tasks.DefaultKotlinJavaToolchain$DefaultJavaToolchainSetter: loaded 2 times (x 73B)
Class org.jetbrains.kotlin.build.report.metrics.BuildAttributeKind                    : loaded 2 times (x 77B)
Class org.jetbrains.kotlin.gradle.plugin.mpp.KotlinCompilationsKt$moduleNameForCompilation$1: loaded 2 times (x 73B)
Class org.jetbrains.kotlin.gradle.plugin.sources.KotlinDependencyScopeKt              : loaded 2 times (x 69B)
Class org.jetbrains.kotlin.gradle.plugin.diagnostics.TransformActionUsingKotlinToolingDiagnostics$Parameters: loaded 2 times (x 68B)
Class org.jetbrains.kotlin.compilerRunner.CompilerSystemPropertiesService$Companion$registerIfAbsent$2$1: loaded 2 times (x 77B)
Class org.jetbrains.kotlin.gradle.plugin.mpp.KotlinCompilationsKt$addSourcesToKotlinCompileTask$1: loaded 2 times (x 73B)
Class org.jetbrains.kotlin.gradle.internal.KotlinDependenciesManagementKt$configureDefaultVersionsResolutionStrategy$1$1: loaded 2 times (x 73B)
Class org.jetbrains.kotlin.gradle.utils.KotlinExtensionUtilsKt$forAllTargets$1        : loaded 2 times (x 93B)
Class org.jetbrains.kotlin.gradle.plugin.diagnostics.CheckKotlinGradlePluginConfigurationErrorsKt$locateOrRegisterCheckKotlinGradlePluginErrorsTask$taskProvider$1: loaded 2 times (x 73B)
Class org.jetbrains.kotlin.gradle.plugin.diagnostics.checkers.OverriddenKotlinNativeHomeChecker$StdlibExistenceCheckerValueSource$Params: loaded 2 times (x 68B)
Class org.jetbrains.kotlin.gradle.dsl.PlatformSourceSetConventionsChecker$nativeTargetPresets$1$1: loaded 2 times (x 77B)
Class org.jetbrains.kotlin.gradle.tooling.BuildKotlinToolingMetadataTaskKt$buildKotlinToolingMetadataTask$1: loaded 2 times (x 76B)
Class org.jetbrains.kotlin.gradle.internal.Kapt3GradleSubplugin$Companion             : loaded 2 times (x 69B)
Class org.jetbrains.kotlin.gradle.plugin.mpp.compilationImpl.KotlinCreateCompilationArchiveTaskKt$KotlinRegisterCompilationArchiveTasksExtension$1: loaded 2 times (x 72B)
Class [Lorg.jetbrains.kotlin.statistics.metrics.NumberOverridePolicy;                 : loaded 2 times (x 67B)
Class org.jetbrains.kotlin.gradle.internal.properties.PropertiesBuildService$GradleProperty: loaded 2 times (x 68B)
Class org.jetbrains.kotlin.gradle.utils.StoredPropertyKt$projectStoredProperty$1      : loaded 2 times (x 76B)
Class org.objectweb.asm.AnnotationWriter                                              : loaded 2 times (x 77B)
Class com.google.common.cache.CacheStats                                              : loaded 2 times (x 69B)
Class kotlin.TuplesKt                                                                 : loaded 2 times (x 69B)
Class kotlin.Unit                                                                     : loaded 2 times (x 69B)
Class kotlin.sequences.SequencesKt___SequencesJvmKt                                   : loaded 2 times (x 69B)
Class com.google.common.collect.ImmutableMultisetGwtSerializationDependencies         : loaded 2 times (x 123B)
Class com.google.common.collect.Interners                                             : loaded 2 times (x 69B)
Class com.google.common.io.Closer$Suppressor                                          : loaded 2 times (x 68B)
Class com.google.common.io.LineProcessor                                              : loaded 2 times (x 68B)
Class org.jetbrains.kotlin.gradle.tasks.K2MultiplatformStructure$RefinesEdge          : loaded 2 times (x 70B)
Class org.jetbrains.kotlin.gradle.plugin.mpp.SyncLanguageSettingsWithKotlinExtensionSetupActionKt$SyncLanguageSettingsWithKotlinExtensionSetupAction$1$1: loaded 2 times (x 73B)
Class org.jetbrains.kotlin.gradle.tasks.configuration.TaskConfigAction$configureTask$1: loaded 2 times (x 77B)
Class org.jetbrains.kotlin.gradle.plugin.diagnostics.checkers.DuplicateSourceSetChecker$runChecks$1: loaded 2 times (x 86B)
Class org.jetbrains.kotlin.gradle.plugin.diagnostics.ToolingDiagnostic$Severity       : loaded 2 times (x 77B)
Class org.jetbrains.kotlin.gradle.dsl.JvmTarget                                       : loaded 2 times (x 77B)
Class org.jetbrains.kotlin.gradle.internal.ClassLoadersCachingBuildService            : loaded 2 times (x 74B)
Class org.jetbrains.kotlin.gradle.plugin.VariantImplementationFactories$Inject        : loaded 2 times (x 104B)
Class org.jetbrains.kotlin.gradle.plugin.VariantImplementationFactoriesConfigurator$Companion: loaded 2 times (x 69B)
Class org.objectweb.asm.RecordComponentWriter                                         : loaded 2 times (x 76B)
Class com.google.common.util.concurrent.AbstractFuture$Listener                       : loaded 2 times (x 70B)
Class com.google.common.base.CharMatcher$Or                                           : loaded 2 times (x 110B)
Class Settings_gradle$1$1                                                             : loaded 2 times (x 72B)
Class kotlin.ranges.RangesKt                                                          : loaded 2 times (x 69B)
Class [Lorg.objectweb.asm.Label;                                                      : loaded 2 times (x 67B)
Class [Lorg.jetbrains.kotlin.compilerRunner.KotlinCompilerArgumentsLogLevel;          : loaded 2 times (x 67B)
Class org.jetbrains.kotlin.gradle.tasks.KotlinCompile_Decorated                       : loaded 2 times (x 597B)
Class org.jetbrains.kotlin.gradle.plugin.mpp.SyncLanguageSettingsWithKotlinExtensionSetupActionKt$SyncLanguageSettingsWithKotlinExtensionSetupAction$1$2: loaded 2 times (x 73B)
Class org.jetbrains.kotlin.gradle.plugin.internal.BuildIdService$Companion            : loaded 2 times (x 69B)
Class org.jetbrains.kotlin.gradle.plugin.diagnostics.checkers.OverriddenKotlinNativeHomeChecker$StdlibExistenceCheckerValueSource$Companion: loaded 2 times (x 69B)
Class org.jetbrains.kotlin.gradle.targets.js.dsl.KotlinWasmSubTargetContainerDsl      : loaded 2 times (x 68B)
Class org.jetbrains.kotlin.gradle.plugin.diagnostics.checkers.WasmWasiEnvironmentChecker$1: loaded 2 times (x 76B)
Class org.jetbrains.kotlin.gradle.plugin.diagnostics.checkers.DisabledCinteropCommonizationInHmppProjectChecker: loaded 2 times (x 72B)
Class org.jetbrains.kotlin.gradle.plugin.diagnostics.checkers.NoKotlinTargetsDeclaredChecker: loaded 2 times (x 72B)
Class org.jetbrains.kotlin.gradle.utils.StoredPropertyStorage                         : loaded 2 times (x 70B)
Class org.jetbrains.kotlin.gradle.plugin.KotlinSourceSetContainer                     : loaded 2 times (x 68B)
Class org.objectweb.asm.Attribute                                                     : loaded 2 times (x 75B)
Class com.google.common.base.Supplier                                                 : loaded 2 times (x 68B)
Class org.gradle.internal.classloader.VisitableURLClassLoader                         : loaded 2 times (x 115B)
Class kotlin.collections.ArraysUtilJVM                                                : loaded 2 times (x 69B)
Class kotlin.jvm.functions.Function0                                                  : loaded 2 times (x 68B)
Class build_calxi05e3zjgfvq2jbyzsw64s$_run_closure1                                   : loaded 2 times (x 137B)
Class com.google.common.io.CharSource$AsByteSource                                    : loaded 2 times (x 83B)
Class com.google.common.collect.ImmutableList$SerializedForm                          : loaded 2 times (x 71B)
Class org.jetbrains.kotlin.gradle.plugin.statistics.plugins.ObservablePlugins         : loaded 2 times (x 77B)
Class org.jetbrains.kotlin.gradle.plugin.sources.InternalKotlinSourceSetKt$awaitPlatformCompilations$1: loaded 2 times (x 86B)
Class [Lorg.jetbrains.kotlin.gradle.plugin.sources.KotlinDependencyScope;             : loaded 2 times (x 67B)
Class org.jetbrains.kotlin.gradle.tasks.configuration.BaseKotlinCompileConfig$configureCommonParameters$1: loaded 2 times (x 72B)
Class org.jetbrains.kotlin.gradle.plugin.mpp.compilationImpl.factory.ConfigurationNaming: loaded 2 times (x 68B)
Class org.jetbrains.kotlin.gradle.plugin.mpp.compilationImpl.DefaultKotlinCompilationPostConfigureKt: loaded 2 times (x 69B)
Class org.jetbrains.kotlin.konan.target.KonanTarget$WATCHOS_X64                       : loaded 2 times (x 76B)
Class org.jetbrains.kotlin.gradle.plugin.diagnostics.KotlinGradleProjectCheckersRunnerKt: loaded 2 times (x 69B)
Class [Lorg.jetbrains.kotlin.tooling.core.HasExtras;                                  : loaded 2 times (x 67B)
Class org.jetbrains.kotlin.gradle.plugin.diagnostics.checkers.IncorrectCompileOnlyDependenciesChecker: loaded 2 times (x 72B)
Class org.jetbrains.kotlin.gradle.plugin.diagnostics.checkers.WasmWasiEnvironmentChecker$2: loaded 2 times (x 76B)
Class org.jetbrains.kotlin.gradle.artifacts.KotlinLegacyCompatibilityMetadataArtifactKt$KotlinLegacyCompatibilityMetadataArtifact$1: loaded 2 times (x 72B)
Class org.jetbrains.kotlin.gradle.dsl.DefaultToolchainSupport$wireToolchainToTasks$1$1: loaded 2 times (x 73B)
Class org.jetbrains.kotlin.gradle.utils.SingleActionPerProject                        : loaded 2 times (x 71B)
Class com.google.common.util.concurrent.AbstractFuture$Waiter                         : loaded 2 times (x 70B)
Class org.jetbrains.kotlin.gradle.plugin.DefaultKotlinBasePlugin                      : loaded 2 times (x 80B)
Class org.gradle.internal.Cast                                                        : loaded 2 times (x 69B)
Class org.gradle.api.Action                                                           : loaded 2 times (x 68B)
Class kotlin.jvm.functions.Function1                                                  : loaded 2 times (x 68B)
Class build_a9ak61v7snnpwmgkywn2cp0iv                                                 : loaded 2 times (x 178B)
Class com.google.common.collect.MapMakerInternalMap                                   : loaded 2 times (x 159B)
Class com.google.common.collect.HashBiMap                                             : loaded 2 times (x 141B)
Class [Lorg.jetbrains.kotlin.gradle.plugin.mpp.KotlinUsageContext$MavenScope;         : loaded 2 times (x 67B)
Class org.jetbrains.kotlin.gradle.tasks.configuration.BaseKotlinCompileConfig$configureCommonParameters$2: loaded 2 times (x 73B)
Class org.jetbrains.kotlin.gradle.plugin.mpp.compilationImpl.KotlinCompilationCompilerOptionsFromTargetConfigurator: loaded 2 times (x 72B)
Class com.google.common.base.Strings                                                  : loaded 2 times (x 69B)
Class org.jetbrains.kotlin.gradle.utils.FailuresKt$ideaSyncClasspathModeUtil$1        : loaded 2 times (x 70B)
Class org.jetbrains.kotlin.gradle.plugin.diagnostics.KotlinToolingDiagnosticsCollector$Inject: loaded 2 times (x 94B)
Class org.jetbrains.kotlin.gradle.artifacts.KotlinJsKlibArtifactKt                    : loaded 2 times (x 69B)
Class org.jetbrains.kotlin.gradle.dsl.KotlinTargetContainerWithWasmPresetFunctions    : loaded 2 times (x 68B)
Class org.jetbrains.kotlin.gradle.plugin.GradleUtilsKt                                : loaded 2 times (x 69B)
Class org.jetbrains.kotlin.gradle.internal.properties.PropertiesBuildService          : loaded 2 times (x 74B)
Class com.google.common.collect.Sets                                                  : loaded 2 times (x 69B)
Class org.objectweb.asm.Handler                                                       : loaded 2 times (x 70B)
Class com.google.common.base.Ticker                                                   : loaded 2 times (x 70B)
Class com.google.common.base.CharMatcher$FastMatcher                                  : loaded 2 times (x 109B)
Class kotlin.jvm.functions.Function2                                                  : loaded 2 times (x 68B)
Class build_a9ak61v7snnpwmgkywn2cp0iv$_run_closure1                                   : loaded 2 times (x 137B)
Class com.google.common.collect.ImmutableSortedSet$Builder                            : loaded 2 times (x 84B)
Class org.jetbrains.kotlin.gradle.tasks.KotlinCompile$javaSources$1                   : loaded 2 times (x 73B)
Class org.jetbrains.kotlin.incremental.IncrementalCompilationFeatures                 : loaded 2 times (x 69B)
Class org.jetbrains.kotlin.gradle.plugin.KotlinTarget$DefaultImpls                    : loaded 2 times (x 69B)
Class org.jetbrains.kotlin.gradle.plugin.diagnostics.KotlinToolingDiagnosticsCollector: loaded 2 times (x 74B)
Class org.jetbrains.kotlin.gradle.plugin.mpp.compilationImpl.KotlinCreateCompilationArchiveTaskKt: loaded 2 times (x 69B)
Class org.jetbrains.kotlin.tooling.core.MutableExtrasImpl                             : loaded 2 times (x 163B)
Class org.jetbrains.kotlin.gradle.plugin.statistics.KotlinBuildStatsMXBean            : loaded 2 times (x 68B)
Class org.jetbrains.kotlin.gradle.utils.FileUtilsKt                                   : loaded 2 times (x 69B)
Class [Lcom.google.common.cache.LocalCache$Segment;                                   : loaded 2 times (x 67B)
Class [Lcom.google.common.cache.LocalCache$Strength;                                  : loaded 2 times (x 67B)
Class com.google.common.cache.CacheBuilder$1                                          : loaded 2 times (x 83B)
Class com.google.common.collect.ImmutableMap                                          : loaded 2 times (x 118B)
Class com.google.common.base.Predicate                                                : loaded 2 times (x 68B)
Class org.gradle.internal.classpath.DefaultClassPath$ImmutableUniqueList$Builder      : loaded 2 times (x 73B)
Class kotlin.jvm.functions.Function3                                                  : loaded 2 times (x 68B)
Class kotlin.collections.MapsKt___MapsJvmKt                                           : loaded 2 times (x 69B)
Class build_e11sdih8f94zue81vtq6rl8t9$_run_closure1$_closure3                         : loaded 2 times (x 137B)
Class com.google.common.collect.MapMakerInternalMap$WeakValueReference                : loaded 2 times (x 68B)
Class org.jetbrains.kotlin.gradle.plugin.mpp.KotlinCompilationFactory$DefaultImpls    : loaded 2 times (x 69B)
Class com.google.common.collect.AbstractRangeSet                                      : loaded 2 times (x 112B)
Class org.jetbrains.kotlin.gradle.plugin.diagnostics.checkers.InternalGradlePropertiesUsageChecker: loaded 2 times (x 72B)
Class org.jetbrains.kotlin.gradle.plugin.mpp.compilationImpl.CreateCInteropTasksSideEffectKt: loaded 2 times (x 69B)
Class org.jetbrains.kotlin.gradle.targets.metadata.KotlinMetadataTargetConfiguratorKt : loaded 2 times (x 69B)
Class org.jetbrains.kotlin.gradle.testing.internal.KotlinTestsRegistry$Companion      : loaded 2 times (x 69B)
Class org.jetbrains.kotlin.gradle.dsl.KotlinCommonCompilerToolOptions                 : loaded 2 times (x 68B)
Class org.jetbrains.kotlin.gradle.internal.ClassLoadersCachingBuildService$Companion$registerIfAbsent$1$1: loaded 2 times (x 77B)
Class org.jetbrains.kotlin.gradle.internal.properties.PropertiesBuildService$Companion$registerIfAbsent$1: loaded 2 times (x 73B)
Class org.jetbrains.kotlin.gradle.plugin.internal.DefaultConfigurationCacheStartParameterAccessorVariantFactory: loaded 2 times (x 74B)
Class com.google.common.cache.LocalCache                                              : loaded 2 times (x 185B)
Class com.google.common.cache.CacheBuilder$2                                          : loaded 2 times (x 70B)
Class com.google.common.base.CharMatcher$NegatedFastMatcher                           : loaded 2 times (x 111B)
Class kotlin.collections.EmptySet                                                     : loaded 2 times (x 120B)
Class kotlin.collections.CollectionsKt___CollectionsKt                                : loaded 2 times (x 69B)
Class build_e5iwe75c8e416zuyd1p8749jc$_run_closure1$_closure3                         : loaded 2 times (x 137B)
Class build_e5iwe75c8e416zuyd1p8749jc                                                 : loaded 2 times (x 179B)
Class Build_gradle$inlined$sam$i$org_gradle_api_Action$0                              : loaded 2 times (x 73B)
Class org.jetbrains.kotlin.build.report.metrics.BuildPerformanceMetrics$Companion     : loaded 2 times (x 69B)
Class org.jetbrains.kotlin.cli.common.arguments.K2JVMCompilerArguments                : loaded 2 times (x 79B)
Class org.jetbrains.kotlin.gradle.plugin.mpp.compilationImpl.DefaultKotlinCompilationSourceSetsContainer$source$1: loaded 2 times (x 77B)
Class org.jetbrains.kotlin.gradle.internal.KotlinTestDependencyManagementKt           : loaded 2 times (x 69B)
Class org.jetbrains.kotlin.konan.target.KonanTarget$ANDROID_X64                       : loaded 2 times (x 76B)
Class [Lorg.jetbrains.kotlin.gradle.plugin.sources.ConsistencyCheck;                  : loaded 2 times (x 67B)
Class org.jetbrains.kotlin.gradle.report.ReportingSettings                            : loaded 2 times (x 70B)
Class org.jetbrains.kotlin.statistics.metrics.StringAnonymizationPolicy$ComponentVersionAnonymizer: loaded 2 times (x 76B)
Class [Lcom.google.common.collect.AbstractMapEntry;                                   : loaded 2 times (x 67B)
Class com.google.common.collect.ImmutableEntry                                        : loaded 2 times (x 80B)
Class com.google.common.collect.ArrayListMultimap                                     : loaded 2 times (x 170B)
Class com.google.common.base.AbstractIterator$1                                       : loaded 2 times (x 69B)
Class com.google.common.base.CharMatcher$Digit                                        : loaded 2 times (x 110B)
Class org.jetbrains.kotlin.gradle.plugin.KotlinBasePluginWrapper                      : loaded 2 times (x 84B)
Class org.gradle.api.GradleException                                                  : loaded 2 times (x 80B)
Class com.google.common.io.LineReader                                                 : loaded 2 times (x 70B)
Class kotlin.reflect.KDeclarationContainer                                            : loaded 2 times (x 68B)
Class kotlin.text.StringsKt___StringsJvmKt                                            : loaded 2 times (x 69B)
Class com.google.common.io.CharSource$EmptyCharSource                                 : loaded 2 times (x 84B)
Class com.google.common.base.Suppliers$MemoizingSupplier                              : loaded 2 times (x 77B)
Class org.jetbrains.kotlin.gradle.plugin.diagnostics.KotlinToolingDiagnostics$JsEnvironmentNotChosenExplicitly: loaded 2 times (x 71B)
Class org.jetbrains.kotlin.gradle.plugin.ProjectLocalConfigurations$ProjectLocalCompatibility: loaded 2 times (x 74B)
Class org.jetbrains.kotlin.gradle.dsl.KotlinJvmCompilerOptions                        : loaded 2 times (x 68B)
Class org.jetbrains.kotlin.gradle.plugin.internal.DefaultProjectIsolationStartParameterAccessor$Factory: loaded 2 times (x 74B)
Class com.google.common.collect.CollectPreconditions                                  : loaded 2 times (x 69B)
Class com.google.common.base.CharMatcher$JavaIsoControl                               : loaded 2 times (x 110B)
Class kotlin.collections.MapsKt___MapsKt                                              : loaded 2 times (x 69B)
Class kotlin.io.FilesKt                                                               : loaded 2 times (x 69B)
Class kotlin.collections.ArraysKt___ArraysKt                                          : loaded 2 times (x 69B)
Class [Lcom.google.common.collect.MapMakerInternalMap$Strength;                       : loaded 2 times (x 67B)
Class [Lcom.google.common.io.FileWriteMode;                                           : loaded 2 times (x 67B)
Class org.jetbrains.kotlin.buildtools.api.SourcesChanges                              : loaded 2 times (x 68B)
Class org.jetbrains.kotlin.konan.target.HostManager$Companion$targetAliases$2         : loaded 2 times (x 76B)
Class org.jetbrains.kotlin.gradle.plugin.KotlinPluginLifecycleImpl$launch$1           : loaded 2 times (x 77B)
Class org.jetbrains.kotlin.gradle.utils.Completable                                   : loaded 2 times (x 70B)
Class org.jetbrains.kotlin.gradle.plugin.DefaultKotlinBasePlugin$addKotlinCompilerConfiguration$2$1: loaded 2 times (x 73B)
Class org.jetbrains.kotlin.gradle.plugin.statistics.KotlinBuildStatsServicesRegistry$Companion: loaded 2 times (x 69B)
Class org.jetbrains.kotlin.gradle.plugin.internal.DefaultCompatibilityConventionRegistrar$Factory: loaded 2 times (x 74B)
Class com.google.common.collect.SortedMapDifference                                   : loaded 2 times (x 68B)
Class com.google.common.base.CharMatcher$JavaLowerCase                                : loaded 2 times (x 109B)
Class kotlin.collections.MapsKt__MapWithDefaultKt                                     : loaded 2 times (x 69B)
Class Build_gradle$1$1                                                                : loaded 2 times (x 76B)
Class com.google.common.collect.Iterables$4                                           : loaded 2 times (x 79B)
Class com.google.common.collect.MapMakerInternalMap$StrongKeyDummyValueSegment        : loaded 2 times (x 140B)
Class com.google.common.io.Files                                                      : loaded 2 times (x 69B)
Class com.google.common.cache.LocalCache$WriteThroughEntry                            : loaded 2 times (x 77B)
Class com.google.common.cache.LocalCache$HashIterator                                 : loaded 2 times (x 84B)
Class org.jetbrains.kotlin.gradle.tasks.DefaultKotlinJavaToolchain$DefaultJdkSetter   : loaded 2 times (x 74B)
Class org.jetbrains.kotlin.cli.common.arguments.CommonCompilerArguments               : loaded 2 times (x 78B)
Class org.jetbrains.kotlin.gradle.plugin.diagnostics.checkers.IncorrectCompileOnlyDependenciesChecker$runChecks$1: loaded 2 times (x 86B)
Class org.jetbrains.kotlin.gradle.plugin.mpp.KotlinOnlyTarget                         : loaded 2 times (x 157B)
Class org.jetbrains.kotlin.gradle.targets.js.npm.BaseNpmDependencyExtension           : loaded 2 times (x 68B)
Class org.jetbrains.kotlin.gradle.dsl.KotlinVersion$Companion                         : loaded 2 times (x 69B)
Class org.jetbrains.kotlin.gradle.InternalKotlinGradlePluginApi                       : loaded 2 times (x 68B)
Class org.jetbrains.kotlin.gradle.dsl.DefaultToolchainSupport                         : loaded 2 times (x 74B)
Class org.jetbrains.kotlin.gradle.plugin.internal.CustomPropertiesFileValueSource     : loaded 2 times (x 80B)
Class com.google.common.cache.LocalCache$EntryFactory                                 : loaded 2 times (x 81B)
Class kotlin.collections.CollectionsKt__MutableCollectionsJVMKt                       : loaded 2 times (x 69B)
Class kotlin.enums.EnumEntriesKt                                                      : loaded 2 times (x 69B)
Class kotlin.text.StringsKt___StringsKt                                               : loaded 2 times (x 69B)
Class com.google.common.collect.NullsLastOrdering                                     : loaded 2 times (x 113B)
Class [Lcom.google.common.collect.MapMaker$Dummy;                                     : loaded 2 times (x 67B)
Class org.jetbrains.kotlin.gradle.tasks.TaskOutputsBackup                             : loaded 2 times (x 70B)
Class org.jetbrains.kotlin.gradle.plugin.cocoapods.KotlinCocoapodsPlugin              : loaded 2 times (x 74B)
Class org.jetbrains.kotlin.gradle.internal.CompilerOptionsDslHelpersKt                : loaded 2 times (x 69B)
Class org.jetbrains.kotlin.gradle.internal.StdlibDependencyManagementKt$configureStdlibVersionAlignment$1$1: loaded 2 times (x 73B)
Class org.jetbrains.kotlin.gradle.dsl.KotlinProjectExtension$awaitSourceSets$1        : loaded 2 times (x 86B)
Class org.jetbrains.kotlin.konan.target.Family                                        : loaded 2 times (x 77B)
Class org.jetbrains.kotlin.gradle.plugin.KotlinPluginLifecycle$CoroutineStart         : loaded 2 times (x 77B)
Class org.jetbrains.kotlin.gradle.tasks.TasksProviderKt$sam$org_gradle_api_Action$0   : loaded 2 times (x 73B)
Class org.jetbrains.kotlin.gradle.tooling.BuildKotlinToolingMetadataTask$FromKotlinExtension: loaded 2 times (x 315B)
Class org.jetbrains.kotlin.gradle.utils.FailuresKt                                    : loaded 2 times (x 69B)
Class org.jetbrains.kotlin.gradle.targets.native.internal.CInteropConfigurationsKt$special$$inlined$KotlinTargetSideEffect$1: loaded 2 times (x 72B)
Class org.jetbrains.kotlin.gradle.internal.properties.NativePropertiesLoader$konanDataDirProperty$1: loaded 2 times (x 73B)
Class org.jetbrains.kotlin.gradle.internal.ClassLoadersCachingBuildService$Companion$registerIfAbsent$1$1$1: loaded 2 times (x 73B)
Class org.jetbrains.kotlin.gradle.plugin.statistics.BuildFusService$Parameters_Decorated: loaded 2 times (x 141B)
Class org.jetbrains.kotlin.gradle.internal.properties.PropertiesBuildService$Params$Inject: loaded 2 times (x 104B)
Class org.jetbrains.kotlin.tooling.core.HasMutableExtras                              : loaded 2 times (x 68B)
Class com.google.common.cache.LocalCache$AbstractReferenceEntry                       : loaded 2 times (x 105B)
Class com.google.common.base.Splitter$1$1                                             : loaded 2 times (x 84B)
Class com.google.common.base.CharMatcher$Whitespace                                   : loaded 2 times (x 110B)
Class org.gradle.internal.IoActions                                                   : loaded 2 times (x 69B)
Class com.google.common.collect.ImmutableMapKeySet                                    : loaded 2 times (x 148B)
Class org.jetbrains.kotlin.gradle.internal.Kapt3KotlinGradleSubpluginKt               : loaded 2 times (x 69B)
Class org.jetbrains.kotlin.gradle.dsl.KotlinJvmCompile                                : loaded 2 times (x 68B)
Class com.google.common.collect.ImmutableRangeSet$ComplementRanges                    : loaded 2 times (x 205B)
Class org.jetbrains.kotlin.konan.target.KonanTarget$LINUX_ARM32_HFP                   : loaded 2 times (x 76B)
Class org.jetbrains.kotlin.gradle.internal.Kapt3GradleSubplugin                       : loaded 2 times (x 81B)
Class org.jetbrains.kotlin.gradle.plugin.diagnostics.checkers.CInteropInputChecker    : loaded 2 times (x 72B)
Class org.jetbrains.kotlin.gradle.plugin.statistics.FinalizeConfigurationFusMetricActionKt$FinalizeConfigurationFusMetricAction$1: loaded 2 times (x 93B)
Class org.jetbrains.kotlin.gradle.internal.KotlinDependenciesManagementKt$CustomizeKotlinDependenciesSetupAction$1: loaded 2 times (x 72B)
Class org.jetbrains.kotlin.gradle.plugin.KotlinGradlePluginExtensionPointInternal$registeredExtensions$2: loaded 2 times (x 76B)
Class org.jetbrains.kotlin.statistics.metrics.BooleanOverridePolicy$OR                : loaded 2 times (x 83B)
Class org.jetbrains.kotlin.gradle.plugin.UsesVariantImplementationFactories           : loaded 2 times (x 68B)
Class org.objectweb.asm.SymbolTable                                                   : loaded 2 times (x 70B)
Class com.google.common.cache.CacheLoader$InvalidCacheLoadException                   : loaded 2 times (x 80B)
Class com.google.common.collect.ImmutableSet$RegularSetBuilderImpl                    : loaded 2 times (x 75B)
Class com.google.common.base.CharMatcher$SingleWidth                                  : loaded 2 times (x 110B)
Class org.gradle.internal.classloader.SystemClassLoaderSpec                           : loaded 2 times (x 69B)
Class kotlin.reflect.KAnnotatedElement                                                : loaded 2 times (x 68B)
Class kotlin.jvm.internal.Intrinsics                                                  : loaded 2 times (x 69B)
Class org.jetbrains.kotlin.gradle.tasks.CacheableTasksKt$cacheOnlyIfEnabledForKotlin$1$1: loaded 2 times (x 72B)
Class com.google.common.collect.FluentIterable                                        : loaded 2 times (x 79B)
Class org.jetbrains.kotlin.gradle.tasks.configuration.BaseKotlinCompileConfig$1$1     : loaded 2 times (x 72B)
Class org.jetbrains.kotlin.gradle.plugin.mpp.compilationImpl.factory.KotlinCompilationImplFactory$PostConfigure: loaded 2 times (x 68B)
Class org.jetbrains.kotlin.gradle.utils.KotlinExtensionUtilsKt                        : loaded 2 times (x 69B)
Class [Lorg.jetbrains.kotlin.konan.util.Named;                                        : loaded 2 times (x 67B)
Class org.jetbrains.kotlin.gradle.plugin.diagnostics.checkers.NoKotlinTargetsDeclaredChecker$runChecks$1: loaded 2 times (x 86B)
Class org.jetbrains.kotlin.gradle.plugin.mpp.AbstractKotlinTarget$kotlinComponents$2  : loaded 2 times (x 77B)
Class org.jetbrains.kotlin.gradle.plugin.KotlinPlatformType$CompatibilityRule         : loaded 2 times (x 74B)
Class org.jetbrains.kotlin.gradle.internal.properties.NativePropertiesLoader$actualNativeHomeDirectory$1: loaded 2 times (x 73B)
Class org.jetbrains.kotlin.gradle.internal.properties.NativePropertiesKt              : loaded 2 times (x 69B)
Class org.jetbrains.kotlin.gradle.plugin.BuildEventsListenerRegistryHolder            : loaded 2 times (x 70B)
Class [Lorg.jetbrains.kotlin.statistics.metrics.BooleanOverridePolicy;                : loaded 2 times (x 67B)
Class org.jetbrains.kotlin.gradle.plugin.internal.CustomPropertiesFileValueSource$Parameters$Inject: loaded 2 times (x 104B)
Class com.google.common.cache.LocalCache$StrongEntry                                  : loaded 2 times (x 106B)
Class com.google.common.util.concurrent.AbstractFuture$TrustedFuture                  : loaded 2 times (x 112B)
Class com.google.common.cache.LoadingCache                                            : loaded 2 times (x 68B)
Class kotlin.text.StringsKt__StringsKt                                                : loaded 2 times (x 69B)
Class kotlin.collections.MapsKt                                                       : loaded 2 times (x 69B)
Class kotlin.collections.CollectionsKt__IterablesKt                                   : loaded 2 times (x 69B)
Class com.google.common.base.Suppliers$NonSerializableMemoizingSupplier               : loaded 2 times (x 77B)
Class com.google.common.io.ByteStreams$LimitedInputStream                             : loaded 2 times (x 90B)
Class org.jetbrains.kotlin.gradle.tasks.GradleCompileTaskProvider                     : loaded 2 times (x 70B)
Class org.jetbrains.kotlin.gradle.plugin.mpp.KotlinTargetSoftwareComponentImplKt$KotlinTargetSoftwareComponent$1: loaded 2 times (x 93B)
Class org.jetbrains.kotlin.gradle.tasks.configuration.BaseKotlinCompileConfig$registerBuildToolsApiTransformations$1: loaded 2 times (x 73B)
Class org.jetbrains.kotlin.gradle.plugin.internal.BuildIdService                      : loaded 2 times (x 74B)
Class org.jetbrains.kotlin.gradle.plugin.mpp.compilationImpl.factory.KotlinCompilationDependencyConfigurationsFactoriesKt: loaded 2 times (x 69B)
Class org.jetbrains.kotlin.gradle.plugin.mpp.compilationImpl.DefaultKotlinCompilationFriendPathsResolver: loaded 2 times (x 73B)
Class org.jetbrains.kotlin.gradle.plugin.diagnostics.checkers.WasmSourceSetsNotFoundChecker$runChecks$1: loaded 2 times (x 86B)
Class org.jetbrains.kotlin.konan.target.KonanTarget$IOS_SIMULATOR_ARM64               : loaded 2 times (x 76B)
Class org.jetbrains.kotlin.gradle.plugin.mpp.compilationImpl.KotlinCreateCompilationArchiveTaskKt$KotlinCreateCompilationArchivesTask$1: loaded 2 times (x 72B)
Class org.jetbrains.kotlin.gradle.dsl.KotlinVersion                                   : loaded 2 times (x 77B)
Class org.jetbrains.kotlin.gradle.internal.properties.NativePropertiesLoader$actualNativeHomeDirectory$2: loaded 2 times (x 72B)
Class org.jetbrains.kotlin.gradle.utils.StoredPropertyKt                              : loaded 2 times (x 69B)
Class org.objectweb.asm.MethodWriter                                                  : loaded 2 times (x 104B)
Class [Lcom.google.common.cache.Weigher;                                              : loaded 2 times (x 67B)
Class com.google.common.collect.RegularImmutableMap$BucketOverflowException           : loaded 2 times (x 80B)
Class kotlin.KotlinNullPointerException                                               : loaded 2 times (x 81B)
Class com.google.common.collect.ImmutableMultimap$1                                   : loaded 2 times (x 80B)
Class com.google.common.collect.AbstractMapBasedMultimap$RandomAccessWrappedList      : loaded 2 times (x 203B)
Class org.jetbrains.kotlin.gradle.plugin.sources.KotlinDependencyScope$Companion      : loaded 2 times (x 69B)
Class org.jetbrains.kotlin.gradle.plugin.KotlinPluginLifecycleKt$launchInStage$1      : loaded 2 times (x 93B)
Class org.jetbrains.kotlin.gradle.tasks.configuration.BaseKotlinCompileConfig$1$3     : loaded 2 times (x 73B)
Class org.jetbrains.kotlin.gradle.tasks.configuration.BaseKotlinCompileConfig$registerBuildToolsApiTransformations$2: loaded 2 times (x 73B)
Class org.jetbrains.kotlin.gradle.tasks.KotlinJvmCompile                              : loaded 2 times (x 68B)
Class org.jetbrains.kotlin.gradle.plugin.mpp.compilationImpl.KotlinCompilationSourceSetsContainerKt: loaded 2 times (x 69B)
Class org.jetbrains.kotlin.gradle.targets.NativeForwardImplementationToApiElementsSideEffectKt: loaded 2 times (x 69B)
Class org.jetbrains.kotlin.gradle.internal.properties.NativePropertiesLoader$actualNativeHomeDirectory$3: loaded 2 times (x 73B)
Class org.jetbrains.kotlin.gradle.report.BuildReportMode                              : loaded 2 times (x 77B)
Class org.jetbrains.kotlin.statistics.metrics.StringAnonymizationPolicy$RegexControlled: loaded 2 times (x 77B)
Class org.jetbrains.kotlin.statistics.ValueAnonymizer                                 : loaded 2 times (x 68B)
Class org.jetbrains.kotlin.gradle.plugin.VariantImplementationFactories$Companion$getProvider$2$1$1: loaded 2 times (x 73B)
Class org.jetbrains.kotlin.gradle.plugin.internal.ProjectIsolationStartParameterAccessor$Factory: loaded 2 times (x 68B)
Class kotlin.ranges.RangesKt___RangesKt                                               : loaded 2 times (x 69B)
Class org.jetbrains.kotlin.gradle.tasks.KotlinCompile$disableMultiModuleIC$2$1        : loaded 2 times (x 73B)
Class com.google.common.collect.AbstractIterator$State                                : loaded 2 times (x 77B)
Class com.google.common.collect.ImmutableMultimap$2                                   : loaded 2 times (x 79B)
Class org.jetbrains.kotlin.gradle.tasks.DefaultKotlinJavaToolchain$javaExecutable$1   : loaded 2 times (x 73B)
Class org.jetbrains.kotlin.build.report.metrics.BuildAttribute                        : loaded 2 times (x 77B)
Class org.jetbrains.kotlin.gradle.internal.transforms.BuildToolsApiClasspathEntrySnapshotTransform$Inject1: loaded 2 times (x 111B)
Class org.jetbrains.kotlin.gradle.plugin.mpp.compilationImpl.KotlinCompilationRegisterInSourceSetsConfigurator: loaded 2 times (x 72B)
Class org.jetbrains.kotlin.gradle.plugin.mpp.compilationImpl.factory.DefaultKotlinCompilationTaskNamesContainerFactory: loaded 2 times (x 72B)
Class com.google.common.collect.RegularImmutableBiMap                                 : loaded 2 times (x 146B)
Class org.jetbrains.kotlin.gradle.targets.native.internal.CommonizerTasksKt           : loaded 2 times (x 69B)
Class [Lorg.jetbrains.kotlin.gradle.targets.js.npm.NpmDependency$Scope;               : loaded 2 times (x 67B)
Class org.jetbrains.kotlin.gradle.plugin.KotlinCompilerPluginSupportPlugin            : loaded 2 times (x 68B)
Class org.jetbrains.kotlin.gradle.plugin.mpp.AbstractKotlinTarget$components$2        : loaded 2 times (x 77B)
Class org.jetbrains.kotlin.gradle.plugin.mpp.KotlinUsages$setupAttributesMatchingStrategy$1: loaded 2 times (x 72B)
Class org.jetbrains.kotlin.gradle.utils.AndroidPluginIdsKt                            : loaded 2 times (x 69B)
Class com.google.common.cache.LocalCache$ValueReference                               : loaded 2 times (x 68B)
Class com.google.common.base.CharMatcher$Negated                                      : loaded 2 times (x 111B)
Class com.google.common.base.CharMatcher$Is                                           : loaded 2 times (x 109B)
Class org.jetbrains.kotlin.gradle.plugin.KotlinBasePlugin                             : loaded 2 times (x 68B)
Class kotlin.collections.ArraysKt                                                     : loaded 2 times (x 69B)
Class build_d4x7oq9j7wu6m88rcxaabzzgw$_run_closure1                                   : loaded 2 times (x 137B)
Class com.google.common.hash.PrimitiveSink                                            : loaded 2 times (x 68B)
Class org.jetbrains.kotlin.gradle.tasks.internal.KotlinJvmOptionsCompat               : loaded 2 times (x 101B)
Class org.jetbrains.kotlin.cli.common.arguments.CommonToolArguments                   : loaded 2 times (x 71B)
Class com.google.common.base.PatternCompiler                                          : loaded 2 times (x 68B)
Class org.jetbrains.kotlin.gradle.utils.FutureKt                                      : loaded 2 times (x 69B)
Class org.jetbrains.kotlin.gradle.logging.GradleLoggingUtilsKt                        : loaded 2 times (x 69B)
Class com.google.common.util.concurrent.AbstractFuture$Failure                        : loaded 2 times (x 70B)
Class com.google.common.base.Equivalence$Equals                                       : loaded 2 times (x 80B)
Class com.google.common.collect.Hashing                                               : loaded 2 times (x 69B)
Class com.google.common.base.Preconditions                                            : loaded 2 times (x 69B)
Class org.jetbrains.kotlin.gradle.plugin.KotlinAndroidPluginWrapper                   : loaded 2 times (x 84B)
Class kotlin.collections.SetsKt__SetsKt                                               : loaded 2 times (x 69B)
Class kotlin.LazyKt                                                                   : loaded 2 times (x 69B)
Class com.google.common.collect.ByFunctionOrdering                                    : loaded 2 times (x 113B)
Class com.google.common.collect.ImmutableSetMultimap                                  : loaded 2 times (x 178B)
Class com.google.common.io.CharSink                                                   : loaded 2 times (x 77B)
Class org.jetbrains.kotlin.compilerRunner.GradleCompilerRunner$Companion              : loaded 2 times (x 69B)
Class [Lorg.jetbrains.kotlin.gradle.dsl.PlatformSourceSetConventionsChecker$CheckedPlatformInfo;: loaded 2 times (x 67B)
Class org.jetbrains.kotlin.gradle.plugin.diagnostics.KotlinGradleProjectCheckerContext: loaded 2 times (x 70B)
Class org.jetbrains.kotlin.gradle.plugin.diagnostics.checkers.DuplicateSourceSetChecker: loaded 2 times (x 72B)
Class org.jetbrains.kotlin.gradle.plugin.diagnostics.ToolingDiagnosticFactory         : loaded 2 times (x 71B)
Class org.jetbrains.kotlin.gradle.targets.KotlinTargetSideEffect                      : loaded 2 times (x 68B)
Class org.jetbrains.kotlin.gradle.dsl.KotlinTargetContainerWithNativeShortcuts        : loaded 2 times (x 68B)
Class org.jetbrains.kotlin.gradle.plugin.DefaultKotlinBasePlugin$setupAttributeMatchingStrategy$1$1: loaded 2 times (x 77B)
Class org.jetbrains.kotlin.statistics.metrics.NumericalMetrics$Companion              : loaded 2 times (x 69B)
Class [Lorg.jetbrains.kotlin.statistics.metrics.NumberAnonymizationPolicy;            : loaded 2 times (x 67B)
Class org.jetbrains.kotlin.statistics.metrics.NumberOverridePolicy$OVERRIDE           : loaded 2 times (x 83B)
Class org.jetbrains.kotlin.gradle.internal.properties.PropertiesBuildService$property$1: loaded 2 times (x 77B)
Class com.google.common.base.Joiner$1                                                 : loaded 2 times (x 78B)
Class org.objectweb.asm.Label                                                         : loaded 2 times (x 71B)
Class org.objectweb.asm.CurrentFrame                                                  : loaded 2 times (x 71B)
Class org.objectweb.asm.ClassTooLargeException                                        : loaded 2 times (x 81B)
Class com.google.common.collect.PeekingIterator                                       : loaded 2 times (x 68B)
Class com.google.common.base.CharMatcher                                              : loaded 2 times (x 109B)
Class kotlin.collections.ArraysKt__ArraysJVMKt                                        : loaded 2 times (x 69B)
Class build_bsxg0unrv58va1yi9qt7be616$_run_closure1                                   : loaded 2 times (x 137B)
Class com.google.common.io.ByteSource$AsCharSource                                    : loaded 2 times (x 84B)
Class com.google.common.collect.MapMakerInternalMap$InternalEntryHelper               : loaded 2 times (x 68B)
Class com.google.common.collect.Table                                                 : loaded 2 times (x 68B)
Class com.google.common.collect.Maps$IteratorBasedAbstractMap                         : loaded 2 times (x 123B)
Class org.jetbrains.kotlin.gradle.tasks.configuration.AbstractKotlinCompileConfig$2$2$1: loaded 2 times (x 73B)
Class org.jetbrains.kotlin.build.report.metrics.BuildAttributes$Companion             : loaded 2 times (x 69B)
Class org.jetbrains.kotlin.gradle.tasks.KotlinCompilationTask                         : loaded 2 times (x 68B)
Class org.jetbrains.kotlin.gradle.plugin.mpp.compilationImpl.factory.KotlinCompilationImplFactory$ProcessResourcesTaskNameFactory: loaded 2 times (x 68B)
Class com.google.common.collect.RangeGwtSerializationDependencies                     : loaded 2 times (x 69B)
Class org.jetbrains.kotlin.gradle.internal.properties.PropertiesBuildService$property$2: loaded 2 times (x 77B)
Class org.jetbrains.kotlin.gradle.internal.KotlinDependenciesManagementKt             : loaded 2 times (x 69B)
Class org.jetbrains.kotlin.gradle.plugin.DefaultKotlinBasePlugin$setupAttributeMatchingStrategy$1$2: loaded 2 times (x 77B)
Class org.jetbrains.kotlin.gradle.plugin.statistics.KotlinBuildStatsLoggerService     : loaded 2 times (x 70B)
Class org.jetbrains.kotlin.gradle.plugin.internal.CustomPropertiesFileValueSource$Inject: loaded 2 times (x 111B)
Class com.google.common.base.Joiner$2                                                 : loaded 2 times (x 77B)
Class org.objectweb.asm.Frame                                                         : loaded 2 times (x 71B)
Class org.objectweb.asm.MethodVisitor                                                 : loaded 2 times (x 103B)
Class com.google.common.cache.LocalCache$EntryFactory$1                               : loaded 2 times (x 81B)
Class [Lcom.google.common.cache.RemovalListener;                                      : loaded 2 times (x 67B)
Class com.google.common.base.CharMatcher$1                                            : loaded 2 times (x 111B)
Class com.google.common.base.CharMatcher$NamedFastMatcher                             : loaded 2 times (x 110B)
Class kotlin.jvm.internal.CallableReference$NoReceiver                                : loaded 2 times (x 69B)
Class kotlin.text.StringsKt__StringBuilderKt                                          : loaded 2 times (x 69B)
Class build_1xkjtccjl0scf15uv1t3cay5w$_run_closure1                                   : loaded 2 times (x 137B)
Class org.jetbrains.kotlin.gradle.plugin.mpp.InternalKotlinTargetKt$special$$inlined$extrasStoredFuture$1: loaded 2 times (x 77B)
Class org.jetbrains.kotlin.compilerRunner.UsesCompilerSystemPropertiesService         : loaded 2 times (x 68B)
Class org.jetbrains.kotlin.gradle.plugin.mpp.compilationImpl.KotlinCompilationSourceSetInclusion$Companion: loaded 2 times (x 69B)
Class com.google.common.collect.RangeSet                                              : loaded 2 times (x 68B)
Class org.jetbrains.kotlin.konan.target.KonanTarget$WATCHOS_DEVICE_ARM64              : loaded 2 times (x 76B)
Class org.jetbrains.kotlin.gradle.plugin.diagnostics.checkers.MissingNativeStdlibChecker$runChecks$1: loaded 2 times (x 86B)
Class [Lorg.jetbrains.kotlin.gradle.plugin.sources.android.AndroidVariantType;        : loaded 2 times (x 67B)
Class org.jetbrains.kotlin.gradle.plugin.sources.android.AndroidVariantType           : loaded 2 times (x 77B)
Class org.jetbrains.kotlin.gradle.plugin.mpp.KotlinTargetSoftwareComponent            : loaded 2 times (x 87B)
Class org.jetbrains.kotlin.gradle.plugin.mpp.KotlinVariant                            : loaded 2 times (x 99B)
Class org.jetbrains.kotlin.gradle.targets.native.ConfigureFrameworkExportSideEffectKt : loaded 2 times (x 69B)
Class org.jetbrains.kotlin.gradle.utils.WhenPluginEnabledKt                           : loaded 2 times (x 69B)
Class org.jetbrains.kotlin.tooling.core.ExtrasProperty                                : loaded 2 times (x 68B)
Class org.jetbrains.kotlin.gradle.plugin.VariantImplementationFactories               : loaded 2 times (x 73B)
Class com.google.common.cache.LocalCache$EntryFactory$2                               : loaded 2 times (x 81B)
Class org.gradle.api.internal.classpath.GlobalCacheRootsProvider                      : loaded 2 times (x 68B)
Class kotlin.Lazy                                                                     : loaded 2 times (x 68B)
Class kotlin.NoWhenBranchMatchedException                                             : loaded 2 times (x 80B)
Class build_calxi05e3zjgfvq2jbyzsw64s                                                 : loaded 2 times (x 178B)
Class org.jetbrains.kotlin.tooling.core.Extras$Entry$Companion                        : loaded 2 times (x 69B)
Class com.google.common.collect.CollectCollectors                                     : loaded 2 times (x 69B)
Class org.jetbrains.kotlin.gradle.targets.js.dsl.KotlinWasmWasiTargetDsl              : loaded 2 times (x 68B)
Class org.jetbrains.kotlin.gradle.plugin.diagnostics.checkers.DisabledNativeTargetsChecker: loaded 2 times (x 72B)
Class org.jetbrains.kotlin.gradle.plugin.mpp.compilationImpl.KotlinCreateSourcesJarTaskSideEffectKt$KotlinCreateSourcesJarTaskSideEffect$1: loaded 2 times (x 72B)
Class org.jetbrains.kotlin.gradle.internal.CompilerArgumentAware                      : loaded 2 times (x 68B)
Class org.jetbrains.kotlin.gradle.utils.ReportUtilsKt                                 : loaded 2 times (x 69B)
Class org.jetbrains.kotlin.gradle.utils.StoredLazyProperty                            : loaded 2 times (x 73B)
Class org.objectweb.asm.ModuleWriter                                                  : loaded 2 times (x 80B)
Class com.google.common.cache.LocalCache$EntryFactory$3                               : loaded 2 times (x 81B)
Class com.google.common.base.Ticker$1                                                 : loaded 2 times (x 70B)
Class com.google.common.collect.ImmutableMapEntrySet$RegularEntrySet                  : loaded 2 times (x 149B)
Class com.google.common.collect.Maps$BiMapConverter                                   : loaded 2 times (x 88B)
Class [Lkotlin.jvm.functions.Function1;                                               : loaded 2 times (x 67B)
Class Native_plugin_loader_gradle$NativePluginLoader                                  : loaded 2 times (x 70B)
Class com.google.common.collect.CollectSpliterators$1                                 : loaded 2 times (x 88B)
Class org.jetbrains.kotlin.gradle.tasks.K2MultiplatformStructure_Decorated            : loaded 2 times (x 133B)
Class org.jetbrains.kotlin.compilerRunner.GradleCompilerRunner                        : loaded 2 times (x 71B)
Class org.jetbrains.kotlin.gradle.plugin.statistics.KotlinBuildStatisticsUtilsKt      : loaded 2 times (x 69B)
Class com.google.common.collect.SetMultimap                                           : loaded 2 times (x 68B)
Class org.jetbrains.kotlin.gradle.dsl.AndroidMainSourceSetConventionsChecker$runChecks$1: loaded 2 times (x 86B)
Class org.jetbrains.kotlin.gradle.plugin.sources.FragmentConsistencyChecks            : loaded 2 times (x 70B)
Class org.jetbrains.kotlin.gradle.plugin.mpp.InternalKotlinTargetComponent            : loaded 2 times (x 91B)
Class org.jetbrains.kotlin.gradle.targets.CreateDefaultTestRunSideEffectKt$special$$inlined$KotlinTargetSideEffect$1: loaded 2 times (x 72B)
Class org.jetbrains.kotlin.gradle.utils.ProviderApiUtilsKt                            : loaded 2 times (x 69B)
Class org.jetbrains.kotlin.gradle.internal.properties.NativePropertiesLoader$forceDisableRunningInProcess$1: loaded 2 times (x 73B)
Class org.jetbrains.kotlin.gradle.utils.PersistentCachesKt                            : loaded 2 times (x 69B)
Class org.jetbrains.kotlin.gradle.internal.tasks.TaskWithLocalState                   : loaded 2 times (x 68B)
Class org.jetbrains.kotlin.statistics.metrics.BooleanMetrics                          : loaded 2 times (x 78B)
Class org.jetbrains.kotlin.gradle.internal.properties.PropertiesBuildService$Params   : loaded 2 times (x 68B)
Class com.google.common.cache.LocalCache$EntryFactory$4                               : loaded 2 times (x 81B)
Class com.google.common.collect.ImmutableSet$Builder                                  : loaded 2 times (x 83B)
Class com.google.common.base.CharMatcher$InRange                                      : loaded 2 times (x 109B)
Class kotlin.sequences.ConstrainedOnceSequence                                        : loaded 2 times (x 73B)
Class com.google.common.collect.ReverseOrdering                                       : loaded 2 times (x 113B)
Class com.google.common.io.ByteStreams$1                                              : loaded 2 times (x 83B)
Class org.jetbrains.kotlin.gradle.plugin.sources.KotlinDependencyScopeKt$WhenMappings : loaded 2 times (x 69B)
Class org.jetbrains.kotlin.gradle.tasks.K2MultiplatformCompilationTask                : loaded 2 times (x 68B)
Class org.jetbrains.kotlin.gradle.plugin.diagnostics.checkers.OverriddenKotlinNativeHomeChecker$StdlibExistenceCheckerValueSource$Inject: loaded 2 times (x 107B)
Class org.jetbrains.kotlin.gradle.utils.ConfigurationsKt$maybeCreateDependencyScope$1 : loaded 2 times (x 76B)
Class org.jetbrains.kotlin.gradle.plugin.sources.FragmentConsistencyChecks$languageVersionCheck$1: loaded 2 times (x 77B)
Class org.jetbrains.kotlin.gradle.plugin.mpp.DecoratedKotlinCompilation               : loaded 2 times (x 189B)
Class org.jetbrains.kotlin.gradle.plugin.diagnostics.checkers.ExperimentalTryNextUsageChecker: loaded 2 times (x 72B)
Class [Lorg.jetbrains.kotlin.gradle.plugin.diagnostics.ToolingDiagnostic$Severity;    : loaded 2 times (x 67B)
Class [Lorg.jetbrains.kotlin.gradle.plugin.KotlinPlatformType;                        : loaded 2 times (x 67B)
Class org.jetbrains.kotlin.gradle.plugin.statistics.UsesBuildFusService               : loaded 2 times (x 68B)
Class org.jetbrains.kotlin.gradle.plugin.statistics.old.Pre232IdeaKotlinBuildStatsBeanService: loaded 2 times (x 93B)
Class org.jetbrains.kotlin.statistics.metrics.NumberOverridePolicy$AVERAGE            : loaded 2 times (x 83B)
Class org.jetbrains.kotlin.gradle.plugin.VariantImplementationFactories$Parameters$Inject: loaded 2 times (x 104B)
Class com.google.common.cache.LocalCache$EntryFactory$5                               : loaded 2 times (x 81B)
Class kotlin.jvm.internal.markers.KMappedMarker                                       : loaded 2 times (x 68B)
Class com.google.common.base.Converter                                                : loaded 2 times (x 88B)
Class com.google.common.collect.HashMultimap                                          : loaded 2 times (x 172B)
Class org.jetbrains.kotlin.gradle.plugin.mpp.MppSourcesJarKt$sourcesJarTaskNamed$result$1: loaded 2 times (x 77B)
Class org.jetbrains.kotlin.gradle.tasks.configuration.BaseKotlinCompileConfig$1       : loaded 2 times (x 77B)
Class org.jetbrains.kotlin.gradle.plugin.UsesBuildFinishedListenerService             : loaded 2 times (x 68B)
Class org.jetbrains.kotlin.gradle.plugin.mpp.compilationImpl.factory.ConfigurationNaming$Default: loaded 2 times (x 73B)
Class org.jetbrains.kotlin.gradle.plugin.mpp.compilationImpl.KotlinCompilationSourceSetInclusion: loaded 2 times (x 70B)
Class org.jetbrains.kotlin.gradle.targets.jvm.KotlinJvmTarget                         : loaded 2 times (x 170B)
Class org.jetbrains.kotlin.gradle.targets.js.dsl.KotlinWasmJsTargetDsl                : loaded 2 times (x 68B)
Class org.jetbrains.kotlin.gradle.plugin.diagnostics.checkers.DisabledNativeTargetsChecker$runChecks$1: loaded 2 times (x 86B)
Class org.jetbrains.kotlin.gradle.plugin.KotlinPluginLifecycleImpl$await$2$1          : loaded 2 times (x 77B)
Class org.jetbrains.kotlin.gradle.plugin.sources.DefaultLanguageSettingsBuilder       : loaded 2 times (x 98B)
Class org.jetbrains.kotlin.gradle.plugin.sources.FragmentConsistencyChecks$languageVersionCheck$2: loaded 2 times (x 76B)
Class org.jetbrains.kotlin.gradle.targets.CreateTargetConfigurationsSideEffectKt$CreateTargetConfigurationsSideEffect$1: loaded 2 times (x 72B)
Class org.jetbrains.kotlin.gradle.dsl.KotlinTargetContainerWithPresetFunctions        : loaded 2 times (x 68B)
Class org.jetbrains.kotlin.gradle.utils.GradleConfigurationUtilsKt                    : loaded 2 times (x 69B)
Class org.jetbrains.kotlin.gradle.plugin.StatisticsBuildFlowManager$subscribeForBuildResult$1: loaded 2 times (x 73B)
Class org.jetbrains.kotlin.gradle.plugin.internal.CustomPropertiesFileValueSource$Parameters: loaded 2 times (x 68B)
Class com.google.common.cache.LocalCache$EntryFactory$6                               : loaded 2 times (x 81B)
Class org.gradle.internal.installation.CurrentGradleInstallationLocator               : loaded 2 times (x 69B)
Class build_56mjm76onbvmmbyl6m54zoply                                                 : loaded 2 times (x 178B)
Class com.google.common.io.ByteSource$SlicedByteSource                                : loaded 2 times (x 83B)
Class com.google.common.collect.ImmutableMultimap$Builder                             : loaded 2 times (x 81B)
Class org.objectweb.asm.ClassReader                                                   : loaded 2 times (x 91B)
Class org.jetbrains.kotlin.gradle.tasks.DefaultKotlinJavaToolchain$getToolsJarFromJvm$1: loaded 2 times (x 73B)
Class org.jetbrains.kotlin.build.report.metrics.GcMetrics                             : loaded 2 times (x 70B)
Class org.jetbrains.kotlin.gradle.plugin.diagnostics.UsesKotlinToolingDiagnosticsKt   : loaded 2 times (x 69B)
Class org.jetbrains.kotlin.gradle.tasks.configuration.BaseKotlinCompileConfig$2       : loaded 2 times (x 77B)
Class org.jetbrains.kotlin.gradle.plugin.BuildFinishedListenerService$Companion$registerIfAbsent$2$1$1: loaded 2 times (x 73B)
Class com.google.common.collect.Maps$KeySet                                           : loaded 2 times (x 135B)
Class org.jetbrains.kotlin.konan.target.KonanTarget$IOS_X64                           : loaded 2 times (x 76B)
Class org.jetbrains.kotlin.gradle.plugin.mpp.InternalKotlinCompilation                : loaded 2 times (x 68B)
Class org.jetbrains.kotlin.gradle.utils.WhenEvaluatedKt                               : loaded 2 times (x 69B)
Class org.jetbrains.kotlin.gradle.targets.native.internal.AddKotlinPlatformIntegersSupportLibraryKt: loaded 2 times (x 69B)
Class org.jetbrains.kotlin.gradle.plugin.AbstractKotlinJsPluginWrapper                : loaded 2 times (x 84B)
Class org.jetbrains.kotlin.gradle.plugin.KotlinPluginWrapperKt                        : loaded 2 times (x 69B)
Class com.google.common.cache.LocalCache$EntryFactory$7                               : loaded 2 times (x 81B)
Class com.google.common.collect.ImmutableSet$EmptySetBuilderImpl                      : loaded 2 times (x 74B)
Class com.google.common.collect.ImmutableList                                         : loaded 2 times (x 204B)
Class org.gradle.internal.service.DefaultServiceLocator                               : loaded 2 times (x 81B)
Class kotlin.NotImplementedError                                                      : loaded 2 times (x 80B)
Class com.google.common.cache.LocalCache$SoftValueReference                           : loaded 2 times (x 95B)
Class com.google.common.collect.ImmutableMultimap$EntryCollection                     : loaded 2 times (x 125B)
Class com.google.common.collect.Maps$EntrySet                                         : loaded 2 times (x 134B)
Class org.jetbrains.kotlin.gradle.tasks.KotlinCompile$scriptExtensions$1              : loaded 2 times (x 77B)
Class org.jetbrains.kotlin.gradle.tasks.K2MultiplatformStructure$Fragment             : loaded 2 times (x 70B)
Class org.jetbrains.kotlin.compilerRunner.CompilerSystemPropertiesService$Companion$registerIfAbsent$1: loaded 2 times (x 73B)
Class org.jetbrains.kotlin.util.capitalizeDecapitalize.CapitalizeDecapitalizeKt       : loaded 2 times (x 69B)
Class org.jetbrains.kotlin.gradle.plugin.diagnostics.checkers.WasmJsEnvironmentChecker: loaded 2 times (x 74B)
Class org.jetbrains.kotlin.gradle.plugin.diagnostics.checkers.AndroidPluginWithoutAndroidTargetChecker: loaded 2 times (x 72B)
Class org.jetbrains.kotlin.statistics.metrics.NumberOverridePolicy                    : loaded 2 times (x 83B)
Class org.jetbrains.kotlin.statistics.metrics.StringAnonymizationPolicy$AllowedListAnonymizer$Companion: loaded 2 times (x 69B)
Class org.jetbrains.kotlin.gradle.plugin.internal.DefaultProjectIsolationStartParameterAccessor_Decorated: loaded 2 times (x 123B)
Class org.jetbrains.kotlin.gradle.plugin.internal.ProjectIsolationStartParameterAccessorKt: loaded 2 times (x 69B)
Class org.jetbrains.kotlin.gradle.testing.internal.KotlinTestsRegistry                : loaded 2 times (x 70B)
Class com.google.common.cache.LocalCache$EntryFactory$8                               : loaded 2 times (x 81B)
Class com.google.common.collect.ImmutableSet$SetBuilderImpl                           : loaded 2 times (x 74B)
Class org.gradle.internal.installation.CurrentGradleInstallation                      : loaded 2 times (x 71B)
Class build_4eahhwmb64zn249cg9k45xrio                                                 : loaded 2 times (x 178B)
Class org.objectweb.asm.Opcodes                                                       : loaded 2 times (x 68B)
Class org.jetbrains.kotlin.gradle.tasks.KotlinCompilerExecutionStrategy               : loaded 2 times (x 77B)
Class org.jetbrains.kotlin.gradle.plugin.mpp.InternalKotlinCompilationKt$awaitAllKotlinSourceSets$1: loaded 2 times (x 86B)
Class org.jetbrains.kotlin.gradle.plugin.statistics.FusMetrics                        : loaded 2 times (x 68B)
Class org.jetbrains.kotlin.gradle.plugin.sources.DefaultKotlinSourceSet$special$$inlined$Iterable$1: loaded 2 times (x 77B)
Class org.jetbrains.kotlin.gradle.plugin.mpp.compilationImpl.factory.KotlinCompilationImplFactory$KotlinCompilerOptionsFactory$Options: loaded 2 times (x 70B)
Class org.jetbrains.kotlin.gradle.plugin.KotlinCompilation                            : loaded 2 times (x 68B)
Class org.jetbrains.kotlin.gradle.plugin.KotlinTargetConfiguratorKt                   : loaded 2 times (x 69B)
Class org.jetbrains.kotlin.tooling.core.Extras$Type$Companion                         : loaded 2 times (x 69B)
Class com.google.common.cache.CacheLoader$1                                           : loaded 2 times (x 73B)
Class com.google.common.collect.ImmutableList$SubList                                 : loaded 2 times (x 206B)
Class org.gradle.util.internal.GUtil                                                  : loaded 2 times (x 69B)
Class kotlin.io.NoSuchFileException                                                   : loaded 2 times (x 80B)
Class kotlin.collections.CollectionsKt                                                : loaded 2 times (x 69B)
Class com.google.common.io.ByteSource                                                 : loaded 2 times (x 82B)
Class org.jetbrains.kotlin.gradle.plugin.mpp.InternalKotlinTargetKt$isSourcesPublishableFuture$2: loaded 2 times (x 93B)
Class org.jetbrains.kotlin.gradle.plugin.mpp.KotlinCompilationFactory                 : loaded 2 times (x 68B)
Class org.jetbrains.kotlin.gradle.dsl.IosSourceSetConventionChecker$runChecks$1       : loaded 2 times (x 86B)
Class org.jetbrains.kotlin.gradle.plugin.mpp.AbstractKotlinCompilation                : loaded 2 times (x 189B)
Class org.jetbrains.kotlin.gradle.plugin.diagnostics.checkers.UnusedSourceSetsChecker : loaded 2 times (x 72B)
Class org.jetbrains.kotlin.gradle.utils.Future                                        : loaded 2 times (x 68B)
Class org.jetbrains.kotlin.gradle.plugin.BuildFinishFlowAction$Parameters             : loaded 2 times (x 68B)
Class org.jetbrains.kotlin.gradle.plugin.statistics.KotlinBuildStatsConfiguration$Companion: loaded 2 times (x 69B)
Class com.google.common.util.concurrent.AbstractFuture$SetFuture                      : loaded 2 times (x 73B)
Class com.google.common.cache.AbstractCache$StatsCounter                              : loaded 2 times (x 68B)
Class build_un849e6z6ngen6qoyjii3rwi$_run_closure1                                    : loaded 2 times (x 137B)
Class com.google.common.io.LineBuffer                                                 : loaded 2 times (x 73B)
Class com.google.common.collect.MapMakerInternalMap$1                                 : loaded 2 times (x 81B)
Class org.objectweb.asm.Context                                                       : loaded 2 times (x 70B)
Class org.jetbrains.kotlin.gradle.plugin.mpp.KotlinTargetSoftwareComponentImplKt      : loaded 2 times (x 69B)
Class org.jetbrains.kotlin.gradle.targets.js.dsl.KotlinJsSubTargetContainerDsl        : loaded 2 times (x 68B)
Class org.jetbrains.kotlin.tooling.core.MutableExtrasImpl$Companion                   : loaded 2 times (x 69B)
Class org.jetbrains.kotlin.gradle.plugin.KotlinGradleBuildServices$Companion$registerIfAbsent$1: loaded 2 times (x 73B)
Class org.jetbrains.kotlin.statistics.fileloggers.MetricsContainer                    : loaded 2 times (x 75B)
Class org.jetbrains.kotlin.gradle.plugin.internal.ProjectIsolationStartParameterAccessor: loaded 2 times (x 68B)
Class org.jetbrains.kotlin.gradle.utils.StoredProperty                                : loaded 2 times (x 68B)
Class com.google.common.collect.Iterators$MergingIterator                             : loaded 2 times (x 79B)
Class com.google.common.collect.RegularImmutableSet                                   : loaded 2 times (x 146B)
Class org.gradle.internal.installation.GradleInstallation                             : loaded 2 times (x 73B)
Class kotlin.collections.CollectionsKt__IteratorsJVMKt$iterator$1                     : loaded 2 times (x 77B)
Class build_1xkjtccjl0scf15uv1t3cay5w$_run_closure1$_closure2                         : loaded 2 times (x 137B)
Class com.google.common.collect.LexicographicalOrdering                               : loaded 2 times (x 113B)
Class org.jetbrains.kotlin.gradle.dsl.KotlinJvmCompile$DefaultImpls                   : loaded 2 times (x 69B)
Class com.google.common.collect.ElementTypesAreNonnullByDefault                       : loaded 2 times (x 68B)
Class org.jetbrains.kotlin.gradle.plugin.mpp.compilationImpl.factory.KotlinCompilationImplFactory$create$1: loaded 2 times (x 73B)
Class org.jetbrains.kotlin.gradle.tasks.KotlinJavaToolchain                           : loaded 2 times (x 68B)
Class org.jetbrains.kotlin.gradle.plugin.BuildFinishFlowAction                        : loaded 2 times (x 72B)
Class org.jetbrains.kotlin.statistics.metrics.BooleanMetrics$Companion                : loaded 2 times (x 69B)
Class org.jetbrains.kotlin.gradle.plugin.internal.CompatibilityConventionRegistrar    : loaded 2 times (x 68B)
Class com.google.common.collect.Iterables                                             : loaded 2 times (x 69B)
Class com.google.common.base.Splitter$Strategy                                        : loaded 2 times (x 68B)
Class kotlin.jvm.KotlinReflectionNotSupportedError                                    : loaded 2 times (x 80B)
Class org.jetbrains.kotlin.gradle.plugin.mpp.KotlinJvmCompilation                     : loaded 2 times (x 198B)
Class org.jetbrains.kotlin.gradle.plugin.KotlinCompilation$Companion                  : loaded 2 times (x 69B)
Class com.google.common.collect.Lists$RandomAccessReverseList                         : loaded 2 times (x 198B)
Class org.jetbrains.kotlin.konan.target.KonanTarget$WATCHOS_ARM64                     : loaded 2 times (x 76B)
Class org.jetbrains.kotlin.konan.target.KonanTarget$MACOS_ARM64                       : loaded 2 times (x 76B)
Class org.jetbrains.kotlin.gradle.plugin.diagnostics.checkers.OverriddenKotlinNativeHomeChecker: loaded 2 times (x 72B)
Class org.jetbrains.kotlin.gradle.artifacts.KotlinJvmJarArtifactKt$KotlinJvmJarArtifact$1: loaded 2 times (x 72B)
Class org.jetbrains.kotlin.gradle.artifacts.KotlinLegacyCompatibilityMetadataArtifactKt: loaded 2 times (x 69B)
Class org.jetbrains.kotlin.gradle.targets.native.SetupEmbedAndSignAppleFrameworkTaskSideEffectKt: loaded 2 times (x 69B)
Class org.jetbrains.kotlin.gradle.plugin.KotlinProjectSetupActionKt$KotlinProjectSetupCoroutine$1: loaded 2 times (x 73B)
Class org.jetbrains.kotlin.gradle.dsl.ToolchainSupport$Companion                      : loaded 2 times (x 69B)
Class org.jetbrains.kotlin.gradle.plugin.KotlinSourceSet                              : loaded 2 times (x 68B)

---------------  S Y S T E M  ---------------

OS:
 Windows 11 , 64 bit Build 26100 (10.0.26100.8875)
OS uptime: 0 days 10:51 hours
Hyper-V role detected

CPU: total 12 (initial active 12) (12 cores per cpu, 2 threads per core) family 25 model 97 stepping 2 microcode 0xa601206, cx8, cmov, fxsr, ht, mmx, 3dnowpref, sse, sse2, sse3, ssse3, sse4a, sse4.1, sse4.2, popcnt, lzcnt, tsc, tscinvbit, avx, avx2, aes, erms, clmul, bmi1, bmi2, adx, avx512f, avx512dq, avx512cd, avx512bw, avx512vl, sha, fma, vzeroupper, avx512_vpopcntdq, avx512_vpclmulqdq, avx512_vaes, avx512_vnni, clflush, clflushopt, avx512_vbmi2, avx512_vbmi, hv, rdtscp, rdpid, fsrm, gfni, avx512_bitalg, f16c, cet_ss, avx512_ifma
Processor Information for the first 12 processors :
  Max Mhz: 3801, Current Mhz: 3801, Mhz Limit: 3801

Memory: 4k page, system-wide physical 31861M (7942M free)
TotalPageFile size 61656M (AvailPageFile size 10M)
current process WorkingSet (physical memory assigned to process): 2840M, peak: 2840M
current process commit charge ("private bytes"): 3008M, peak: 3008M

vm_info: OpenJDK 64-Bit Server VM (21.0.7+-13880790-b1038.58) for windows-amd64 JRE (21.0.7+-13880790-b1038.58), built on 2025-08-04T20:56:21Z by "builder" with MS VC++ 16.10 / 16.11 (VS2019)

END.
